po_line_id,po_id,line_number,product_id,ordered_qty,received_qty,unit_cost,line_base_cost,discount_pct,tax_rate_pct,created_at,po_number,order_date,expected_delivery_date,actual_delivery_date,status,currency_code,store_id,created_by,supplier_id,supplier_name,supplier_code,product_sku,product_name,category
1,1,1,119,91,86,2.87,261.17,0.0,8.0,2024-01-01 09:00:00,PO-00001,2024-01-01,2024-01-06,2024-01-08,SENT,SGD,1,procurement.mgr,2,Evergreen Produce Importers,EVERGR-002,SKU-00119,FrostyFoods Frozen Peas,Frozen
2,1,2,114,70,64,19.1,1337.0,0.0,8.0,2024-01-01 14:00:00,PO-00001,2024-01-01,2024-01-06,2024-01-08,SENT,SGD,1,procurement.mgr,2,Evergreen Produce Importers,EVERGR-002,SKU-00114,FrostyFoods Frozen Pizza,Frozen
3,1,3,43,17,16,32.91,559.47,0.0,8.0,2024-01-01 13:00:00,PO-00001,2024-01-01,2024-01-06,2024-01-08,SENT,SGD,1,procurement.mgr,2,Evergreen Produce Importers,EVERGR-002,SKU-00043,SeaHarvest Salmon Fillet,Seafood
4,2,1,71,26,25,18.31,476.06,2.0,8.0,2024-01-01 17:00:00,PO-00002,2024-01-01,2024-01-04,2024-01-05,RECEIVED,SGD,1,inventory.bot,1,Lion City Foods Pte Ltd,LIONCI-001,SKU-00071,ButcherSelect Pork Chops,Meat
5,2,2,84,71,68,16.11,1143.81,0.0,8.0,2024-01-01 13:00:00,PO-00002,2024-01-01,2024-01-04,2024-01-05,RECEIVED,SGD,1,inventory.bot,1,Lion City Foods Pte Ltd,LIONCI-001,SKU-00084,ArcticFresh Fish Fillets,Frozen
6,2,3,83,37,35,14.16,523.92,3.0,8.0,2024-01-01 09:00:00,PO-00002,2024-01-01,2024-01-04,2024-01-05,RECEIVED,SGD,1,inventory.bot,1,Lion City Foods Pte Ltd,LIONCI-001,SKU-00083,SeaHarvest Prawns,Seafood
7,2,4,148,185,176,1.74,321.9,0.0,8.0,2024-01-01 13:00:00,PO-00002,2024-01-01,2024-01-04,2024-01-05,RECEIVED,SGD,1,inventory.bot,1,Lion City Foods Pte Ltd,LIONCI-001,SKU-00148,SnackTime Trail Mix,Snacks
8,2,5,54,33,30,14.08,464.64,0.0,8.0,2024-01-01 10:00:00,PO-00002,2024-01-01,2024-01-04,2024-01-05,RECEIVED,SGD,1,inventory.bot,1,Lion City Foods Pte Ltd,LIONCI-001,SKU-00054,ButcherSelect Chicken Breast,Meat
9,2,6,30,97,89,8.06,781.82,0.0,8.0,2024-01-01 10:00:00,PO-00002,2024-01-01,2024-01-04,2024-01-05,RECEIVED,SGD,1,inventory.bot,1,Lion City Foods Pte Ltd,LIONCI-001,SKU-00030,DailyBake Muffins,Bakery
10,2,7,138,91,88,33.63,3060.33,3.0,8.0,2024-01-01 17:00:00,PO-00002,2024-01-01,2024-01-04,2024-01-05,RECEIVED,SGD,1,inventory.bot,1,Lion City Foods Pte Ltd,LIONCI-001,SKU-00138,BlueOcean Fish Fingers,Seafood
11,3,1,104,191,173,5.57,1063.87,0.0,8.0,2024-01-02 15:00:00,PO-00003,2024-01-02,2024-01-06,2024-01-08,CLOSED,SGD,1,store.manager,9,Fresh & Crisp Snacks,FRESHC-009,SKU-00104,ThirstQuench Apple Juice,Beverages
12,3,2,131,77,70,5.54,426.58,0.0,8.0,2024-01-02 09:00:00,PO-00003,2024-01-02,2024-01-06,2024-01-08,CLOSED,SGD,1,store.manager,9,Fresh & Crisp Snacks,FRESHC-009,SKU-00131,ArcticFresh Frozen Pizza,Frozen
13,3,3,88,79,78,23.62,1865.98,3.0,8.0,2024-01-02 17:00:00,PO-00003,2024-01-02,2024-01-06,2024-01-08,CLOSED,SGD,1,store.manager,9,Fresh & Crisp Snacks,FRESHC-009,SKU-00088,SeaHarvest Squid Rings,Seafood
14,3,4,58,84,79,12.77,1072.68,5.0,8.0,2024-01-02 08:00:00,PO-00003,2024-01-02,2024-01-06,2024-01-08,CLOSED,SGD,1,store.manager,9,Fresh & Crisp Snacks,FRESHC-009,SKU-00058,GardenFresh Tomatoes,Produce
15,3,5,115,77,76,1.46,112.42,0.0,8.0,2024-01-02 13:00:00,PO-00003,2024-01-02,2024-01-06,2024-01-08,CLOSED,SGD,1,store.manager,9,Fresh & Crisp Snacks,FRESHC-009,SKU-00115,GoldenLoaf Muffins,Bakery
16,3,6,24,194,184,7.94,1540.36,0.0,8.0,2024-01-02 15:00:00,PO-00003,2024-01-02,2024-01-06,2024-01-08,CLOSED,SGD,1,store.manager,9,Fresh & Crisp Snacks,FRESHC-009,SKU-00024,CoolSip Green Tea,Beverages
17,3,7,28,66,65,0.93,61.38,5.0,8.0,2024-01-02 09:00:00,PO-00003,2024-01-02,2024-01-06,2024-01-08,CLOSED,SGD,1,store.manager,9,Fresh & Crisp Snacks,FRESHC-009,SKU-00028,CitrusBurst Cola,Beverages
18,4,1,9,62,57,18.44,1143.28,2.0,8.0,2024-01-02 14:00:00,PO-00004,2024-01-02,2024-01-12,2024-01-15,SENT,SGD,1,procurement.mgr,1,Lion City Foods Pte Ltd,LIONCI-001,SKU-00009,PrimeChoice Pork Chops,Meat
19,4,2,49,248,242,4.49,1113.52,3.0,8.0,2024-01-02 08:00:00,PO-00004,2024-01-02,2024-01-12,2024-01-15,SENT,SGD,1,procurement.mgr,1,Lion City Foods Pte Ltd,LIONCI-001,SKU-00049,HappySnacks Potato Chips,Snacks
20,4,3,84,100,93,16.52,1652.0,0.0,8.0,2024-01-02 13:00:00,PO-00004,2024-01-02,2024-01-12,2024-01-15,SENT,SGD,1,procurement.mgr,1,Lion City Foods Pte Ltd,LIONCI-001,SKU-00084,ArcticFresh Fish Fillets,Frozen
21,4,4,73,25,23,11.21,280.25,2.0,8.0,2024-01-02 12:00:00,PO-00004,2024-01-02,2024-01-12,2024-01-15,SENT,SGD,1,procurement.mgr,1,Lion City Foods Pte Ltd,LIONCI-001,SKU-00073,SeaHarvest Fish Fingers,Seafood
22,5,1,41,116,112,9.27,1075.32,0.0,8.0,2024-01-08 16:00:00,PO-00005,2024-01-08,2024-01-22,2024-01-24,RECEIVED,SGD,1,system.auto,2,Evergreen Produce Importers,EVERGR-002,SKU-00041,SparklePro Paper Towels,Household
23,5,2,75,31,30,11.31,350.61,0.0,8.0,2024-01-08 08:00:00,PO-00005,2024-01-08,2024-01-22,2024-01-24,RECEIVED,SGD,1,system.auto,2,Evergreen Produce Importers,EVERGR-002,SKU-00075,FrostyFoods Frozen Pizza,Frozen
24,5,3,22,61,57,4.26,259.86,0.0,8.0,2024-01-08 15:00:00,PO-00005,2024-01-08,2024-01-22,2024-01-24,RECEIVED,SGD,1,system.auto,2,Evergreen Produce Importers,EVERGR-002,SKU-00022,HarmonyCare Hand Soap,Personal Care
25,5,4,144,54,50,19.09,1030.86,0.0,8.0,2024-01-08 12:00:00,PO-00005,2024-01-08,2024-01-22,2024-01-24,RECEIVED,SGD,1,system.auto,2,Evergreen Produce Importers,EVERGR-002,SKU-00144,MeadowFresh Yogurt,Dairy
26,5,5,116,32,30,4.24,135.68,5.0,8.0,2024-01-08 16:00:00,PO-00005,2024-01-08,2024-01-22,2024-01-24,RECEIVED,SGD,1,system.auto,2,Evergreen Produce Importers,EVERGR-002,SKU-00116,FrostyFoods Fish Fillets,Frozen
27,5,6,43,19,18,34.28,651.32,3.0,8.0,2024-01-08 10:00:00,PO-00005,2024-01-08,2024-01-22,2024-01-24,RECEIVED,SGD,1,system.auto,2,Evergreen Produce Importers,EVERGR-002,SKU-00043,SeaHarvest Salmon Fillet,Seafood
28,5,7,119,96,90,2.69,258.24,5.0,8.0,2024-01-08 17:00:00,PO-00005,2024-01-08,2024-01-22,2024-01-24,RECEIVED,SGD,1,system.auto,2,Evergreen Produce Importers,EVERGR-002,SKU-00119,FrostyFoods Frozen Peas,Frozen
29,5,8,137,41,40,6.53,267.73,0.0,8.0,2024-01-08 11:00:00,PO-00005,2024-01-08,2024-01-22,2024-01-24,RECEIVED,SGD,1,system.auto,2,Evergreen Produce Importers,EVERGR-002,SKU-00137,GoldenLoaf Wholemeal Bread,Bakery
30,6,1,64,91,84,32.19,2929.29,3.0,8.0,2024-01-08 14:00:00,PO-00006,2024-01-08,2024-01-18,2024-01-18,RECEIVED,SGD,1,inventory.bot,5,Sunrise Dairy Supplies,SUNRIS-005,SKU-00064,SeaHarvest Salmon Fillet,Seafood
31,6,2,125,40,39,5.95,238.0,0.0,8.0,2024-01-08 12:00:00,PO-00006,2024-01-08,2024-01-18,2024-01-18,RECEIVED,SGD,1,inventory.bot,5,Sunrise Dairy Supplies,SUNRIS-005,SKU-00125,GreenFields Apples,Produce
32,6,3,97,26,25,3.15,81.9,3.0,8.0,2024-01-08 09:00:00,PO-00006,2024-01-08,2024-01-18,2024-01-18,RECEIVED,SGD,1,inventory.bot,5,Sunrise Dairy Supplies,SUNRIS-005,SKU-00097,GreenFields Apples,Produce
33,6,4,46,172,169,18.61,3200.92,0.0,8.0,2024-01-08 12:00:00,PO-00006,2024-01-08,2024-01-18,2024-01-18,RECEIVED,SGD,1,inventory.bot,5,Sunrise Dairy Supplies,SUNRIS-005,SKU-00046,ThirstQuench Apple Juice,Beverages
34,6,5,105,77,76,7.11,547.47,2.0,8.0,2024-01-08 09:00:00,PO-00006,2024-01-08,2024-01-18,2024-01-18,RECEIVED,SGD,1,inventory.bot,5,Sunrise Dairy Supplies,SUNRIS-005,SKU-00105,FrostyFoods Ice Cream,Frozen
35,6,6,113,37,36,8.75,323.75,0.0,8.0,2024-01-08 14:00:00,PO-00006,2024-01-08,2024-01-18,2024-01-18,RECEIVED,SGD,1,inventory.bot,5,Sunrise Dairy Supplies,SUNRIS-005,SKU-00113,SeaHarvest Salmon Fillet,Seafood
36,6,7,40,36,34,1.77,63.72,2.0,8.0,2024-01-08 09:00:00,PO-00006,2024-01-08,2024-01-18,2024-01-18,RECEIVED,SGD,1,inventory.bot,5,Sunrise Dairy Supplies,SUNRIS-005,SKU-00040,MeadowFresh Butter,Dairy
37,7,1,58,80,78,12.21,976.8,5.0,8.0,2024-01-09 15:00:00,PO-00007,2024-01-09,2024-01-17,2024-01-17,RECEIVED,SGD,1,system.auto,9,Fresh & Crisp Snacks,FRESHC-009,SKU-00058,GardenFresh Tomatoes,Produce
38,7,2,17,72,69,10.34,744.48,0.0,8.0,2024-01-09 12:00:00,PO-00007,2024-01-09,2024-01-17,2024-01-17,RECEIVED,SGD,1,system.auto,9,Fresh & Crisp Snacks,FRESHC-009,SKU-00017,ButcherSelect Chicken Breast,Meat
39,7,3,104,95,93,5.6,532.0,5.0,8.0,2024-01-09 17:00:00,PO-00007,2024-01-09,2024-01-17,2024-01-17,RECEIVED,SGD,1,system.auto,9,Fresh & Crisp Snacks,FRESHC-009,SKU-00104,ThirstQuench Apple Juice,Beverages
40,8,1,130,73,66,20.59,1503.07,2.0,8.0,2024-01-15 17:00:00,PO-00008,2024-01-15,2024-01-22,2024-01-21,RECEIVED,SGD,1,procurement.mgr,1,Lion City Foods Pte Ltd,LIONCI-001,SKU-00130,ButcherSelect Minced Beef,Meat
41,8,2,54,17,16,14.71,250.07,5.0,8.0,2024-01-15 10:00:00,PO-00008,2024-01-15,2024-01-22,2024-01-21,RECEIVED,SGD,1,procurement.mgr,1,Lion City Foods Pte Ltd,LIONCI-001,SKU-00054,ButcherSelect Chicken Breast,Meat
42,8,3,49,124,117,4.61,571.64,0.0,8.0,2024-01-15 17:00:00,PO-00008,2024-01-15,2024-01-22,2024-01-21,RECEIVED,SGD,1,procurement.mgr,1,Lion City Foods Pte Ltd,LIONCI-001,SKU-00049,HappySnacks Potato Chips,Snacks
43,9,1,104,131,128,5.48,717.88,5.0,8.0,2024-01-16 09:00:00,PO-00009,2024-01-16,2024-01-19,2024-01-21,RECEIVED,SGD,1,store.manager,9,Fresh & Crisp Snacks,FRESHC-009,SKU-00104,ThirstQuench Apple Juice,Beverages
44,9,2,17,57,52,9.79,558.03,0.0,8.0,2024-01-16 10:00:00,PO-00009,2024-01-16,2024-01-19,2024-01-21,RECEIVED,SGD,1,store.manager,9,Fresh & Crisp Snacks,FRESHC-009,SKU-00017,ButcherSelect Chicken Breast,Meat
45,9,3,87,79,79,1.19,94.01,0.0,8.0,2024-01-16 10:00:00,PO-00009,2024-01-16,2024-01-19,2024-01-21,RECEIVED,SGD,1,store.manager,9,Fresh & Crisp Snacks,FRESHC-009,SKU-00087,DailyBake Muffins,Bakery
46,9,4,58,28,27,13.23,370.44,0.0,8.0,2024-01-16 12:00:00,PO-00009,2024-01-16,2024-01-19,2024-01-21,RECEIVED,SGD,1,store.manager,9,Fresh & Crisp Snacks,FRESHC-009,SKU-00058,GardenFresh Tomatoes,Produce
47,9,5,115,45,41,1.41,63.45,0.0,8.0,2024-01-16 13:00:00,PO-00009,2024-01-16,2024-01-19,2024-01-21,RECEIVED,SGD,1,store.manager,9,Fresh & Crisp Snacks,FRESHC-009,SKU-00115,GoldenLoaf Muffins,Bakery
48,9,6,8,54,51,8.64,466.56,3.0,8.0,2024-01-16 15:00:00,PO-00009,2024-01-16,2024-01-19,2024-01-21,RECEIVED,SGD,1,store.manager,9,Fresh & Crisp Snacks,FRESHC-009,SKU-00008,PureGlow Toothpaste,Personal Care
49,9,7,28,104,94,0.91,94.64,0.0,8.0,2024-01-16 13:00:00,PO-00009,2024-01-16,2024-01-19,2024-01-21,RECEIVED,SGD,1,store.manager,9,Fresh & Crisp Snacks,FRESHC-009,SKU-00028,CitrusBurst Cola,Beverages
50,9,8,63,32,32,3.84,122.88,0.0,8.0,2024-01-16 13:00:00,PO-00009,2024-01-16,2024-01-19,2024-01-21,RECEIVED,SGD,1,store.manager,9,Fresh & Crisp Snacks,FRESHC-009,SKU-00063,CleanHome Trash Bags,Household
51,10,1,115,74,67,1.46,108.04,0.0,8.0,2024-01-16 16:00:00,PO-00010,2024-01-16,2024-01-30,2024-02-01,RECEIVED,SGD,1,store.manager,9,Fresh & Crisp Snacks,FRESHC-009,SKU-00115,GoldenLoaf Muffins,Bakery
52,10,2,65,52,48,13.25,689.0,5.0,8.0,2024-01-16 12:00:00,PO-00010,2024-01-16,2024-01-30,2024-02-01,RECEIVED,SGD,1,store.manager,9,Fresh & Crisp Snacks,FRESHC-009,SKU-00065,ButcherSelect Pork Chops,Meat
53,10,3,63,98,93,4.0,392.0,0.0,8.0,2024-01-16 15:00:00,PO-00010,2024-01-16,2024-01-30,2024-02-01,RECEIVED,SGD,1,store.manager,9,Fresh & Crisp Snacks,FRESHC-009,SKU-00063,CleanHome Trash Bags,Household
54,10,4,58,64,60,12.96,829.44,0.0,8.0,2024-01-16 17:00:00,PO-00010,2024-01-16,2024-01-30,2024-02-01,RECEIVED,SGD,1,store.manager,9,Fresh & Crisp Snacks,FRESHC-009,SKU-00058,GardenFresh Tomatoes,Produce
55,10,5,24,151,140,8.63,1303.13,0.0,8.0,2024-01-16 09:00:00,PO-00010,2024-01-16,2024-01-30,2024-02-01,RECEIVED,SGD,1,store.manager,9,Fresh & Crisp Snacks,FRESHC-009,SKU-00024,CoolSip Green Tea,Beverages
56,10,6,131,71,66,5.78,410.38,5.0,8.0,2024-01-16 10:00:00,PO-00010,2024-01-16,2024-01-30,2024-02-01,RECEIVED,SGD,1,store.manager,9,Fresh & Crisp Snacks,FRESHC-009,SKU-00131,ArcticFresh Frozen Pizza,Frozen
57,11,1,113,53,53,8.04,426.12,0.0,8.0,2024-01-22 15:00:00,PO-00011,2024-01-22,2024-01-27,2024-01-26,RECEIVED,SGD,1,store.manager,5,Sunrise Dairy Supplies,SUNRIS-005,SKU-00113,SeaHarvest Salmon Fillet,Seafood
58,11,2,122,62,58,17.46,1082.52,3.0,8.0,2024-01-22 10:00:00,PO-00011,2024-01-22,2024-01-27,2024-01-26,RECEIVED,SGD,1,store.manager,5,Sunrise Dairy Supplies,SUNRIS-005,SKU-00122,PureGlow Shampoo,Personal Care
59,11,3,97,87,81,2.98,259.26,0.0,8.0,2024-01-22 11:00:00,PO-00011,2024-01-22,2024-01-27,2024-01-26,RECEIVED,SGD,1,store.manager,5,Sunrise Dairy Supplies,SUNRIS-005,SKU-00097,GreenFields Apples,Produce
60,11,4,26,44,40,4.28,188.32,3.0,8.0,2024-01-22 14:00:00,PO-00011,2024-01-22,2024-01-27,2024-01-26,RECEIVED,SGD,1,store.manager,5,Sunrise Dairy Supplies,SUNRIS-005,SKU-00026,FarmHouse Milk,Dairy
61,12,1,64,26,24,31.18,810.68,0.0,8.0,2024-01-22 15:00:00,PO-00012,2024-01-22,2024-01-28,2024-01-31,RECEIVED,SGD,1,inventory.bot,5,Sunrise Dairy Supplies,SUNRIS-005,SKU-00064,SeaHarvest Salmon Fillet,Seafood
62,12,2,133,31,30,9.62,298.22,0.0,8.0,2024-01-22 13:00:00,PO-00012,2024-01-22,2024-01-28,2024-01-31,RECEIVED,SGD,1,inventory.bot,5,Sunrise Dairy Supplies,SUNRIS-005,SKU-00133,GoldenLoaf White Bread,Bakery
63,12,3,97,110,100,3.05,335.5,0.0,8.0,2024-01-22 10:00:00,PO-00012,2024-01-22,2024-01-28,2024-01-31,RECEIVED,SGD,1,inventory.bot,5,Sunrise Dairy Supplies,SUNRIS-005,SKU-00097,GreenFields Apples,Produce
64,13,1,139,132,132,9.82,1296.24,0.0,8.0,2024-01-22 09:00:00,PO-00013,2024-01-22,2024-02-01,2024-01-31,RECEIVED,SGD,1,store.manager,6,Blue Ocean Seafood Traders,BLUEOC-006,SKU-00139,MilkyWay Milk,Dairy
65,13,2,35,54,51,14.22,767.88,2.0,8.0,2024-01-22 16:00:00,PO-00013,2024-01-22,2024-02-01,2024-01-31,RECEIVED,SGD,1,store.manager,6,Blue Ocean Seafood Traders,BLUEOC-006,SKU-00035,PureGlow Hand Soap,Personal Care
66,13,3,89,72,70,15.6,1123.2,0.0,8.0,2024-01-22 10:00:00,PO-00013,2024-01-22,2024-02-01,2024-01-31,RECEIVED,SGD,1,store.manager,6,Blue Ocean Seafood Traders,BLUEOC-006,SKU-00089,GardenFresh Tomatoes,Produce
67,13,4,36,70,67,16.26,1138.2,5.0,8.0,2024-01-22 16:00:00,PO-00013,2024-01-22,2024-02-01,2024-01-31,RECEIVED,SGD,1,store.manager,6,Blue Ocean Seafood Traders,BLUEOC-006,SKU-00036,MeadowFresh Cheese,Dairy
68,13,5,15,108,99,16.9,1825.2,3.0,8.0,2024-01-22 17:00:00,PO-00013,2024-01-22,2024-02-01,2024-01-31,RECEIVED,SGD,1,store.manager,6,Blue Ocean Seafood Traders,BLUEOC-006,SKU-00015,CleanHome Trash Bags,Household
69,13,6,20,53,52,12.5,662.5,3.0,8.0,2024-01-22 08:00:00,PO-00013,2024-01-22,2024-02-01,2024-01-31,RECEIVED,SGD,1,store.manager,6,Blue Ocean Seafood Traders,BLUEOC-006,SKU-00020,FarmHouse Yogurt,Dairy
70,13,7,112,51,49,15.67,799.17,0.0,8.0,2024-01-22 13:00:00,PO-00013,2024-01-22,2024-02-01,2024-01-31,RECEIVED,SGD,1,store.manager,6,Blue Ocean Seafood Traders,BLUEOC-006,SKU-00112,CleanHome Laundry Detergent,Household
71,13,8,39,48,45,1.62,77.76,0.0,8.0,2024-01-22 09:00:00,PO-00013,2024-01-22,2024-02-01,2024-01-31,RECEIVED,SGD,1,store.manager,6,Blue Ocean Seafood Traders,BLUEOC-006,SKU-00039,FrostyFoods Ice Cream,Frozen
72,14,1,137,99,96,6.99,692.01,3.0,8.0,2024-01-23 13:00:00,PO-00014,2024-01-23,2024-02-05,2024-02-05,SENT,SGD,1,procurement.mgr,2,Evergreen Produce Importers,EVERGR-002,SKU-00137,GoldenLoaf Wholemeal Bread,Bakery
73,14,2,62,30,29,3.4,102.0,0.0,8.0,2024-01-23 09:00:00,PO-00014,2024-01-23,2024-02-05,2024-02-05,SENT,SGD,1,procurement.mgr,2,Evergreen Produce Importers,EVERGR-002,SKU-00062,SparklePro Trash Bags,Household
74,14,3,41,31,31,9.85,305.35,3.0,8.0,2024-01-23 12:00:00,PO-00014,2024-01-23,2024-02-05,2024-02-05,SENT,SGD,1,procurement.mgr,2,Evergreen Produce Importers,EVERGR-002,SKU-00041,SparklePro Paper Towels,Household
75,14,4,67,79,75,15.35,1212.65,3.0,8.0,2024-01-23 14:00:00,PO-00014,2024-01-23,2024-02-05,2024-02-05,SENT,SGD,1,procurement.mgr,2,Evergreen Produce Importers,EVERGR-002,SKU-00067,SeaHarvest Prawns,Seafood
76,14,5,119,99,93,2.82,279.18,2.0,8.0,2024-01-23 16:00:00,PO-00014,2024-01-23,2024-02-05,2024-02-05,SENT,SGD,1,procurement.mgr,2,Evergreen Produce Importers,EVERGR-002,SKU-00119,FrostyFoods Frozen Peas,Frozen
77,14,6,144,67,64,20.09,1346.03,0.0,8.0,2024-01-23 15:00:00,PO-00014,2024-01-23,2024-02-05,2024-02-05,SENT,SGD,1,procurement.mgr,2,Evergreen Produce Importers,EVERGR-002,SKU-00144,MeadowFresh Yogurt,Dairy
78,14,7,11,82,76,9.43,773.26,5.0,8.0,2024-01-23 14:00:00,PO-00014,2024-01-23,2024-02-05,2024-02-05,SENT,SGD,1,procurement.mgr,2,Evergreen Produce Importers,EVERGR-002,SKU-00011,CleanHome Paper Towels,Household
79,14,8,114,58,57,18.34,1063.72,5.0,8.0,2024-01-23 08:00:00,PO-00014,2024-01-23,2024-02-05,2024-02-05,SENT,SGD,1,procurement.mgr,2,Evergreen Produce Importers,EVERGR-002,SKU-00114,FrostyFoods Frozen Pizza,Frozen
80,15,1,68,62,59,12.61,781.82,0.0,8.0,2024-01-29 15:00:00,PO-00015,2024-01-29,2024-02-06,2024-02-07,RECEIVED,SGD,1,inventory.bot,4,Golden Harvest Grocers,GOLDEN-004,SKU-00068,PrimeChoice Chicken Breast,Meat
81,15,2,106,71,66,3.59,254.89,0.0,8.0,2024-01-29 08:00:00,PO-00015,2024-01-29,2024-02-06,2024-02-07,RECEIVED,SGD,1,inventory.bot,4,Golden Harvest Grocers,GOLDEN-004,SKU-00106,ThirstQuench Green Tea,Beverages
82,15,3,37,67,67,25.39,1701.13,2.0,8.0,2024-01-29 11:00:00,PO-00015,2024-01-29,2024-02-06,2024-02-07,RECEIVED,SGD,1,inventory.bot,4,Golden Harvest Grocers,GOLDEN-004,SKU-00037,BlueOcean Salmon Fillet,Seafood
83,15,4,48,60,59,15.85,951.0,5.0,8.0,2024-01-29 13:00:00,PO-00015,2024-01-29,2024-02-06,2024-02-07,RECEIVED,SGD,1,inventory.bot,4,Golden Harvest Grocers,GOLDEN-004,SKU-00048,SparklePro Laundry Detergent,Household
84,15,5,45,98,96,1.13,110.74,3.0,8.0,2024-01-29 15:00:00,PO-00015,2024-01-29,2024-02-06,2024-02-07,RECEIVED,SGD,1,inventory.bot,4,Golden Harvest Grocers,GOLDEN-004,SKU-00045,HappySnacks Potato Chips,Snacks
85,15,6,6,83,82,15.3,1269.9,0.0,8.0,2024-01-29 14:00:00,PO-00015,2024-01-29,2024-02-06,2024-02-07,RECEIVED,SGD,1,inventory.bot,4,Golden Harvest Grocers,GOLDEN-004,SKU-00006,GoldenLoaf White Bread,Bakery
86,16,1,49,187,168,4.38,819.06,0.0,8.0,2024-01-29 12:00:00,PO-00016,2024-01-29,2024-02-01,2024-02-02,CLOSED,SGD,1,inventory.bot,1,Lion City Foods Pte Ltd,LIONCI-001,SKU-00049,HappySnacks Potato Chips,Snacks
87,16,2,79,133,130,5.68,755.44,2.0,8.0,2024-01-29 08:00:00,PO-00016,2024-01-29,2024-02-01,2024-02-02,CLOSED,SGD,1,inventory.bot,1,Lion City Foods Pte Ltd,LIONCI-001,SKU-00079,CitrusBurst Green Tea,Beverages
88,16,3,70,195,186,19.49,3800.55,0.0,8.0,2024-01-29 09:00:00,PO-00016,2024-01-29,2024-02-01,2024-02-02,CLOSED,SGD,1,inventory.bot,1,Lion City Foods Pte Ltd,LIONCI-001,SKU-00070,HappySnacks Trail Mix,Snacks
89,16,4,9,64,61,18.17,1162.88,0.0,8.0,2024-01-29 17:00:00,PO-00016,2024-01-29,2024-02-01,2024-02-02,CLOSED,SGD,1,inventory.bot,1,Lion City Foods Pte Ltd,LIONCI-001,SKU-00009,PrimeChoice Pork Chops,Meat
90,17,1,35,40,37,14.06,562.4,2.0,8.0,2024-01-29 16:00:00,PO-00017,2024-01-29,2024-02-06,2024-02-07,SENT,SGD,1,store.manager,6,Blue Ocean Seafood Traders,BLUEOC-006,SKU-00035,PureGlow Hand Soap,Personal Care
91,17,2,20,35,33,12.39,433.65,0.0,8.0,2024-01-29 13:00:00,PO-00017,2024-01-29,2024-02-06,2024-02-07,SENT,SGD,1,store.manager,6,Blue Ocean Seafood Traders,BLUEOC-006,SKU-00020,FarmHouse Yogurt,Dairy
92,17,3,91,75,73,15.99,1199.25,0.0,8.0,2024-01-29 17:00:00,PO-00017,2024-01-29,2024-02-06,2024-02-07,SENT,SGD,1,store.manager,6,Blue Ocean Seafood Traders,BLUEOC-006,SKU-00091,PrimeChoice Chicken Breast,Meat
93,18,1,76,80,76,24.68,1974.4,0.0,8.0,2024-01-30 15:00:00,PO-00018,2024-01-30,2024-02-08,2024-02-11,RECEIVED,SGD,1,store.manager,7,Prime Choice Meats,PRIMEC-007,SKU-00076,PrimeChoice Sausages,Meat
94,18,2,53,44,41,9.2,404.8,2.0,8.0,2024-01-30 17:00:00,PO-00018,2024-01-30,2024-02-08,2024-02-11,RECEIVED,SGD,1,store.manager,7,Prime Choice Meats,PRIMEC-007,SKU-00053,CitrusBurst Orange Juice,Beverages
95,18,3,44,128,125,11.93,1527.04,5.0,8.0,2024-01-30 08:00:00,PO-00018,2024-01-30,2024-02-08,2024-02-11,RECEIVED,SGD,1,store.manager,7,Prime Choice Meats,PRIMEC-007,SKU-00044,CrunchyBite Potato Chips,Snacks
96,18,4,21,74,70,29.15,2157.1,3.0,8.0,2024-01-30 17:00:00,PO-00018,2024-01-30,2024-02-08,2024-02-11,RECEIVED,SGD,1,store.manager,7,Prime Choice Meats,PRIMEC-007,SKU-00021,SeaHarvest Prawns,Seafood
97,19,1,144,35,34,20.21,707.35,0.0,8.0,2024-02-05 08:00:00,PO-00019,2024-02-05,2024-02-16,2024-02-19,CLOSED,SGD,1,procurement.mgr,2,Evergreen Produce Importers,EVERGR-002,SKU-00144,MeadowFresh Yogurt,Dairy
98,19,2,119,76,71,2.68,203.68,5.0,8.0,2024-02-05 11:00:00,PO-00019,2024-02-05,2024-02-16,2024-02-19,CLOSED,SGD,1,procurement.mgr,2,Evergreen Produce Importers,EVERGR-002,SKU-00119,FrostyFoods Frozen Peas,Frozen
99,19,3,43,36,34,33.41,1202.76,2.0,8.0,2024-02-05 08:00:00,PO-00019,2024-02-05,2024-02-16,2024-02-19,CLOSED,SGD,1,procurement.mgr,2,Evergreen Produce Importers,EVERGR-002,SKU-00043,SeaHarvest Salmon Fillet,Seafood
100,20,1,36,76,70,16.63,1263.88,5.0,8.0,2024-02-05 12:00:00,PO-00020,2024-02-05,2024-02-10,2024-02-12,SENT,SGD,1,store.manager,6,Blue Ocean Seafood Traders,BLUEOC-006,SKU-00036,MeadowFresh Cheese,Dairy
101,20,2,112,143,138,15.49,2215.07,0.0,8.0,2024-02-05 12:00:00,PO-00020,2024-02-05,2024-02-10,2024-02-12,SENT,SGD,1,store.manager,6,Blue Ocean Seafood Traders,BLUEOC-006,SKU-00112,CleanHome Laundry Detergent,Household
102,20,3,89,64,63,14.81,947.84,0.0,8.0,2024-02-05 12:00:00,PO-00020,2024-02-05,2024-02-10,2024-02-12,SENT,SGD,1,store.manager,6,Blue Ocean Seafood Traders,BLUEOC-006,SKU-00089,GardenFresh Tomatoes,Produce
103,20,4,95,122,114,3.65,445.3,5.0,8.0,2024-02-05 15:00:00,PO-00020,2024-02-05,2024-02-10,2024-02-12,SENT,SGD,1,store.manager,6,Blue Ocean Seafood Traders,BLUEOC-006,SKU-00095,FarmHouse Yogurt,Dairy
104,20,5,39,60,60,1.55,93.0,3.0,8.0,2024-02-05 12:00:00,PO-00020,2024-02-05,2024-02-10,2024-02-12,SENT,SGD,1,store.manager,6,Blue Ocean Seafood Traders,BLUEOC-006,SKU-00039,FrostyFoods Ice Cream,Frozen
105,20,6,139,67,64,9.81,657.27,5.0,8.0,2024-02-05 16:00:00,PO-00020,2024-02-05,2024-02-10,2024-02-12,SENT,SGD,1,store.manager,6,Blue Ocean Seafood Traders,BLUEOC-006,SKU-00139,MilkyWay Milk,Dairy
106,20,7,35,63,62,14.47,911.61,2.0,8.0,2024-02-05 13:00:00,PO-00020,2024-02-05,2024-02-10,2024-02-12,SENT,SGD,1,store.manager,6,Blue Ocean Seafood Traders,BLUEOC-006,SKU-00035,PureGlow Hand Soap,Personal Care
107,21,1,64,22,22,31.82,700.04,3.0,8.0,2024-02-05 12:00:00,PO-00021,2024-02-05,2024-02-13,2024-02-15,RECEIVED,SGD,1,inventory.bot,5,Sunrise Dairy Supplies,SUNRIS-005,SKU-00064,SeaHarvest Salmon Fillet,Seafood
108,21,2,26,48,44,4.53,217.44,0.0,8.0,2024-02-05 11:00:00,PO-00021,2024-02-05,2024-02-13,2024-02-15,RECEIVED,SGD,1,inventory.bot,5,Sunrise Dairy Supplies,SUNRIS-005,SKU-00026,FarmHouse Milk,Dairy
109,21,3,133,26,25,9.22,239.72,5.0,8.0,2024-02-05 11:00:00,PO-00021,2024-02-05,2024-02-13,2024-02-15,RECEIVED,SGD,1,inventory.bot,5,Sunrise Dairy Supplies,SUNRIS-005,SKU-00133,GoldenLoaf White Bread,Bakery
110,21,4,33,26,24,11.22,291.72,2.0,8.0,2024-02-05 09:00:00,PO-00021,2024-02-05,2024-02-13,2024-02-15,RECEIVED,SGD,1,inventory.bot,5,Sunrise Dairy Supplies,SUNRIS-005,SKU-00033,GoldenLoaf White Bread,Bakery
111,22,1,15,102,95,15.64,1595.28,0.0,8.0,2024-02-06 17:00:00,PO-00022,2024-02-06,2024-02-19,2024-02-21,CLOSED,SGD,1,procurement.mgr,6,Blue Ocean Seafood Traders,BLUEOC-006,SKU-00015,CleanHome Trash Bags,Household
112,22,2,112,79,75,16.34,1290.86,0.0,8.0,2024-02-06 10:00:00,PO-00022,2024-02-06,2024-02-19,2024-02-21,CLOSED,SGD,1,procurement.mgr,6,Blue Ocean Seafood Traders,BLUEOC-006,SKU-00112,CleanHome Laundry Detergent,Household
113,22,3,35,68,67,13.47,915.96,0.0,8.0,2024-02-06 14:00:00,PO-00022,2024-02-06,2024-02-19,2024-02-21,CLOSED,SGD,1,procurement.mgr,6,Blue Ocean Seafood Traders,BLUEOC-006,SKU-00035,PureGlow Hand Soap,Personal Care
114,22,4,91,78,72,16.36,1276.08,0.0,8.0,2024-02-06 08:00:00,PO-00022,2024-02-06,2024-02-19,2024-02-21,CLOSED,SGD,1,procurement.mgr,6,Blue Ocean Seafood Traders,BLUEOC-006,SKU-00091,PrimeChoice Chicken Breast,Meat
115,23,1,127,29,27,13.13,380.77,5.0,8.0,2024-02-12 12:00:00,PO-00023,2024-02-12,2024-02-17,2024-02-20,CLOSED,SGD,1,store.manager,8,CleanHome Household Products,CLEANH-008,SKU-00127,HarmonyCare Body Wash,Personal Care
116,23,2,18,125,115,5.12,640.0,0.0,8.0,2024-02-12 17:00:00,PO-00023,2024-02-12,2024-02-17,2024-02-20,CLOSED,SGD,1,store.manager,8,CleanHome Household Products,CLEANH-008,SKU-00018,MilkyWay Yogurt,Dairy
117,23,3,117,44,40,12.67,557.48,2.0,8.0,2024-02-12 14:00:00,PO-00023,2024-02-12,2024-02-17,2024-02-20,CLOSED,SGD,1,store.manager,8,CleanHome Household Products,CLEANH-008,SKU-00117,FrostyFoods Fish Fillets,Frozen
118,23,4,99,96,90,15.06,1445.76,0.0,8.0,2024-02-12 10:00:00,PO-00023,2024-02-12,2024-02-17,2024-02-20,CLOSED,SGD,1,store.manager,8,CleanHome Household Products,CLEANH-008,SKU-00099,FarmHouse Butter,Dairy
119,23,5,121,26,25,5.28,137.28,0.0,8.0,2024-02-12 12:00:00,PO-00023,2024-02-12,2024-02-17,2024-02-20,CLOSED,SGD,1,store.manager,8,CleanHome Household Products,CLEANH-008,SKU-00121,GardenFresh Apples,Produce
120,23,6,123,64,59,24.32,1556.48,0.0,8.0,2024-02-12 12:00:00,PO-00023,2024-02-12,2024-02-17,2024-02-20,CLOSED,SGD,1,store.manager,8,CleanHome Household Products,CLEANH-008,SKU-00123,PureGlow Hand Soap,Personal Care
121,23,7,146,204,198,8.04,1640.16,5.0,8.0,2024-02-12 13:00:00,PO-00023,2024-02-12,2024-02-17,2024-02-20,CLOSED,SGD,1,store.manager,8,CleanHome Household Products,CLEANH-008,SKU-00146,SnackTime Trail Mix,Snacks
122,24,1,139,113,112,9.99,1128.87,3.0,8.0,2024-02-12 11:00:00,PO-00024,2024-02-12,2024-02-19,2024-02-19,CLOSED,SGD,1,store.manager,6,Blue Ocean Seafood Traders,BLUEOC-006,SKU-00139,MilkyWay Milk,Dairy
123,24,2,20,59,59,12.95,764.05,2.0,8.0,2024-02-12 17:00:00,PO-00024,2024-02-12,2024-02-19,2024-02-19,CLOSED,SGD,1,store.manager,6,Blue Ocean Seafood Traders,BLUEOC-006,SKU-00020,FarmHouse Yogurt,Dairy
124,24,3,95,78,73,3.78,294.84,2.0,8.0,2024-02-12 16:00:00,PO-00024,2024-02-12,2024-02-19,2024-02-19,CLOSED,SGD,1,store.manager,6,Blue Ocean Seafood Traders,BLUEOC-006,SKU-00095,FarmHouse Yogurt,Dairy
125,25,1,85,87,82,13.67,1189.29,3.0,8.0,2024-02-13 16:00:00,PO-00025,2024-02-13,2024-02-24,2024-02-26,SENT,SGD,1,store.manager,10,Harmony Personal Care,HARMON-010,SKU-00085,PureGlow Body Wash,Personal Care
126,25,2,120,45,42,10.99,494.55,0.0,8.0,2024-02-13 10:00:00,PO-00025,2024-02-13,2024-02-24,2024-02-26,SENT,SGD,1,store.manager,10,Harmony Personal Care,HARMON-010,SKU-00120,GoldenLoaf Wholemeal Bread,Bakery
127,25,3,110,56,52,10.99,615.44,2.0,8.0,2024-02-13 09:00:00,PO-00025,2024-02-13,2024-02-24,2024-02-26,SENT,SGD,1,store.manager,10,Harmony Personal Care,HARMON-010,SKU-00110,HarmonyCare Hand Soap,Personal Care
128,25,4,16,92,83,7.06,649.52,2.0,8.0,2024-02-13 09:00:00,PO-00025,2024-02-13,2024-02-24,2024-02-26,SENT,SGD,1,store.manager,10,Harmony Personal Care,HARMON-010,SKU-00016,CitrusBurst Apple Juice,Beverages
129,26,1,133,22,21,9.48,208.56,5.0,8.0,2024-02-13 11:00:00,PO-00026,2024-02-13,2024-02-23,2024-02-26,RECEIVED,SGD,1,inventory.bot,5,Sunrise Dairy Supplies,SUNRIS-005,SKU-00133,GoldenLoaf White Bread,Bakery
130,26,2,26,106,96,4.39,465.34,5.0,8.0,2024-02-13 09:00:00,PO-00026,2024-02-13,2024-02-23,2024-02-26,RECEIVED,SGD,1,inventory.bot,5,Sunrise Dairy Supplies,SUNRIS-005,SKU-00026,FarmHouse Milk,Dairy
131,26,3,97,62,62,3.17,196.54,0.0,8.0,2024-02-13 15:00:00,PO-00026,2024-02-13,2024-02-23,2024-02-26,RECEIVED,SGD,1,inventory.bot,5,Sunrise Dairy Supplies,SUNRIS-005,SKU-00097,GreenFields Apples,Produce
132,26,4,40,35,33,1.73,60.55,0.0,8.0,2024-02-13 14:00:00,PO-00026,2024-02-13,2024-02-23,2024-02-26,RECEIVED,SGD,1,inventory.bot,5,Sunrise Dairy Supplies,SUNRIS-005,SKU-00040,MeadowFresh Butter,Dairy
133,26,5,105,67,67,7.28,487.76,2.0,8.0,2024-02-13 14:00:00,PO-00026,2024-02-13,2024-02-23,2024-02-26,RECEIVED,SGD,1,inventory.bot,5,Sunrise Dairy Supplies,SUNRIS-005,SKU-00105,FrostyFoods Ice Cream,Frozen
134,26,6,72,30,29,18.63,558.9,3.0,8.0,2024-02-13 10:00:00,PO-00026,2024-02-13,2024-02-23,2024-02-26,RECEIVED,SGD,1,inventory.bot,5,Sunrise Dairy Supplies,SUNRIS-005,SKU-00072,FrostyFoods Frozen Peas,Frozen
135,27,1,12,74,72,4.77,352.98,3.0,8.0,2024-02-13 14:00:00,PO-00027,2024-02-13,2024-02-18,2024-02-18,RECEIVED,SGD,1,system.auto,3,Pacific Beverages & Co.,PACIFI-003,SKU-00012,PureGlow Toothpaste,Personal Care
136,27,2,23,49,45,13.6,666.4,0.0,8.0,2024-02-13 11:00:00,PO-00027,2024-02-13,2024-02-18,2024-02-18,RECEIVED,SGD,1,system.auto,3,Pacific Beverages & Co.,PACIFI-003,SKU-00023,FrostyFoods Frozen Peas,Frozen
137,27,3,101,48,43,14.64,702.72,3.0,8.0,2024-02-13 08:00:00,PO-00027,2024-02-13,2024-02-18,2024-02-18,RECEIVED,SGD,1,system.auto,3,Pacific Beverages & Co.,PACIFI-003,SKU-00101,SparklePro Dishwashing Liquid,Household
138,27,4,81,101,93,18.7,1888.7,0.0,8.0,2024-02-13 15:00:00,PO-00027,2024-02-13,2024-02-18,2024-02-18,RECEIVED,SGD,1,system.auto,3,Pacific Beverages & Co.,PACIFI-003,SKU-00081,ThirstQuench Cola,Beverages
139,27,5,107,67,65,11.64,779.88,0.0,8.0,2024-02-13 08:00:00,PO-00027,2024-02-13,2024-02-18,2024-02-18,RECEIVED,SGD,1,system.auto,3,Pacific Beverages & Co.,PACIFI-003,SKU-00107,GardenFresh Lettuce,Produce
140,28,1,87,96,94,1.23,118.08,0.0,8.0,2024-02-19 12:00:00,PO-00028,2024-02-19,2024-03-01,2024-03-02,RECEIVED,SGD,1,store.manager,9,Fresh & Crisp Snacks,FRESHC-009,SKU-00087,DailyBake Muffins,Bakery
141,28,2,28,76,76,0.9,68.4,2.0,8.0,2024-02-19 12:00:00,PO-00028,2024-02-19,2024-03-01,2024-03-02,RECEIVED,SGD,1,store.manager,9,Fresh & Crisp Snacks,FRESHC-009,SKU-00028,CitrusBurst Cola,Beverages
142,28,3,8,50,45,8.61,430.5,5.0,8.0,2024-02-19 10:00:00,PO-00028,2024-02-19,2024-03-01,2024-03-02,RECEIVED,SGD,1,store.manager,9,Fresh & Crisp Snacks,FRESHC-009,SKU-00008,PureGlow Toothpaste,Personal Care
143,28,4,24,200,194,8.28,1656.0,0.0,8.0,2024-02-19 13:00:00,PO-00028,2024-02-19,2024-03-01,2024-03-02,RECEIVED,SGD,1,store.manager,9,Fresh & Crisp Snacks,FRESHC-009,SKU-00024,CoolSip Green Tea,Beverages
144,29,1,72,58,57,17.68,1025.44,2.0,8.0,2024-02-19 08:00:00,PO-00029,2024-02-19,2024-02-24,2024-02-27,CLOSED,SGD,1,procurement.mgr,5,Sunrise Dairy Supplies,SUNRIS-005,SKU-00072,FrostyFoods Frozen Peas,Frozen
145,29,2,105,91,86,7.31,665.21,3.0,8.0,2024-02-19 10:00:00,PO-00029,2024-02-19,2024-02-24,2024-02-27,CLOSED,SGD,1,procurement.mgr,5,Sunrise Dairy Supplies,SUNRIS-005,SKU-00105,FrostyFoods Ice Cream,Frozen
146,29,3,69,69,64,2.32,160.08,5.0,8.0,2024-02-19 09:00:00,PO-00029,2024-02-19,2024-02-24,2024-02-27,CLOSED,SGD,1,procurement.mgr,5,Sunrise Dairy Supplies,SUNRIS-005,SKU-00069,FrostyFoods Frozen Pizza,Frozen
147,29,4,133,77,76,8.82,679.14,5.0,8.0,2024-02-19 11:00:00,PO-00029,2024-02-19,2024-02-24,2024-02-27,CLOSED,SGD,1,procurement.mgr,5,Sunrise Dairy Supplies,SUNRIS-005,SKU-00133,GoldenLoaf White Bread,Bakery
148,29,5,113,13,12,8.58,111.54,3.0,8.0,2024-02-19 08:00:00,PO-00029,2024-02-19,2024-02-24,2024-02-27,CLOSED,SGD,1,procurement.mgr,5,Sunrise Dairy Supplies,SUNRIS-005,SKU-00113,SeaHarvest Salmon Fillet,Seafood
149,29,6,40,143,130,1.84,263.12,3.0,8.0,2024-02-19 16:00:00,PO-00029,2024-02-19,2024-02-24,2024-02-27,CLOSED,SGD,1,procurement.mgr,5,Sunrise Dairy Supplies,SUNRIS-005,SKU-00040,MeadowFresh Butter,Dairy
150,29,7,97,33,31,3.15,103.95,0.0,8.0,2024-02-19 12:00:00,PO-00029,2024-02-19,2024-02-24,2024-02-27,CLOSED,SGD,1,procurement.mgr,5,Sunrise Dairy Supplies,SUNRIS-005,SKU-00097,GreenFields Apples,Produce
151,29,8,46,43,40,18.43,792.49,5.0,8.0,2024-02-19 09:00:00,PO-00029,2024-02-19,2024-02-24,2024-02-27,CLOSED,SGD,1,procurement.mgr,5,Sunrise Dairy Supplies,SUNRIS-005,SKU-00046,ThirstQuench Apple Juice,Beverages
152,30,1,36,115,108,15.95,1834.25,3.0,8.0,2024-02-20 15:00:00,PO-00030,2024-02-20,2024-02-28,2024-02-29,CLOSED,SGD,1,inventory.bot,6,Blue Ocean Seafood Traders,BLUEOC-006,SKU-00036,MeadowFresh Cheese,Dairy
153,30,2,126,159,145,18.16,2887.44,2.0,8.0,2024-02-20 13:00:00,PO-00030,2024-02-20,2024-02-28,2024-02-29,CLOSED,SGD,1,inventory.bot,6,Blue Ocean Seafood Traders,BLUEOC-006,SKU-00126,ThirstQuench Orange Juice,Beverages
154,30,3,139,149,137,10.01,1491.49,0.0,8.0,2024-02-20 17:00:00,PO-00030,2024-02-20,2024-02-28,2024-02-29,CLOSED,SGD,1,inventory.bot,6,Blue Ocean Seafood Traders,BLUEOC-006,SKU-00139,MilkyWay Milk,Dairy
155,30,4,91,43,42,15.19,653.17,3.0,8.0,2024-02-20 17:00:00,PO-00030,2024-02-20,2024-02-28,2024-02-29,CLOSED,SGD,1,inventory.bot,6,Blue Ocean Seafood Traders,BLUEOC-006,SKU-00091,PrimeChoice Chicken Breast,Meat
156,30,5,20,106,103,12.71,1347.26,0.0,8.0,2024-02-20 13:00:00,PO-00030,2024-02-20,2024-02-28,2024-02-29,CLOSED,SGD,1,inventory.bot,6,Blue Ocean Seafood Traders,BLUEOC-006,SKU-00020,FarmHouse Yogurt,Dairy
157,30,6,39,49,46,1.6,78.4,2.0,8.0,2024-02-20 16:00:00,PO-00030,2024-02-20,2024-02-28,2024-02-29,CLOSED,SGD,1,inventory.bot,6,Blue Ocean Seafood Traders,BLUEOC-006,SKU-00039,FrostyFoods Ice Cream,Frozen
158,31,1,80,291,268,3.39,986.49,5.0,8.0,2024-02-20 08:00:00,PO-00031,2024-02-20,2024-02-25,2024-02-25,SENT,SGD,1,inventory.bot,3,Pacific Beverages & Co.,PACIFI-003,SKU-00080,CrunchyBite Potato Chips,Snacks
159,31,2,61,87,87,10.98,955.26,0.0,8.0,2024-02-20 08:00:00,PO-00031,2024-02-20,2024-02-25,2024-02-25,SENT,SGD,1,inventory.bot,3,Pacific Beverages & Co.,PACIFI-003,SKU-00061,FrostyFoods Frozen Pizza,Frozen
160,31,3,86,15,14,2.68,40.2,5.0,8.0,2024-02-20 11:00:00,PO-00031,2024-02-20,2024-02-25,2024-02-25,SENT,SGD,1,inventory.bot,3,Pacific Beverages & Co.,PACIFI-003,SKU-00086,HarmonyCare Toothpaste,Personal Care
161,31,4,107,20,19,11.45,229.0,0.0,8.0,2024-02-20 11:00:00,PO-00031,2024-02-20,2024-02-25,2024-02-25,SENT,SGD,1,inventory.bot,3,Pacific Beverages & Co.,PACIFI-003,SKU-00107,GardenFresh Lettuce,Produce
162,31,5,103,84,83,15.98,1342.32,0.0,8.0,2024-02-20 17:00:00,PO-00031,2024-02-20,2024-02-25,2024-02-25,SENT,SGD,1,inventory.bot,3,Pacific Beverages & Co.,PACIFI-003,SKU-00103,ArcticFresh Frozen Pizza,Frozen
163,31,6,23,98,94,14.38,1409.24,5.0,8.0,2024-02-20 15:00:00,PO-00031,2024-02-20,2024-02-25,2024-02-25,SENT,SGD,1,inventory.bot,3,Pacific Beverages & Co.,PACIFI-003,SKU-00023,FrostyFoods Frozen Peas,Frozen
164,31,7,145,15,15,0.93,13.95,3.0,8.0,2024-02-20 14:00:00,PO-00031,2024-02-20,2024-02-25,2024-02-25,SENT,SGD,1,inventory.bot,3,Pacific Beverages & Co.,PACIFI-003,SKU-00145,GreenFields Tomatoes,Produce
165,31,8,101,23,22,13.71,315.33,5.0,8.0,2024-02-20 12:00:00,PO-00031,2024-02-20,2024-02-25,2024-02-25,SENT,SGD,1,inventory.bot,3,Pacific Beverages & Co.,PACIFI-003,SKU-00101,SparklePro Dishwashing Liquid,Household
166,32,1,9,39,38,17.26,673.14,0.0,8.0,2024-02-20 12:00:00,PO-00032,2024-02-20,2024-02-25,2024-02-24,RECEIVED,SGD,1,procurement.mgr,1,Lion City Foods Pte Ltd,LIONCI-001,SKU-00009,PrimeChoice Pork Chops,Meat
167,32,2,74,141,128,6.23,878.43,2.0,8.0,2024-02-20 17:00:00,PO-00032,2024-02-20,2024-02-25,2024-02-24,RECEIVED,SGD,1,procurement.mgr,1,Lion City Foods Pte Ltd,LIONCI-001,SKU-00074,CitrusBurst Orange Juice,Beverages
168,32,3,84,51,51,15.83,807.33,5.0,8.0,2024-02-20 09:00:00,PO-00032,2024-02-20,2024-02-25,2024-02-24,RECEIVED,SGD,1,procurement.mgr,1,Lion City Foods Pte Ltd,LIONCI-001,SKU-00084,ArcticFresh Fish Fillets,Frozen
169,32,4,83,51,51,14.87,758.37,0.0,8.0,2024-02-20 09:00:00,PO-00032,2024-02-20,2024-02-25,2024-02-24,RECEIVED,SGD,1,procurement.mgr,1,Lion City Foods Pte Ltd,LIONCI-001,SKU-00083,SeaHarvest Prawns,Seafood
170,32,5,71,66,62,19.16,1264.56,0.0,8.0,2024-02-20 08:00:00,PO-00032,2024-02-20,2024-02-25,2024-02-24,RECEIVED,SGD,1,procurement.mgr,1,Lion City Foods Pte Ltd,LIONCI-001,SKU-00071,ButcherSelect Pork Chops,Meat
171,33,1,95,58,53,3.91,226.78,5.0,8.0,2024-02-26 17:00:00,PO-00033,2024-02-26,2024-03-09,2024-03-08,SENT,SGD,1,system.auto,6,Blue Ocean Seafood Traders,BLUEOC-006,SKU-00095,FarmHouse Yogurt,Dairy
172,33,2,91,75,74,15.59,1169.25,0.0,8.0,2024-02-26 12:00:00,PO-00033,2024-02-26,2024-03-09,2024-03-08,SENT,SGD,1,system.auto,6,Blue Ocean Seafood Traders,BLUEOC-006,SKU-00091,PrimeChoice Chicken Breast,Meat
173,33,3,89,62,57,15.21,943.02,0.0,8.0,2024-02-26 10:00:00,PO-00033,2024-02-26,2024-03-09,2024-03-08,SENT,SGD,1,system.auto,6,Blue Ocean Seafood Traders,BLUEOC-006,SKU-00089,GardenFresh Tomatoes,Produce
174,34,1,26,138,136,4.5,621.0,3.0,8.0,2024-02-27 13:00:00,PO-00034,2024-02-27,2024-03-02,2024-03-03,RECEIVED,SGD,1,procurement.mgr,5,Sunrise Dairy Supplies,SUNRIS-005,SKU-00026,FarmHouse Milk,Dairy
175,34,2,46,138,135,18.34,2530.92,5.0,8.0,2024-02-27 09:00:00,PO-00034,2024-02-27,2024-03-02,2024-03-03,RECEIVED,SGD,1,procurement.mgr,5,Sunrise Dairy Supplies,SUNRIS-005,SKU-00046,ThirstQuench Apple Juice,Beverages
176,34,3,113,42,41,8.3,348.6,0.0,8.0,2024-02-27 14:00:00,PO-00034,2024-02-27,2024-03-02,2024-03-03,RECEIVED,SGD,1,procurement.mgr,5,Sunrise Dairy Supplies,SUNRIS-005,SKU-00113,SeaHarvest Salmon Fillet,Seafood
177,34,4,40,60,59,1.76,105.6,3.0,8.0,2024-02-27 17:00:00,PO-00034,2024-02-27,2024-03-02,2024-03-03,RECEIVED,SGD,1,procurement.mgr,5,Sunrise Dairy Supplies,SUNRIS-005,SKU-00040,MeadowFresh Butter,Dairy
178,34,5,72,70,70,18.01,1260.7,5.0,8.0,2024-02-27 12:00:00,PO-00034,2024-02-27,2024-03-02,2024-03-03,RECEIVED,SGD,1,procurement.mgr,5,Sunrise Dairy Supplies,SUNRIS-005,SKU-00072,FrostyFoods Frozen Peas,Frozen
179,35,1,140,28,27,22.13,619.64,0.0,8.0,2024-03-04 12:00:00,PO-00035,2024-03-04,2024-03-09,2024-03-12,CLOSED,SGD,1,system.auto,10,Harmony Personal Care,HARMON-010,SKU-00140,BlueOcean Squid Rings,Seafood
180,35,2,57,59,55,25.62,1511.58,0.0,8.0,2024-03-04 14:00:00,PO-00035,2024-03-04,2024-03-09,2024-03-12,CLOSED,SGD,1,system.auto,10,Harmony Personal Care,HARMON-010,SKU-00057,CleanHome Laundry Detergent,Household
181,35,3,82,138,129,2.4,331.2,0.0,8.0,2024-03-04 15:00:00,PO-00035,2024-03-04,2024-03-09,2024-03-12,CLOSED,SGD,1,system.auto,10,Harmony Personal Care,HARMON-010,SKU-00082,CrunchyBite Trail Mix,Snacks
182,35,4,110,61,60,10.19,621.59,0.0,8.0,2024-03-04 10:00:00,PO-00035,2024-03-04,2024-03-09,2024-03-12,CLOSED,SGD,1,system.auto,10,Harmony Personal Care,HARMON-010,SKU-00110,HarmonyCare Hand Soap,Personal Care
183,35,5,85,70,66,14.3,1001.0,2.0,8.0,2024-03-04 09:00:00,PO-00035,2024-03-04,2024-03-09,2024-03-12,CLOSED,SGD,1,system.auto,10,Harmony Personal Care,HARMON-010,SKU-00085,PureGlow Body Wash,Personal Care
184,35,6,132,34,31,19.31,656.54,3.0,8.0,2024-03-04 17:00:00,PO-00035,2024-03-04,2024-03-09,2024-03-12,CLOSED,SGD,1,system.auto,10,Harmony Personal Care,HARMON-010,SKU-00132,FarmHouse Milk,Dairy
185,36,1,16,83,81,6.66,552.78,0.0,8.0,2024-03-04 12:00:00,PO-00036,2024-03-04,2024-03-15,2024-03-15,SENT,SGD,1,procurement.mgr,10,Harmony Personal Care,HARMON-010,SKU-00016,CitrusBurst Apple Juice,Beverages
186,36,2,82,185,178,2.41,445.85,0.0,8.0,2024-03-04 14:00:00,PO-00036,2024-03-04,2024-03-15,2024-03-15,SENT,SGD,1,procurement.mgr,10,Harmony Personal Care,HARMON-010,SKU-00082,CrunchyBite Trail Mix,Snacks
187,36,3,85,50,50,14.11,705.5,2.0,8.0,2024-03-04 09:00:00,PO-00036,2024-03-04,2024-03-15,2024-03-15,SENT,SGD,1,procurement.mgr,10,Harmony Personal Care,HARMON-010,SKU-00085,PureGlow Body Wash,Personal Care
188,36,4,120,66,66,10.64,702.24,0.0,8.0,2024-03-04 15:00:00,PO-00036,2024-03-04,2024-03-15,2024-03-15,SENT,SGD,1,procurement.mgr,10,Harmony Personal Care,HARMON-010,SKU-00120,GoldenLoaf Wholemeal Bread,Bakery
189,36,5,140,48,46,21.92,1052.16,2.0,8.0,2024-03-04 09:00:00,PO-00036,2024-03-04,2024-03-15,2024-03-15,SENT,SGD,1,procurement.mgr,10,Harmony Personal Care,HARMON-010,SKU-00140,BlueOcean Squid Rings,Seafood
190,36,6,132,48,43,18.83,903.84,2.0,8.0,2024-03-04 13:00:00,PO-00036,2024-03-04,2024-03-15,2024-03-15,SENT,SGD,1,procurement.mgr,10,Harmony Personal Care,HARMON-010,SKU-00132,FarmHouse Milk,Dairy
191,37,1,76,37,37,25.31,936.47,0.0,8.0,2024-03-04 15:00:00,PO-00037,2024-03-04,2024-03-12,2024-03-15,RECEIVED,SGD,1,inventory.bot,7,Prime Choice Meats,PRIMEC-007,SKU-00076,PrimeChoice Sausages,Meat
192,37,2,51,65,64,13.93,905.45,0.0,8.0,2024-03-04 14:00:00,PO-00037,2024-03-04,2024-03-12,2024-03-15,RECEIVED,SGD,1,inventory.bot,7,Prime Choice Meats,PRIMEC-007,SKU-00051,GardenFresh Apples,Produce
193,37,3,44,150,137,11.74,1761.0,3.0,8.0,2024-03-04 16:00:00,PO-00037,2024-03-04,2024-03-12,2024-03-15,RECEIVED,SGD,1,inventory.bot,7,Prime Choice Meats,PRIMEC-007,SKU-00044,CrunchyBite Potato Chips,Snacks
194,37,4,102,55,53,2.09,114.95,5.0,8.0,2024-03-04 15:00:00,PO-00037,2024-03-04,2024-03-12,2024-03-15,RECEIVED,SGD,1,inventory.bot,7,Prime Choice Meats,PRIMEC-007,SKU-00102,MeadowFresh Cheese,Dairy
195,37,5,21,55,51,28.68,1577.4,5.0,8.0,2024-03-04 09:00:00,PO-00037,2024-03-04,2024-03-12,2024-03-15,RECEIVED,SGD,1,inventory.bot,7,Prime Choice Meats,PRIMEC-007,SKU-00021,SeaHarvest Prawns,Seafood
196,37,6,53,144,139,8.71,1254.24,0.0,8.0,2024-03-04 11:00:00,PO-00037,2024-03-04,2024-03-12,2024-03-15,RECEIVED,SGD,1,inventory.bot,7,Prime Choice Meats,PRIMEC-007,SKU-00053,CitrusBurst Orange Juice,Beverages
197,38,1,114,84,76,19.21,1613.64,5.0,8.0,2024-03-04 14:00:00,PO-00038,2024-03-04,2024-03-16,2024-03-18,SENT,SGD,1,inventory.bot,2,Evergreen Produce Importers,EVERGR-002,SKU-00114,FrostyFoods Frozen Pizza,Frozen
198,38,2,98,102,97,18.91,1928.82,0.0,8.0,2024-03-04 16:00:00,PO-00038,2024-03-04,2024-03-16,2024-03-18,SENT,SGD,1,inventory.bot,2,Evergreen Produce Importers,EVERGR-002,SKU-00098,MeadowFresh Yogurt,Dairy
199,38,3,22,91,89,4.14,376.74,0.0,8.0,2024-03-04 09:00:00,PO-00038,2024-03-04,2024-03-16,2024-03-18,SENT,SGD,1,inventory.bot,2,Evergreen Produce Importers,EVERGR-002,SKU-00022,HarmonyCare Hand Soap,Personal Care
200,38,4,116,51,46,4.29,218.79,0.0,8.0,2024-03-04 10:00:00,PO-00038,2024-03-04,2024-03-16,2024-03-18,SENT,SGD,1,inventory.bot,2,Evergreen Produce Importers,EVERGR-002,SKU-00116,FrostyFoods Fish Fillets,Frozen
201,39,1,103,21,19,15.6,327.6,5.0,8.0,2024-03-05 16:00:00,PO-00039,2024-03-05,2024-03-18,2024-03-20,RECEIVED,SGD,1,inventory.bot,3,Pacific Beverages & Co.,PACIFI-003,SKU-00103,ArcticFresh Frozen Pizza,Frozen
202,39,2,107,64,61,11.3,723.2,2.0,8.0,2024-03-05 13:00:00,PO-00039,2024-03-05,2024-03-18,2024-03-20,RECEIVED,SGD,1,inventory.bot,3,Pacific Beverages & Co.,PACIFI-003,SKU-00107,GardenFresh Lettuce,Produce
203,39,3,141,158,150,19.27,3044.66,5.0,8.0,2024-03-05 16:00:00,PO-00039,2024-03-05,2024-03-18,2024-03-20,RECEIVED,SGD,1,inventory.bot,3,Pacific Beverages & Co.,PACIFI-003,SKU-00141,HappySnacks Potato Chips,Snacks
204,40,1,68,54,50,13.5,729.0,3.0,8.0,2024-03-11 15:00:00,PO-00040,2024-03-11,2024-03-20,2024-03-19,RECEIVED,SGD,1,procurement.mgr,4,Golden Harvest Grocers,GOLDEN-004,SKU-00068,PrimeChoice Chicken Breast,Meat
205,40,2,6,64,61,15.21,973.44,5.0,8.0,2024-03-11 15:00:00,PO-00040,2024-03-11,2024-03-20,2024-03-19,RECEIVED,SGD,1,procurement.mgr,4,Golden Harvest Grocers,GOLDEN-004,SKU-00006,GoldenLoaf White Bread,Bakery
206,40,3,45,138,125,1.08,149.04,5.0,8.0,2024-03-11 09:00:00,PO-00040,2024-03-11,2024-03-20,2024-03-19,RECEIVED,SGD,1,procurement.mgr,4,Golden Harvest Grocers,GOLDEN-004,SKU-00045,HappySnacks Potato Chips,Snacks
207,41,1,128,104,98,8.47,880.88,2.0,8.0,2024-03-11 11:00:00,PO-00041,2024-03-11,2024-03-22,2024-03-22,SENT,SGD,1,procurement.mgr,8,CleanHome Household Products,CLEANH-008,SKU-00128,FarmHouse Milk,Dairy
208,41,2,18,140,127,4.95,693.0,0.0,8.0,2024-03-11 10:00:00,PO-00041,2024-03-11,2024-03-22,2024-03-22,SENT,SGD,1,procurement.mgr,8,CleanHome Household Products,CLEANH-008,SKU-00018,MilkyWay Yogurt,Dairy
209,41,3,146,224,209,8.58,1921.92,2.0,8.0,2024-03-11 08:00:00,PO-00041,2024-03-11,2024-03-22,2024-03-22,SENT,SGD,1,procurement.mgr,8,CleanHome Household Products,CLEANH-008,SKU-00146,SnackTime Trail Mix,Snacks
210,41,4,78,40,36,23.54,941.6,2.0,8.0,2024-03-11 14:00:00,PO-00041,2024-03-11,2024-03-22,2024-03-22,SENT,SGD,1,procurement.mgr,8,CleanHome Household Products,CLEANH-008,SKU-00078,ButcherSelect Chicken Breast,Meat
211,41,5,96,31,29,2.06,63.86,0.0,8.0,2024-03-11 12:00:00,PO-00041,2024-03-11,2024-03-22,2024-03-22,SENT,SGD,1,procurement.mgr,8,CleanHome Household Products,CLEANH-008,SKU-00096,FarmHouse Yogurt,Dairy
212,42,1,126,69,64,17.96,1239.24,3.0,8.0,2024-03-18 13:00:00,PO-00042,2024-03-18,2024-03-23,2024-03-24,RECEIVED,SGD,1,procurement.mgr,6,Blue Ocean Seafood Traders,BLUEOC-006,SKU-00126,ThirstQuench Orange Juice,Beverages
213,42,2,20,109,102,12.84,1399.56,0.0,8.0,2024-03-18 13:00:00,PO-00042,2024-03-18,2024-03-23,2024-03-24,RECEIVED,SGD,1,procurement.mgr,6,Blue Ocean Seafood Traders,BLUEOC-006,SKU-00020,FarmHouse Yogurt,Dairy
214,42,3,112,110,108,16.17,1778.7,5.0,8.0,2024-03-18 12:00:00,PO-00042,2024-03-18,2024-03-23,2024-03-24,RECEIVED,SGD,1,procurement.mgr,6,Blue Ocean Seafood Traders,BLUEOC-006,SKU-00112,CleanHome Laundry Detergent,Household
215,43,1,33,69,65,11.0,759.0,2.0,8.0,2024-03-19 14:00:00,PO-00043,2024-03-19,2024-03-23,2024-03-23,RECEIVED,SGD,1,procurement.mgr,5,Sunrise Dairy Supplies,SUNRIS-005,SKU-00033,GoldenLoaf White Bread,Bakery
216,43,2,122,38,36,17.07,648.66,5.0,8.0,2024-03-19 10:00:00,PO-00043,2024-03-19,2024-03-23,2024-03-23,RECEIVED,SGD,1,procurement.mgr,5,Sunrise Dairy Supplies,SUNRIS-005,SKU-00122,PureGlow Shampoo,Personal Care
217,43,3,40,104,95,1.75,182.0,0.0,8.0,2024-03-19 13:00:00,PO-00043,2024-03-19,2024-03-23,2024-03-23,RECEIVED,SGD,1,procurement.mgr,5,Sunrise Dairy Supplies,SUNRIS-005,SKU-00040,MeadowFresh Butter,Dairy
218,43,4,69,77,74,2.48,190.96,0.0,8.0,2024-03-19 15:00:00,PO-00043,2024-03-19,2024-03-23,2024-03-23,RECEIVED,SGD,1,procurement.mgr,5,Sunrise Dairy Supplies,SUNRIS-005,SKU-00069,FrostyFoods Frozen Pizza,Frozen
219,43,5,133,37,34,9.08,335.96,3.0,8.0,2024-03-19 16:00:00,PO-00043,2024-03-19,2024-03-23,2024-03-23,RECEIVED,SGD,1,procurement.mgr,5,Sunrise Dairy Supplies,SUNRIS-005,SKU-00133,GoldenLoaf White Bread,Bakery
220,43,6,46,166,156,19.0,3154.0,5.0,8.0,2024-03-19 15:00:00,PO-00043,2024-03-19,2024-03-23,2024-03-23,RECEIVED,SGD,1,procurement.mgr,5,Sunrise Dairy Supplies,SUNRIS-005,SKU-00046,ThirstQuench Apple Juice,Beverages
221,43,7,125,57,52,5.82,331.74,0.0,8.0,2024-03-19 12:00:00,PO-00043,2024-03-19,2024-03-23,2024-03-23,RECEIVED,SGD,1,procurement.mgr,5,Sunrise Dairy Supplies,SUNRIS-005,SKU-00125,GreenFields Apples,Produce
222,44,1,123,29,28,23.17,671.93,3.0,8.0,2024-03-19 13:00:00,PO-00044,2024-03-19,2024-03-31,2024-04-02,SENT,SGD,1,system.auto,8,CleanHome Household Products,CLEANH-008,SKU-00123,PureGlow Hand Soap,Personal Care
223,44,2,99,102,94,15.7,1601.4,0.0,8.0,2024-03-19 15:00:00,PO-00044,2024-03-19,2024-03-31,2024-04-02,SENT,SGD,1,system.auto,8,CleanHome Household Products,CLEANH-008,SKU-00099,FarmHouse Butter,Dairy
224,44,3,78,42,41,24.82,1042.44,0.0,8.0,2024-03-19 11:00:00,PO-00044,2024-03-19,2024-03-31,2024-04-02,SENT,SGD,1,system.auto,8,CleanHome Household Products,CLEANH-008,SKU-00078,ButcherSelect Chicken Breast,Meat
225,44,4,121,41,37,5.25,215.25,0.0,8.0,2024-03-19 15:00:00,PO-00044,2024-03-19,2024-03-31,2024-04-02,SENT,SGD,1,system.auto,8,CleanHome Household Products,CLEANH-008,SKU-00121,GardenFresh Apples,Produce
226,45,1,116,98,90,4.1,401.8,0.0,8.0,2024-03-19 08:00:00,PO-00045,2024-03-19,2024-03-25,2024-03-28,RECEIVED,SGD,1,inventory.bot,2,Evergreen Produce Importers,EVERGR-002,SKU-00116,FrostyFoods Fish Fillets,Frozen
227,45,2,38,92,86,13.4,1232.8,3.0,8.0,2024-03-19 10:00:00,PO-00045,2024-03-19,2024-03-25,2024-03-28,RECEIVED,SGD,1,inventory.bot,2,Evergreen Produce Importers,EVERGR-002,SKU-00038,DailyBake Croissant,Bakery
228,45,3,59,56,56,5.26,294.56,3.0,8.0,2024-03-19 12:00:00,PO-00045,2024-03-19,2024-03-25,2024-03-28,RECEIVED,SGD,1,inventory.bot,2,Evergreen Produce Importers,EVERGR-002,SKU-00059,PureGlow Shampoo,Personal Care
229,46,1,122,56,55,17.45,977.2,5.0,8.0,2024-03-19 14:00:00,PO-00046,2024-03-19,2024-04-01,2024-04-01,RECEIVED,SGD,1,procurement.mgr,5,Sunrise Dairy Supplies,SUNRIS-005,SKU-00122,PureGlow Shampoo,Personal Care
230,46,2,33,82,75,11.56,947.92,5.0,8.0,2024-03-19 14:00:00,PO-00046,2024-03-19,2024-04-01,2024-04-01,RECEIVED,SGD,1,procurement.mgr,5,Sunrise Dairy Supplies,SUNRIS-005,SKU-00033,GoldenLoaf White Bread,Bakery
231,46,3,40,80,76,1.81,144.8,0.0,8.0,2024-03-19 14:00:00,PO-00046,2024-03-19,2024-04-01,2024-04-01,RECEIVED,SGD,1,procurement.mgr,5,Sunrise Dairy Supplies,SUNRIS-005,SKU-00040,MeadowFresh Butter,Dairy
232,46,4,72,85,83,18.69,1588.65,0.0,8.0,2024-03-19 15:00:00,PO-00046,2024-03-19,2024-04-01,2024-04-01,RECEIVED,SGD,1,procurement.mgr,5,Sunrise Dairy Supplies,SUNRIS-005,SKU-00072,FrostyFoods Frozen Peas,Frozen
233,46,5,26,95,89,4.2,399.0,5.0,8.0,2024-03-19 09:00:00,PO-00046,2024-03-19,2024-04-01,2024-04-01,RECEIVED,SGD,1,procurement.mgr,5,Sunrise Dairy Supplies,SUNRIS-005,SKU-00026,FarmHouse Milk,Dairy
234,46,6,64,56,56,33.01,1848.56,5.0,8.0,2024-03-19 13:00:00,PO-00046,2024-03-19,2024-04-01,2024-04-01,RECEIVED,SGD,1,procurement.mgr,5,Sunrise Dairy Supplies,SUNRIS-005,SKU-00064,SeaHarvest Salmon Fillet,Seafood
235,46,7,113,14,14,8.34,116.76,2.0,8.0,2024-03-19 11:00:00,PO-00046,2024-03-19,2024-04-01,2024-04-01,RECEIVED,SGD,1,procurement.mgr,5,Sunrise Dairy Supplies,SUNRIS-005,SKU-00113,SeaHarvest Salmon Fillet,Seafood
236,47,1,138,12,11,34.71,416.52,2.0,8.0,2024-03-25 08:00:00,PO-00047,2024-03-25,2024-03-30,2024-04-02,CLOSED,SGD,1,store.manager,1,Lion City Foods Pte Ltd,LIONCI-001,SKU-00138,BlueOcean Fish Fingers,Seafood
237,47,2,54,30,30,14.1,423.0,2.0,8.0,2024-03-25 08:00:00,PO-00047,2024-03-25,2024-03-30,2024-04-02,CLOSED,SGD,1,store.manager,1,Lion City Foods Pte Ltd,LIONCI-001,SKU-00054,ButcherSelect Chicken Breast,Meat
238,47,3,70,310,292,20.74,6429.4,0.0,8.0,2024-03-25 12:00:00,PO-00047,2024-03-25,2024-03-30,2024-04-02,CLOSED,SGD,1,store.manager,1,Lion City Foods Pte Ltd,LIONCI-001,SKU-00070,HappySnacks Trail Mix,Snacks
239,47,4,74,80,79,6.18,494.4,0.0,8.0,2024-03-25 13:00:00,PO-00047,2024-03-25,2024-03-30,2024-04-02,CLOSED,SGD,1,store.manager,1,Lion City Foods Pte Ltd,LIONCI-001,SKU-00074,CitrusBurst Orange Juice,Beverages
240,47,5,79,104,94,5.85,608.4,5.0,8.0,2024-03-25 10:00:00,PO-00047,2024-03-25,2024-03-30,2024-04-02,CLOSED,SGD,1,store.manager,1,Lion City Foods Pte Ltd,LIONCI-001,SKU-00079,CitrusBurst Green Tea,Beverages
241,48,1,99,60,57,15.13,907.8,0.0,8.0,2024-03-25 13:00:00,PO-00048,2024-03-25,2024-03-31,2024-04-02,RECEIVED,SGD,1,procurement.mgr,8,CleanHome Household Products,CLEANH-008,SKU-00099,FarmHouse Butter,Dairy
242,48,2,136,138,126,5.73,790.74,5.0,8.0,2024-03-25 10:00:00,PO-00048,2024-03-25,2024-03-31,2024-04-02,RECEIVED,SGD,1,procurement.mgr,8,CleanHome Household Products,CLEANH-008,SKU-00136,MeadowFresh Milk,Dairy
243,48,3,142,94,85,3.07,288.58,5.0,8.0,2024-03-25 09:00:00,PO-00048,2024-03-25,2024-03-31,2024-04-02,RECEIVED,SGD,1,procurement.mgr,8,CleanHome Household Products,CLEANH-008,SKU-00142,FarmHouse Cheese,Dairy
244,48,4,96,44,41,2.1,92.4,0.0,8.0,2024-03-25 14:00:00,PO-00048,2024-03-25,2024-03-31,2024-04-02,RECEIVED,SGD,1,procurement.mgr,8,CleanHome Household Products,CLEANH-008,SKU-00096,FarmHouse Yogurt,Dairy
245,48,5,118,133,131,6.69,889.77,5.0,8.0,2024-03-25 10:00:00,PO-00048,2024-03-25,2024-03-31,2024-04-02,RECEIVED,SGD,1,procurement.mgr,8,CleanHome Household Products,CLEANH-008,SKU-00118,MeadowFresh Milk,Dairy
246,48,6,18,40,38,4.75,190.0,5.0,8.0,2024-03-25 10:00:00,PO-00048,2024-03-25,2024-03-31,2024-04-02,RECEIVED,SGD,1,procurement.mgr,8,CleanHome Household Products,CLEANH-008,SKU-00018,MilkyWay Yogurt,Dairy
247,48,7,123,71,66,23.04,1635.84,5.0,8.0,2024-03-25 10:00:00,PO-00048,2024-03-25,2024-03-31,2024-04-02,RECEIVED,SGD,1,procurement.mgr,8,CleanHome Household Products,CLEANH-008,SKU-00123,PureGlow Hand Soap,Personal Care
248,48,8,1,125,120,5.56,695.0,0.0,8.0,2024-03-25 09:00:00,PO-00048,2024-03-25,2024-03-31,2024-04-02,RECEIVED,SGD,1,procurement.mgr,8,CleanHome Household Products,CLEANH-008,SKU-00001,SparklePro Laundry Detergent,Household
249,49,1,133,55,53,8.96,492.8,3.0,8.0,2024-03-25 17:00:00,PO-00049,2024-03-25,2024-04-02,2024-04-04,RECEIVED,SGD,1,procurement.mgr,5,Sunrise Dairy Supplies,SUNRIS-005,SKU-00133,GoldenLoaf White Bread,Bakery
250,49,2,33,97,90,11.91,1155.27,0.0,8.0,2024-03-25 12:00:00,PO-00049,2024-03-25,2024-04-02,2024-04-04,RECEIVED,SGD,1,procurement.mgr,5,Sunrise Dairy Supplies,SUNRIS-005,SKU-00033,GoldenLoaf White Bread,Bakery
251,49,3,113,23,22,8.44,194.12,5.0,8.0,2024-03-25 14:00:00,PO-00049,2024-03-25,2024-04-02,2024-04-04,RECEIVED,SGD,1,procurement.mgr,5,Sunrise Dairy Supplies,SUNRIS-005,SKU-00113,SeaHarvest Salmon Fillet,Seafood
252,49,4,72,57,55,18.85,1074.45,0.0,8.0,2024-03-25 15:00:00,PO-00049,2024-03-25,2024-04-02,2024-04-04,RECEIVED,SGD,1,procurement.mgr,5,Sunrise Dairy Supplies,SUNRIS-005,SKU-00072,FrostyFoods Frozen Peas,Frozen
253,50,1,65,64,63,13.92,890.88,0.0,8.0,2024-03-25 16:00:00,PO-00050,2024-03-25,2024-04-05,2024-04-04,RECEIVED,SGD,1,store.manager,9,Fresh & Crisp Snacks,FRESHC-009,SKU-00065,ButcherSelect Pork Chops,Meat
254,50,2,104,84,82,5.82,488.88,0.0,8.0,2024-03-25 08:00:00,PO-00050,2024-03-25,2024-04-05,2024-04-04,RECEIVED,SGD,1,store.manager,9,Fresh & Crisp Snacks,FRESHC-009,SKU-00104,ThirstQuench Apple Juice,Beverages
255,50,3,88,47,43,22.27,1046.69,0.0,8.0,2024-03-25 08:00:00,PO-00050,2024-03-25,2024-04-05,2024-04-04,RECEIVED,SGD,1,store.manager,9,Fresh & Crisp Snacks,FRESHC-009,SKU-00088,SeaHarvest Squid Rings,Seafood
256,50,4,17,65,62,10.07,654.55,3.0,8.0,2024-03-25 14:00:00,PO-00050,2024-03-25,2024-04-05,2024-04-04,RECEIVED,SGD,1,store.manager,9,Fresh & Crisp Snacks,FRESHC-009,SKU-00017,ButcherSelect Chicken Breast,Meat
257,51,1,17,56,53,10.07,563.92,5.0,8.0,2024-03-26 09:00:00,PO-00051,2024-03-26,2024-03-30,2024-03-31,RECEIVED,SGD,1,procurement.mgr,9,Fresh & Crisp Snacks,FRESHC-009,SKU-00017,ButcherSelect Chicken Breast,Meat
258,51,2,104,119,115,5.7,678.3,0.0,8.0,2024-03-26 08:00:00,PO-00051,2024-03-26,2024-03-30,2024-03-31,RECEIVED,SGD,1,procurement.mgr,9,Fresh & Crisp Snacks,FRESHC-009,SKU-00104,ThirstQuench Apple Juice,Beverages
259,51,3,87,51,46,1.18,60.18,2.0,8.0,2024-03-26 17:00:00,PO-00051,2024-03-26,2024-03-30,2024-03-31,RECEIVED,SGD,1,procurement.mgr,9,Fresh & Crisp Snacks,FRESHC-009,SKU-00087,DailyBake Muffins,Bakery
260,51,4,115,97,88,1.47,142.59,5.0,8.0,2024-03-26 10:00:00,PO-00051,2024-03-26,2024-03-30,2024-03-31,RECEIVED,SGD,1,procurement.mgr,9,Fresh & Crisp Snacks,FRESHC-009,SKU-00115,GoldenLoaf Muffins,Bakery
261,51,5,24,70,63,7.93,555.1,0.0,8.0,2024-03-26 10:00:00,PO-00051,2024-03-26,2024-03-30,2024-03-31,RECEIVED,SGD,1,procurement.mgr,9,Fresh & Crisp Snacks,FRESHC-009,SKU-00024,CoolSip Green Tea,Beverages
262,51,6,55,78,78,25.36,1978.08,5.0,8.0,2024-03-26 12:00:00,PO-00051,2024-03-26,2024-03-30,2024-03-31,RECEIVED,SGD,1,procurement.mgr,9,Fresh & Crisp Snacks,FRESHC-009,SKU-00055,PrimeChoice Sausages,Meat
263,52,1,45,249,229,1.18,293.82,5.0,8.0,2024-04-01 09:00:00,PO-00052,2024-04-01,2024-04-10,2024-04-11,SENT,SGD,1,system.auto,4,Golden Harvest Grocers,GOLDEN-004,SKU-00045,HappySnacks Potato Chips,Snacks
264,52,2,6,83,77,15.23,1264.09,0.0,8.0,2024-04-01 08:00:00,PO-00052,2024-04-01,2024-04-10,2024-04-11,SENT,SGD,1,system.auto,4,Golden Harvest Grocers,GOLDEN-004,SKU-00006,GoldenLoaf White Bread,Bakery
265,52,3,4,83,78,17.93,1488.19,0.0,8.0,2024-04-01 13:00:00,PO-00052,2024-04-01,2024-04-10,2024-04-11,SENT,SGD,1,system.auto,4,Golden Harvest Grocers,GOLDEN-004,SKU-00004,GoldenLoaf Croissant,Bakery
266,52,4,48,60,59,14.82,889.2,0.0,8.0,2024-04-01 17:00:00,PO-00052,2024-04-01,2024-04-10,2024-04-11,SENT,SGD,1,system.auto,4,Golden Harvest Grocers,GOLDEN-004,SKU-00048,SparklePro Laundry Detergent,Household
267,53,1,34,183,171,8.73,1597.59,0.0,8.0,2024-04-01 08:00:00,PO-00053,2024-04-01,2024-04-04,2024-04-03,RECEIVED,SGD,1,procurement.mgr,3,Pacific Beverages & Co.,PACIFI-003,SKU-00034,HappySnacks Potato Chips,Snacks
268,53,2,141,205,201,19.34,3964.7,5.0,8.0,2024-04-01 14:00:00,PO-00053,2024-04-01,2024-04-04,2024-04-03,RECEIVED,SGD,1,procurement.mgr,3,Pacific Beverages & Co.,PACIFI-003,SKU-00141,HappySnacks Potato Chips,Snacks
269,53,3,101,77,72,14.29,1100.33,5.0,8.0,2024-04-01 13:00:00,PO-00053,2024-04-01,2024-04-04,2024-04-03,RECEIVED,SGD,1,procurement.mgr,3,Pacific Beverages & Co.,PACIFI-003,SKU-00101,SparklePro Dishwashing Liquid,Household
270,54,1,144,37,37,18.96,701.52,2.0,8.0,2024-04-01 12:00:00,PO-00054,2024-04-01,2024-04-12,2024-04-11,RECEIVED,SGD,1,procurement.mgr,2,Evergreen Produce Importers,EVERGR-002,SKU-00144,MeadowFresh Yogurt,Dairy
271,54,2,77,119,117,11.25,1338.75,3.0,8.0,2024-04-01 15:00:00,PO-00054,2024-04-01,2024-04-12,2024-04-11,RECEIVED,SGD,1,procurement.mgr,2,Evergreen Produce Importers,EVERGR-002,SKU-00077,GreenFields Bananas,Produce
272,54,3,38,21,20,13.41,281.61,0.0,8.0,2024-04-01 17:00:00,PO-00054,2024-04-01,2024-04-12,2024-04-11,RECEIVED,SGD,1,procurement.mgr,2,Evergreen Produce Importers,EVERGR-002,SKU-00038,DailyBake Croissant,Bakery
273,55,1,144,77,74,20.19,1554.63,0.0,8.0,2024-04-01 13:00:00,PO-00055,2024-04-01,2024-04-04,2024-04-06,RECEIVED,SGD,1,procurement.mgr,2,Evergreen Produce Importers,EVERGR-002,SKU-00144,MeadowFresh Yogurt,Dairy
274,55,2,119,20,20,2.75,55.0,5.0,8.0,2024-04-01 12:00:00,PO-00055,2024-04-01,2024-04-04,2024-04-06,RECEIVED,SGD,1,procurement.mgr,2,Evergreen Produce Importers,EVERGR-002,SKU-00119,FrostyFoods Frozen Peas,Frozen
275,55,3,50,33,30,2.27,74.91,2.0,8.0,2024-04-01 15:00:00,PO-00055,2024-04-01,2024-04-04,2024-04-06,RECEIVED,SGD,1,procurement.mgr,2,Evergreen Produce Importers,EVERGR-002,SKU-00050,GardenFresh Lettuce,Produce
276,55,4,59,22,22,5.18,113.96,0.0,8.0,2024-04-01 09:00:00,PO-00055,2024-04-01,2024-04-04,2024-04-06,RECEIVED,SGD,1,procurement.mgr,2,Evergreen Produce Importers,EVERGR-002,SKU-00059,PureGlow Shampoo,Personal Care
277,55,5,22,20,20,4.24,84.8,3.0,8.0,2024-04-01 14:00:00,PO-00055,2024-04-01,2024-04-04,2024-04-06,RECEIVED,SGD,1,procurement.mgr,2,Evergreen Produce Importers,EVERGR-002,SKU-00022,HarmonyCare Hand Soap,Personal Care
278,56,1,95,119,111,3.93,467.67,0.0,8.0,2024-04-08 12:00:00,PO-00056,2024-04-08,2024-04-17,2024-04-16,SENT,SGD,1,system.auto,6,Blue Ocean Seafood Traders,BLUEOC-006,SKU-00095,FarmHouse Yogurt,Dairy
279,56,2,20,66,64,13.44,887.04,2.0,8.0,2024-04-08 13:00:00,PO-00056,2024-04-08,2024-04-17,2024-04-16,SENT,SGD,1,system.auto,6,Blue Ocean Seafood Traders,BLUEOC-006,SKU-00020,FarmHouse Yogurt,Dairy
280,56,3,126,121,120,17.25,2087.25,0.0,8.0,2024-04-08 09:00:00,PO-00056,2024-04-08,2024-04-17,2024-04-16,SENT,SGD,1,system.auto,6,Blue Ocean Seafood Traders,BLUEOC-006,SKU-00126,ThirstQuench Orange Juice,Beverages
281,56,4,35,40,37,13.41,536.4,3.0,8.0,2024-04-08 09:00:00,PO-00056,2024-04-08,2024-04-17,2024-04-16,SENT,SGD,1,system.auto,6,Blue Ocean Seafood Traders,BLUEOC-006,SKU-00035,PureGlow Hand Soap,Personal Care
282,56,5,89,39,38,14.51,565.89,2.0,8.0,2024-04-08 15:00:00,PO-00056,2024-04-08,2024-04-17,2024-04-16,SENT,SGD,1,system.auto,6,Blue Ocean Seafood Traders,BLUEOC-006,SKU-00089,GardenFresh Tomatoes,Produce
283,57,1,137,31,28,6.97,216.07,5.0,8.0,2024-04-08 17:00:00,PO-00057,2024-04-08,2024-04-18,2024-04-19,CLOSED,SGD,1,store.manager,2,Evergreen Produce Importers,EVERGR-002,SKU-00137,GoldenLoaf Wholemeal Bread,Bakery
284,57,2,77,25,23,11.86,296.5,0.0,8.0,2024-04-08 09:00:00,PO-00057,2024-04-08,2024-04-18,2024-04-19,CLOSED,SGD,1,store.manager,2,Evergreen Produce Importers,EVERGR-002,SKU-00077,GreenFields Bananas,Produce
285,57,3,50,111,103,2.14,237.54,3.0,8.0,2024-04-08 08:00:00,PO-00057,2024-04-08,2024-04-18,2024-04-19,CLOSED,SGD,1,store.manager,2,Evergreen Produce Importers,EVERGR-002,SKU-00050,GardenFresh Lettuce,Produce
286,58,1,23,33,32,13.31,439.23,0.0,8.0,2024-04-15 08:00:00,PO-00058,2024-04-15,2024-04-29,2024-05-02,RECEIVED,SGD,1,system.auto,3,Pacific Beverages & Co.,PACIFI-003,SKU-00023,FrostyFoods Frozen Peas,Frozen
287,58,2,10,48,44,12.83,615.84,0.0,8.0,2024-04-15 09:00:00,PO-00058,2024-04-15,2024-04-29,2024-05-02,RECEIVED,SGD,1,system.auto,3,Pacific Beverages & Co.,PACIFI-003,SKU-00010,DailyBake Muffins,Bakery
288,58,3,81,189,181,20.29,3834.81,0.0,8.0,2024-04-15 08:00:00,PO-00058,2024-04-15,2024-04-29,2024-05-02,RECEIVED,SGD,1,system.auto,3,Pacific Beverages & Co.,PACIFI-003,SKU-00081,ThirstQuench Cola,Beverages
289,58,4,86,23,21,2.74,63.02,0.0,8.0,2024-04-15 09:00:00,PO-00058,2024-04-15,2024-04-29,2024-05-02,RECEIVED,SGD,1,system.auto,3,Pacific Beverages & Co.,PACIFI-003,SKU-00086,HarmonyCare Toothpaste,Personal Care
290,58,5,101,104,95,15.05,1565.2,0.0,8.0,2024-04-15 10:00:00,PO-00058,2024-04-15,2024-04-29,2024-05-02,RECEIVED,SGD,1,system.auto,3,Pacific Beverages & Co.,PACIFI-003,SKU-00101,SparklePro Dishwashing Liquid,Household
291,59,1,125,55,52,5.58,306.9,3.0,8.0,2024-04-15 17:00:00,PO-00059,2024-04-15,2024-04-20,2024-04-21,RECEIVED,SGD,1,procurement.mgr,5,Sunrise Dairy Supplies,SUNRIS-005,SKU-00125,GreenFields Apples,Produce
292,59,2,72,98,91,17.95,1759.1,2.0,8.0,2024-04-15 16:00:00,PO-00059,2024-04-15,2024-04-20,2024-04-21,RECEIVED,SGD,1,procurement.mgr,5,Sunrise Dairy Supplies,SUNRIS-005,SKU-00072,FrostyFoods Frozen Peas,Frozen
293,59,3,97,81,73,2.97,240.57,0.0,8.0,2024-04-15 14:00:00,PO-00059,2024-04-15,2024-04-20,2024-04-21,RECEIVED,SGD,1,procurement.mgr,5,Sunrise Dairy Supplies,SUNRIS-005,SKU-00097,GreenFields Apples,Produce
294,59,4,26,57,55,4.55,259.35,0.0,8.0,2024-04-15 16:00:00,PO-00059,2024-04-15,2024-04-20,2024-04-21,RECEIVED,SGD,1,procurement.mgr,5,Sunrise Dairy Supplies,SUNRIS-005,SKU-00026,FarmHouse Milk,Dairy
295,59,5,133,22,22,9.45,207.9,0.0,8.0,2024-04-15 15:00:00,PO-00059,2024-04-15,2024-04-20,2024-04-21,RECEIVED,SGD,1,procurement.mgr,5,Sunrise Dairy Supplies,SUNRIS-005,SKU-00133,GoldenLoaf White Bread,Bakery
296,59,6,105,89,87,7.26,646.14,3.0,8.0,2024-04-15 16:00:00,PO-00059,2024-04-15,2024-04-20,2024-04-21,RECEIVED,SGD,1,procurement.mgr,5,Sunrise Dairy Supplies,SUNRIS-005,SKU-00105,FrostyFoods Ice Cream,Frozen
297,60,1,43,24,24,31.72,761.28,5.0,8.0,2024-04-16 11:00:00,PO-00060,2024-04-16,2024-04-23,2024-04-22,CLOSED,SGD,1,store.manager,2,Evergreen Produce Importers,EVERGR-002,SKU-00043,SeaHarvest Salmon Fillet,Seafood
298,60,2,7,108,103,19.39,2094.12,5.0,8.0,2024-04-16 08:00:00,PO-00060,2024-04-16,2024-04-23,2024-04-22,CLOSED,SGD,1,store.manager,2,Evergreen Produce Importers,EVERGR-002,SKU-00007,CitrusBurst Orange Juice,Beverages
299,60,3,75,48,46,11.95,573.6,2.0,8.0,2024-04-16 13:00:00,PO-00060,2024-04-16,2024-04-23,2024-04-22,CLOSED,SGD,1,store.manager,2,Evergreen Produce Importers,EVERGR-002,SKU-00075,FrostyFoods Frozen Pizza,Frozen
300,60,4,59,37,34,5.42,200.54,5.0,8.0,2024-04-16 13:00:00,PO-00060,2024-04-16,2024-04-23,2024-04-22,CLOSED,SGD,1,store.manager,2,Evergreen Produce Importers,EVERGR-002,SKU-00059,PureGlow Shampoo,Personal Care
301,60,5,137,95,86,6.98,663.1,3.0,8.0,2024-04-16 17:00:00,PO-00060,2024-04-16,2024-04-23,2024-04-22,CLOSED,SGD,1,store.manager,2,Evergreen Produce Importers,EVERGR-002,SKU-00137,GoldenLoaf Wholemeal Bread,Bakery
302,61,1,68,43,39,13.1,563.3,0.0,8.0,2024-04-16 17:00:00,PO-00061,2024-04-16,2024-04-26,2024-04-25,RECEIVED,SGD,1,system.auto,4,Golden Harvest Grocers,GOLDEN-004,SKU-00068,PrimeChoice Chicken Breast,Meat
303,61,2,90,40,39,12.13,485.2,0.0,8.0,2024-04-16 13:00:00,PO-00061,2024-04-16,2024-04-26,2024-04-25,RECEIVED,SGD,1,system.auto,4,Golden Harvest Grocers,GOLDEN-004,SKU-00090,PrimeChoice Minced Beef,Meat
304,61,3,45,70,63,1.14,79.8,0.0,8.0,2024-04-16 09:00:00,PO-00061,2024-04-16,2024-04-26,2024-04-25,RECEIVED,SGD,1,system.auto,4,Golden Harvest Grocers,GOLDEN-004,SKU-00045,HappySnacks Potato Chips,Snacks
305,61,4,14,113,113,15.7,1774.1,5.0,8.0,2024-04-16 14:00:00,PO-00061,2024-04-16,2024-04-26,2024-04-25,RECEIVED,SGD,1,system.auto,4,Golden Harvest Grocers,GOLDEN-004,SKU-00014,CleanHome Paper Towels,Household
306,62,1,61,98,96,11.2,1097.6,3.0,8.0,2024-04-16 10:00:00,PO-00062,2024-04-16,2024-04-29,2024-05-01,RECEIVED,SGD,1,procurement.mgr,3,Pacific Beverages & Co.,PACIFI-003,SKU-00061,FrostyFoods Frozen Pizza,Frozen
307,62,2,80,157,146,3.32,521.24,0.0,8.0,2024-04-16 10:00:00,PO-00062,2024-04-16,2024-04-29,2024-05-01,RECEIVED,SGD,1,procurement.mgr,3,Pacific Beverages & Co.,PACIFI-003,SKU-00080,CrunchyBite Potato Chips,Snacks
308,62,3,23,20,20,14.43,288.6,2.0,8.0,2024-04-16 17:00:00,PO-00062,2024-04-16,2024-04-29,2024-05-01,RECEIVED,SGD,1,procurement.mgr,3,Pacific Beverages & Co.,PACIFI-003,SKU-00023,FrostyFoods Frozen Peas,Frozen
309,62,4,107,24,22,11.02,264.48,3.0,8.0,2024-04-16 11:00:00,PO-00062,2024-04-16,2024-04-29,2024-05-01,RECEIVED,SGD,1,procurement.mgr,3,Pacific Beverages & Co.,PACIFI-003,SKU-00107,GardenFresh Lettuce,Produce
310,62,5,81,184,168,19.47,3582.48,0.0,8.0,2024-04-16 09:00:00,PO-00062,2024-04-16,2024-04-29,2024-05-01,RECEIVED,SGD,1,procurement.mgr,3,Pacific Beverages & Co.,PACIFI-003,SKU-00081,ThirstQuench Cola,Beverages
311,63,1,43,26,25,33.77,878.02,0.0,8.0,2024-04-22 14:00:00,PO-00063,2024-04-22,2024-04-29,2024-04-29,RECEIVED,SGD,1,system.auto,2,Evergreen Produce Importers,EVERGR-002,SKU-00043,SeaHarvest Salmon Fillet,Seafood
312,63,2,22,71,69,4.27,303.17,2.0,8.0,2024-04-22 15:00:00,PO-00063,2024-04-22,2024-04-29,2024-04-29,RECEIVED,SGD,1,system.auto,2,Evergreen Produce Importers,EVERGR-002,SKU-00022,HarmonyCare Hand Soap,Personal Care
313,63,3,75,68,64,11.26,765.68,2.0,8.0,2024-04-22 17:00:00,PO-00063,2024-04-22,2024-04-29,2024-04-29,RECEIVED,SGD,1,system.auto,2,Evergreen Produce Importers,EVERGR-002,SKU-00075,FrostyFoods Frozen Pizza,Frozen
314,63,4,116,48,44,4.04,193.92,0.0,8.0,2024-04-22 12:00:00,PO-00063,2024-04-22,2024-04-29,2024-04-29,RECEIVED,SGD,1,system.auto,2,Evergreen Produce Importers,EVERGR-002,SKU-00116,FrostyFoods Fish Fillets,Frozen
315,63,5,7,45,42,19.69,886.05,0.0,8.0,2024-04-22 13:00:00,PO-00063,2024-04-22,2024-04-29,2024-04-29,RECEIVED,SGD,1,system.auto,2,Evergreen Produce Importers,EVERGR-002,SKU-00007,CitrusBurst Orange Juice,Beverages
316,64,1,14,131,120,15.27,2000.37,0.0,8.0,2024-04-22 11:00:00,PO-00064,2024-04-22,2024-05-04,2024-05-06,RECEIVED,SGD,1,inventory.bot,4,Golden Harvest Grocers,GOLDEN-004,SKU-00014,CleanHome Paper Towels,Household
317,64,2,6,72,70,15.64,1126.08,5.0,8.0,2024-04-22 16:00:00,PO-00064,2024-04-22,2024-05-04,2024-05-06,RECEIVED,SGD,1,inventory.bot,4,Golden Harvest Grocers,GOLDEN-004,SKU-00006,GoldenLoaf White Bread,Bakery
318,64,3,90,48,46,12.08,579.84,0.0,8.0,2024-04-22 08:00:00,PO-00064,2024-04-22,2024-05-04,2024-05-06,RECEIVED,SGD,1,inventory.bot,4,Golden Harvest Grocers,GOLDEN-004,SKU-00090,PrimeChoice Minced Beef,Meat
319,64,4,93,70,67,4.22,295.4,0.0,8.0,2024-04-22 08:00:00,PO-00064,2024-04-22,2024-05-04,2024-05-06,RECEIVED,SGD,1,inventory.bot,4,Golden Harvest Grocers,GOLDEN-004,SKU-00093,FrostyFoods Fish Fillets,Frozen
320,64,5,106,132,119,3.53,465.96,5.0,8.0,2024-04-22 17:00:00,PO-00064,2024-04-22,2024-05-04,2024-05-06,RECEIVED,SGD,1,inventory.bot,4,Golden Harvest Grocers,GOLDEN-004,SKU-00106,ThirstQuench Green Tea,Beverages
321,64,6,45,185,170,1.08,199.8,0.0,8.0,2024-04-22 12:00:00,PO-00064,2024-04-22,2024-05-04,2024-05-06,RECEIVED,SGD,1,inventory.bot,4,Golden Harvest Grocers,GOLDEN-004,SKU-00045,HappySnacks Potato Chips,Snacks
322,65,1,33,68,64,11.35,771.8,0.0,8.0,2024-04-23 15:00:00,PO-00065,2024-04-23,2024-04-27,2024-04-30,CLOSED,SGD,1,procurement.mgr,5,Sunrise Dairy Supplies,SUNRIS-005,SKU-00033,GoldenLoaf White Bread,Bakery
323,65,2,64,39,36,33.67,1313.13,3.0,8.0,2024-04-23 08:00:00,PO-00065,2024-04-23,2024-04-27,2024-04-30,CLOSED,SGD,1,procurement.mgr,5,Sunrise Dairy Supplies,SUNRIS-005,SKU-00064,SeaHarvest Salmon Fillet,Seafood
324,65,3,72,39,38,18.64,726.96,0.0,8.0,2024-04-23 13:00:00,PO-00065,2024-04-23,2024-04-27,2024-04-30,CLOSED,SGD,1,procurement.mgr,5,Sunrise Dairy Supplies,SUNRIS-005,SKU-00072,FrostyFoods Frozen Peas,Frozen
325,65,4,97,89,84,3.12,277.68,0.0,8.0,2024-04-23 16:00:00,PO-00065,2024-04-23,2024-04-27,2024-04-30,CLOSED,SGD,1,procurement.mgr,5,Sunrise Dairy Supplies,SUNRIS-005,SKU-00097,GreenFields Apples,Produce
326,65,5,113,13,13,8.7,113.1,2.0,8.0,2024-04-23 16:00:00,PO-00065,2024-04-23,2024-04-27,2024-04-30,CLOSED,SGD,1,procurement.mgr,5,Sunrise Dairy Supplies,SUNRIS-005,SKU-00113,SeaHarvest Salmon Fillet,Seafood
327,65,6,125,107,106,5.77,617.39,0.0,8.0,2024-04-23 15:00:00,PO-00065,2024-04-23,2024-04-27,2024-04-30,CLOSED,SGD,1,procurement.mgr,5,Sunrise Dairy Supplies,SUNRIS-005,SKU-00125,GreenFields Apples,Produce
328,66,1,11,52,47,8.76,455.52,5.0,8.0,2024-04-23 14:00:00,PO-00066,2024-04-23,2024-05-03,2024-05-03,RECEIVED,SGD,1,procurement.mgr,2,Evergreen Produce Importers,EVERGR-002,SKU-00011,CleanHome Paper Towels,Household
329,66,2,129,91,91,16.8,1528.8,3.0,8.0,2024-04-23 12:00:00,PO-00066,2024-04-23,2024-05-03,2024-05-03,RECEIVED,SGD,1,procurement.mgr,2,Evergreen Produce Importers,EVERGR-002,SKU-00129,CitrusBurst Apple Juice,Beverages
330,66,3,137,60,59,7.12,427.2,0.0,8.0,2024-04-23 09:00:00,PO-00066,2024-04-23,2024-05-03,2024-05-03,RECEIVED,SGD,1,procurement.mgr,2,Evergreen Produce Importers,EVERGR-002,SKU-00137,GoldenLoaf Wholemeal Bread,Bakery
331,66,4,41,119,114,9.48,1128.12,0.0,8.0,2024-04-23 16:00:00,PO-00066,2024-04-23,2024-05-03,2024-05-03,RECEIVED,SGD,1,procurement.mgr,2,Evergreen Produce Importers,EVERGR-002,SKU-00041,SparklePro Paper Towels,Household
332,66,5,144,92,91,18.84,1733.28,5.0,8.0,2024-04-23 17:00:00,PO-00066,2024-04-23,2024-05-03,2024-05-03,RECEIVED,SGD,1,procurement.mgr,2,Evergreen Produce Importers,EVERGR-002,SKU-00144,MeadowFresh Yogurt,Dairy
333,66,6,98,110,105,19.67,2163.7,2.0,8.0,2024-04-23 10:00:00,PO-00066,2024-04-23,2024-05-03,2024-05-03,RECEIVED,SGD,1,procurement.mgr,2,Evergreen Produce Importers,EVERGR-002,SKU-00098,MeadowFresh Yogurt,Dairy
334,67,1,93,93,89,3.89,361.77,0.0,8.0,2024-04-29 14:00:00,PO-00067,2024-04-29,2024-05-07,2024-05-09,RECEIVED,SGD,1,inventory.bot,4,Golden Harvest Grocers,GOLDEN-004,SKU-00093,FrostyFoods Fish Fillets,Frozen
335,67,2,6,38,37,15.58,592.04,2.0,8.0,2024-04-29 08:00:00,PO-00067,2024-04-29,2024-05-07,2024-05-09,RECEIVED,SGD,1,inventory.bot,4,Golden Harvest Grocers,GOLDEN-004,SKU-00006,GoldenLoaf White Bread,Bakery
336,67,3,106,141,139,3.62,510.42,0.0,8.0,2024-04-29 08:00:00,PO-00067,2024-04-29,2024-05-07,2024-05-09,RECEIVED,SGD,1,inventory.bot,4,Golden Harvest Grocers,GOLDEN-004,SKU-00106,ThirstQuench Green Tea,Beverages
337,67,4,90,75,74,12.82,961.5,0.0,8.0,2024-04-29 13:00:00,PO-00067,2024-04-29,2024-05-07,2024-05-09,RECEIVED,SGD,1,inventory.bot,4,Golden Harvest Grocers,GOLDEN-004,SKU-00090,PrimeChoice Minced Beef,Meat
338,67,5,52,278,272,14.92,4147.76,2.0,8.0,2024-04-29 09:00:00,PO-00067,2024-04-29,2024-05-07,2024-05-09,RECEIVED,SGD,1,inventory.bot,4,Golden Harvest Grocers,GOLDEN-004,SKU-00052,SnackTime Potato Chips,Snacks
339,67,6,14,78,71,16.65,1298.7,2.0,8.0,2024-04-29 13:00:00,PO-00067,2024-04-29,2024-05-07,2024-05-09,RECEIVED,SGD,1,inventory.bot,4,Golden Harvest Grocers,GOLDEN-004,SKU-00014,CleanHome Paper Towels,Household
340,67,7,45,127,124,1.14,144.78,0.0,8.0,2024-04-29 11:00:00,PO-00067,2024-04-29,2024-05-07,2024-05-09,RECEIVED,SGD,1,inventory.bot,4,Golden Harvest Grocers,GOLDEN-004,SKU-00045,HappySnacks Potato Chips,Snacks
341,68,1,115,87,84,1.51,131.37,0.0,8.0,2024-04-29 10:00:00,PO-00068,2024-04-29,2024-05-03,2024-05-04,SENT,SGD,1,inventory.bot,9,Fresh & Crisp Snacks,FRESHC-009,SKU-00115,GoldenLoaf Muffins,Bakery
342,68,2,65,39,38,14.35,559.65,0.0,8.0,2024-04-29 08:00:00,PO-00068,2024-04-29,2024-05-03,2024-05-04,SENT,SGD,1,inventory.bot,9,Fresh & Crisp Snacks,FRESHC-009,SKU-00065,ButcherSelect Pork Chops,Meat
343,68,3,87,51,49,1.13,57.63,0.0,8.0,2024-04-29 13:00:00,PO-00068,2024-04-29,2024-05-03,2024-05-04,SENT,SGD,1,inventory.bot,9,Fresh & Crisp Snacks,FRESHC-009,SKU-00087,DailyBake Muffins,Bakery
344,68,4,58,110,103,12.29,1351.9,0.0,8.0,2024-04-29 15:00:00,PO-00068,2024-04-29,2024-05-03,2024-05-04,SENT,SGD,1,inventory.bot,9,Fresh & Crisp Snacks,FRESHC-009,SKU-00058,GardenFresh Tomatoes,Produce
345,68,5,8,79,72,8.16,644.64,0.0,8.0,2024-04-29 08:00:00,PO-00068,2024-04-29,2024-05-03,2024-05-04,SENT,SGD,1,inventory.bot,9,Fresh & Crisp Snacks,FRESHC-009,SKU-00008,PureGlow Toothpaste,Personal Care
346,68,6,24,101,92,8.13,821.13,3.0,8.0,2024-04-29 15:00:00,PO-00068,2024-04-29,2024-05-03,2024-05-04,SENT,SGD,1,inventory.bot,9,Fresh & Crisp Snacks,FRESHC-009,SKU-00024,CoolSip Green Tea,Beverages
347,69,1,93,26,24,4.11,106.86,0.0,8.0,2024-04-29 11:00:00,PO-00069,2024-04-29,2024-05-13,2024-05-12,RECEIVED,SGD,1,system.auto,4,Golden Harvest Grocers,GOLDEN-004,SKU-00093,FrostyFoods Fish Fillets,Frozen
348,69,2,90,43,42,12.05,518.15,2.0,8.0,2024-04-29 16:00:00,PO-00069,2024-04-29,2024-05-13,2024-05-12,RECEIVED,SGD,1,system.auto,4,Golden Harvest Grocers,GOLDEN-004,SKU-00090,PrimeChoice Minced Beef,Meat
349,69,3,48,25,25,15.9,397.5,5.0,8.0,2024-04-29 08:00:00,PO-00069,2024-04-29,2024-05-13,2024-05-12,RECEIVED,SGD,1,system.auto,4,Golden Harvest Grocers,GOLDEN-004,SKU-00048,SparklePro Laundry Detergent,Household
350,69,4,106,161,160,3.73,600.53,3.0,8.0,2024-04-29 08:00:00,PO-00069,2024-04-29,2024-05-13,2024-05-12,RECEIVED,SGD,1,system.auto,4,Golden Harvest Grocers,GOLDEN-004,SKU-00106,ThirstQuench Green Tea,Beverages
351,69,5,6,48,44,15.77,756.96,0.0,8.0,2024-04-29 12:00:00,PO-00069,2024-04-29,2024-05-13,2024-05-12,RECEIVED,SGD,1,system.auto,4,Golden Harvest Grocers,GOLDEN-004,SKU-00006,GoldenLoaf White Bread,Bakery
352,69,6,14,128,127,16.46,2106.88,2.0,8.0,2024-04-29 12:00:00,PO-00069,2024-04-29,2024-05-13,2024-05-12,RECEIVED,SGD,1,system.auto,4,Golden Harvest Grocers,GOLDEN-004,SKU-00014,CleanHome Paper Towels,Household
353,70,1,129,67,61,16.56,1109.52,0.0,8.0,2024-04-30 12:00:00,PO-00070,2024-04-30,2024-05-13,2024-05-14,SENT,SGD,1,store.manager,2,Evergreen Produce Importers,EVERGR-002,SKU-00129,CitrusBurst Apple Juice,Beverages
354,70,2,98,116,106,19.48,2259.68,0.0,8.0,2024-04-30 12:00:00,PO-00070,2024-04-30,2024-05-13,2024-05-14,SENT,SGD,1,store.manager,2,Evergreen Produce Importers,EVERGR-002,SKU-00098,MeadowFresh Yogurt,Dairy
355,70,3,38,58,53,13.27,769.66,3.0,8.0,2024-04-30 11:00:00,PO-00070,2024-04-30,2024-05-13,2024-05-14,SENT,SGD,1,store.manager,2,Evergreen Produce Importers,EVERGR-002,SKU-00038,DailyBake Croissant,Bakery
356,70,4,7,54,50,19.42,1048.68,3.0,8.0,2024-04-30 14:00:00,PO-00070,2024-04-30,2024-05-13,2024-05-14,SENT,SGD,1,store.manager,2,Evergreen Produce Importers,EVERGR-002,SKU-00007,CitrusBurst Orange Juice,Beverages
357,70,5,62,101,97,3.35,338.35,5.0,8.0,2024-04-30 08:00:00,PO-00070,2024-04-30,2024-05-13,2024-05-14,SENT,SGD,1,store.manager,2,Evergreen Produce Importers,EVERGR-002,SKU-00062,SparklePro Trash Bags,Household
358,71,1,61,114,110,11.49,1309.86,5.0,8.0,2024-05-06 13:00:00,PO-00071,2024-05-06,2024-05-18,2024-05-21,RECEIVED,SGD,1,store.manager,3,Pacific Beverages & Co.,PACIFI-003,SKU-00061,FrostyFoods Frozen Pizza,Frozen
359,71,2,81,169,157,18.84,3183.96,5.0,8.0,2024-05-06 16:00:00,PO-00071,2024-05-06,2024-05-18,2024-05-21,RECEIVED,SGD,1,store.manager,3,Pacific Beverages & Co.,PACIFI-003,SKU-00081,ThirstQuench Cola,Beverages
360,71,3,141,106,99,18.87,2000.22,5.0,8.0,2024-05-06 12:00:00,PO-00071,2024-05-06,2024-05-18,2024-05-21,RECEIVED,SGD,1,store.manager,3,Pacific Beverages & Co.,PACIFI-003,SKU-00141,HappySnacks Potato Chips,Snacks
361,71,4,107,112,110,11.51,1289.12,0.0,8.0,2024-05-06 13:00:00,PO-00071,2024-05-06,2024-05-18,2024-05-21,RECEIVED,SGD,1,store.manager,3,Pacific Beverages & Co.,PACIFI-003,SKU-00107,GardenFresh Lettuce,Produce
362,71,5,10,31,29,12.09,374.79,0.0,8.0,2024-05-06 14:00:00,PO-00071,2024-05-06,2024-05-18,2024-05-21,RECEIVED,SGD,1,store.manager,3,Pacific Beverages & Co.,PACIFI-003,SKU-00010,DailyBake Muffins,Bakery
363,72,1,120,44,42,11.31,497.64,2.0,8.0,2024-05-06 16:00:00,PO-00072,2024-05-06,2024-05-10,2024-05-12,RECEIVED,SGD,1,system.auto,10,Harmony Personal Care,HARMON-010,SKU-00120,GoldenLoaf Wholemeal Bread,Bakery
364,72,2,82,139,131,2.59,360.01,0.0,8.0,2024-05-06 10:00:00,PO-00072,2024-05-06,2024-05-10,2024-05-12,RECEIVED,SGD,1,system.auto,10,Harmony Personal Care,HARMON-010,SKU-00082,CrunchyBite Trail Mix,Snacks
365,72,3,110,40,37,11.13,445.2,2.0,8.0,2024-05-06 10:00:00,PO-00072,2024-05-06,2024-05-10,2024-05-12,RECEIVED,SGD,1,system.auto,10,Harmony Personal Care,HARMON-010,SKU-00110,HarmonyCare Hand Soap,Personal Care
366,72,4,132,74,73,18.6,1376.4,0.0,8.0,2024-05-06 15:00:00,PO-00072,2024-05-06,2024-05-10,2024-05-12,RECEIVED,SGD,1,system.auto,10,Harmony Personal Care,HARMON-010,SKU-00132,FarmHouse Milk,Dairy
367,72,5,85,57,55,13.76,784.32,5.0,8.0,2024-05-06 08:00:00,PO-00072,2024-05-06,2024-05-10,2024-05-12,RECEIVED,SGD,1,system.auto,10,Harmony Personal Care,HARMON-010,SKU-00085,PureGlow Body Wash,Personal Care
368,73,1,96,86,81,2.02,173.72,0.0,8.0,2024-05-07 08:00:00,PO-00073,2024-05-07,2024-05-17,2024-05-16,RECEIVED,SGD,1,inventory.bot,8,CleanHome Household Products,CLEANH-008,SKU-00096,FarmHouse Yogurt,Dairy
369,73,2,142,104,96,3.07,319.28,0.0,8.0,2024-05-07 13:00:00,PO-00073,2024-05-07,2024-05-17,2024-05-16,RECEIVED,SGD,1,inventory.bot,8,CleanHome Household Products,CLEANH-008,SKU-00142,FarmHouse Cheese,Dairy
370,73,3,78,39,35,22.49,877.11,5.0,8.0,2024-05-07 11:00:00,PO-00073,2024-05-07,2024-05-17,2024-05-16,RECEIVED,SGD,1,inventory.bot,8,CleanHome Household Products,CLEANH-008,SKU-00078,ButcherSelect Chicken Breast,Meat
371,73,4,127,43,42,12.63,543.09,0.0,8.0,2024-05-07 09:00:00,PO-00073,2024-05-07,2024-05-17,2024-05-16,RECEIVED,SGD,1,inventory.bot,8,CleanHome Household Products,CLEANH-008,SKU-00127,HarmonyCare Body Wash,Personal Care
372,73,5,136,84,80,5.42,455.28,0.0,8.0,2024-05-07 08:00:00,PO-00073,2024-05-07,2024-05-17,2024-05-16,RECEIVED,SGD,1,inventory.bot,8,CleanHome Household Products,CLEANH-008,SKU-00136,MeadowFresh Milk,Dairy
373,74,1,116,57,52,4.39,250.23,2.0,8.0,2024-05-13 08:00:00,PO-00074,2024-05-13,2024-05-26,2024-05-26,RECEIVED,SGD,1,inventory.bot,2,Evergreen Produce Importers,EVERGR-002,SKU-00116,FrostyFoods Fish Fillets,Frozen
374,74,2,129,98,90,17.39,1704.22,0.0,8.0,2024-05-13 08:00:00,PO-00074,2024-05-13,2024-05-26,2024-05-26,RECEIVED,SGD,1,inventory.bot,2,Evergreen Produce Importers,EVERGR-002,SKU-00129,CitrusBurst Apple Juice,Beverages
375,74,3,137,95,90,6.58,625.1,5.0,8.0,2024-05-13 08:00:00,PO-00074,2024-05-13,2024-05-26,2024-05-26,RECEIVED,SGD,1,inventory.bot,2,Evergreen Produce Importers,EVERGR-002,SKU-00137,GoldenLoaf Wholemeal Bread,Bakery
376,74,4,75,88,87,11.12,978.56,3.0,8.0,2024-05-13 17:00:00,PO-00074,2024-05-13,2024-05-26,2024-05-26,RECEIVED,SGD,1,inventory.bot,2,Evergreen Produce Importers,EVERGR-002,SKU-00075,FrostyFoods Frozen Pizza,Frozen
377,74,5,50,26,25,2.07,53.82,0.0,8.0,2024-05-13 08:00:00,PO-00074,2024-05-13,2024-05-26,2024-05-26,RECEIVED,SGD,1,inventory.bot,2,Evergreen Produce Importers,EVERGR-002,SKU-00050,GardenFresh Lettuce,Produce
378,75,1,118,59,57,6.53,385.27,0.0,8.0,2024-05-14 14:00:00,PO-00075,2024-05-14,2024-05-18,2024-05-21,RECEIVED,SGD,1,inventory.bot,8,CleanHome Household Products,CLEANH-008,SKU-00118,MeadowFresh Milk,Dairy
379,75,2,121,104,95,5.07,527.28,3.0,8.0,2024-05-14 17:00:00,PO-00075,2024-05-14,2024-05-18,2024-05-21,RECEIVED,SGD,1,inventory.bot,8,CleanHome Household Products,CLEANH-008,SKU-00121,GardenFresh Apples,Produce
380,75,3,146,252,230,8.73,2199.96,0.0,8.0,2024-05-14 16:00:00,PO-00075,2024-05-14,2024-05-18,2024-05-21,RECEIVED,SGD,1,inventory.bot,8,CleanHome Household Products,CLEANH-008,SKU-00146,SnackTime Trail Mix,Snacks
381,76,1,39,112,109,1.62,181.44,0.0,8.0,2024-05-20 14:00:00,PO-00076,2024-05-20,2024-05-30,2024-05-30,SENT,SGD,1,procurement.mgr,6,Blue Ocean Seafood Traders,BLUEOC-006,SKU-00039,FrostyFoods Ice Cream,Frozen
382,76,2,20,71,70,12.54,890.34,3.0,8.0,2024-05-20 15:00:00,PO-00076,2024-05-20,2024-05-30,2024-05-30,SENT,SGD,1,procurement.mgr,6,Blue Ocean Seafood Traders,BLUEOC-006,SKU-00020,FarmHouse Yogurt,Dairy
383,76,3,126,93,92,17.66,1642.38,2.0,8.0,2024-05-20 13:00:00,PO-00076,2024-05-20,2024-05-30,2024-05-30,SENT,SGD,1,procurement.mgr,6,Blue Ocean Seafood Traders,BLUEOC-006,SKU-00126,ThirstQuench Orange Juice,Beverages
384,77,1,22,47,43,4.14,194.58,2.0,8.0,2024-05-21 12:00:00,PO-00077,2024-05-21,2024-05-26,2024-05-25,SENT,SGD,1,system.auto,2,Evergreen Produce Importers,EVERGR-002,SKU-00022,HarmonyCare Hand Soap,Personal Care
385,77,2,38,53,52,13.65,723.45,0.0,8.0,2024-05-21 10:00:00,PO-00077,2024-05-21,2024-05-26,2024-05-25,SENT,SGD,1,system.auto,2,Evergreen Produce Importers,EVERGR-002,SKU-00038,DailyBake Croissant,Bakery
386,77,3,119,32,29,2.88,92.16,0.0,8.0,2024-05-21 13:00:00,PO-00077,2024-05-21,2024-05-26,2024-05-25,SENT,SGD,1,system.auto,2,Evergreen Produce Importers,EVERGR-002,SKU-00119,FrostyFoods Frozen Peas,Frozen
387,78,1,17,49,48,9.54,467.46,0.0,8.0,2024-05-21 10:00:00,PO-00078,2024-05-21,2024-05-26,2024-05-26,RECEIVED,SGD,1,store.manager,9,Fresh & Crisp Snacks,FRESHC-009,SKU-00017,ButcherSelect Chicken Breast,Meat
388,78,2,8,29,27,8.62,249.98,0.0,8.0,2024-05-21 14:00:00,PO-00078,2024-05-21,2024-05-26,2024-05-26,RECEIVED,SGD,1,store.manager,9,Fresh & Crisp Snacks,FRESHC-009,SKU-00008,PureGlow Toothpaste,Personal Care
389,78,3,115,81,79,1.47,119.07,0.0,8.0,2024-05-21 09:00:00,PO-00078,2024-05-21,2024-05-26,2024-05-26,RECEIVED,SGD,1,store.manager,9,Fresh & Crisp Snacks,FRESHC-009,SKU-00115,GoldenLoaf Muffins,Bakery
390,79,1,4,23,23,17.97,413.31,5.0,8.0,2024-05-21 10:00:00,PO-00079,2024-05-21,2024-05-26,2024-05-29,CLOSED,SGD,1,store.manager,4,Golden Harvest Grocers,GOLDEN-004,SKU-00004,GoldenLoaf Croissant,Bakery
391,79,2,14,143,142,15.28,2185.04,2.0,8.0,2024-05-21 15:00:00,PO-00079,2024-05-21,2024-05-26,2024-05-29,CLOSED,SGD,1,store.manager,4,Golden Harvest Grocers,GOLDEN-004,SKU-00014,CleanHome Paper Towels,Household
392,79,3,6,25,23,15.54,388.5,0.0,8.0,2024-05-21 16:00:00,PO-00079,2024-05-21,2024-05-26,2024-05-29,CLOSED,SGD,1,store.manager,4,Golden Harvest Grocers,GOLDEN-004,SKU-00006,GoldenLoaf White Bread,Bakery
393,79,4,52,271,264,15.55,4214.05,0.0,8.0,2024-05-21 13:00:00,PO-00079,2024-05-21,2024-05-26,2024-05-29,CLOSED,SGD,1,store.manager,4,Golden Harvest Grocers,GOLDEN-004,SKU-00052,SnackTime Potato Chips,Snacks
394,79,5,45,200,190,1.15,230.0,0.0,8.0,2024-05-21 14:00:00,PO-00079,2024-05-21,2024-05-26,2024-05-29,CLOSED,SGD,1,store.manager,4,Golden Harvest Grocers,GOLDEN-004,SKU-00045,HappySnacks Potato Chips,Snacks
395,79,6,37,52,51,24.46,1271.92,5.0,8.0,2024-05-21 14:00:00,PO-00079,2024-05-21,2024-05-26,2024-05-29,CLOSED,SGD,1,store.manager,4,Golden Harvest Grocers,GOLDEN-004,SKU-00037,BlueOcean Salmon Fillet,Seafood
396,79,7,68,34,33,13.21,449.14,3.0,8.0,2024-05-21 08:00:00,PO-00079,2024-05-21,2024-05-26,2024-05-29,CLOSED,SGD,1,store.manager,4,Golden Harvest Grocers,GOLDEN-004,SKU-00068,PrimeChoice Chicken Breast,Meat
397,79,8,48,22,21,14.67,322.74,2.0,8.0,2024-05-21 15:00:00,PO-00079,2024-05-21,2024-05-26,2024-05-29,CLOSED,SGD,1,store.manager,4,Golden Harvest Grocers,GOLDEN-004,SKU-00048,SparklePro Laundry Detergent,Household
398,80,1,143,97,91,9.54,925.38,0.0,8.0,2024-05-27 15:00:00,PO-00080,2024-05-27,2024-06-04,2024-06-05,RECEIVED,SGD,1,procurement.mgr,7,Prime Choice Meats,PRIMEC-007,SKU-00143,PureGlow Toothpaste,Personal Care
399,80,2,44,179,175,11.61,2078.19,2.0,8.0,2024-05-27 15:00:00,PO-00080,2024-05-27,2024-06-04,2024-06-05,RECEIVED,SGD,1,procurement.mgr,7,Prime Choice Meats,PRIMEC-007,SKU-00044,CrunchyBite Potato Chips,Snacks
400,80,3,21,30,27,27.84,835.2,5.0,8.0,2024-05-27 08:00:00,PO-00080,2024-05-27,2024-06-04,2024-06-05,RECEIVED,SGD,1,procurement.mgr,7,Prime Choice Meats,PRIMEC-007,SKU-00021,SeaHarvest Prawns,Seafood
401,81,1,1,113,111,5.77,652.01,2.0,8.0,2024-05-27 13:00:00,PO-00081,2024-05-27,2024-06-07,2024-06-10,RECEIVED,SGD,1,inventory.bot,8,CleanHome Household Products,CLEANH-008,SKU-00001,SparklePro Laundry Detergent,Household
402,81,2,123,86,84,23.96,2060.56,5.0,8.0,2024-05-27 13:00:00,PO-00081,2024-05-27,2024-06-07,2024-06-10,RECEIVED,SGD,1,inventory.bot,8,CleanHome Household Products,CLEANH-008,SKU-00123,PureGlow Hand Soap,Personal Care
403,81,3,142,128,121,2.98,381.44,5.0,8.0,2024-05-27 11:00:00,PO-00081,2024-05-27,2024-06-07,2024-06-10,RECEIVED,SGD,1,inventory.bot,8,CleanHome Household Products,CLEANH-008,SKU-00142,FarmHouse Cheese,Dairy
404,81,4,146,55,51,8.73,480.15,0.0,8.0,2024-05-27 16:00:00,PO-00081,2024-05-27,2024-06-07,2024-06-10,RECEIVED,SGD,1,inventory.bot,8,CleanHome Household Products,CLEANH-008,SKU-00146,SnackTime Trail Mix,Snacks
405,81,5,18,108,101,4.8,518.4,0.0,8.0,2024-05-27 15:00:00,PO-00081,2024-05-27,2024-06-07,2024-06-10,RECEIVED,SGD,1,inventory.bot,8,CleanHome Household Products,CLEANH-008,SKU-00018,MilkyWay Yogurt,Dairy
406,81,6,99,50,49,15.58,779.0,2.0,8.0,2024-05-27 09:00:00,PO-00081,2024-05-27,2024-06-07,2024-06-10,RECEIVED,SGD,1,inventory.bot,8,CleanHome Household Products,CLEANH-008,SKU-00099,FarmHouse Butter,Dairy
407,82,1,50,25,25,2.24,56.0,3.0,8.0,2024-05-28 09:00:00,PO-00082,2024-05-28,2024-06-07,2024-06-07,RECEIVED,SGD,1,system.auto,2,Evergreen Produce Importers,EVERGR-002,SKU-00050,GardenFresh Lettuce,Produce
408,82,2,38,77,73,13.82,1064.14,3.0,8.0,2024-05-28 10:00:00,PO-00082,2024-05-28,2024-06-07,2024-06-07,RECEIVED,SGD,1,system.auto,2,Evergreen Produce Importers,EVERGR-002,SKU-00038,DailyBake Croissant,Bakery
409,82,3,98,99,89,20.3,2009.7,3.0,8.0,2024-05-28 14:00:00,PO-00082,2024-05-28,2024-06-07,2024-06-07,RECEIVED,SGD,1,system.auto,2,Evergreen Produce Importers,EVERGR-002,SKU-00098,MeadowFresh Yogurt,Dairy
410,82,4,144,145,139,20.65,2994.25,0.0,8.0,2024-05-28 17:00:00,PO-00082,2024-05-28,2024-06-07,2024-06-07,RECEIVED,SGD,1,system.auto,2,Evergreen Produce Importers,EVERGR-002,SKU-00144,MeadowFresh Yogurt,Dairy
411,83,1,6,63,63,15.23,959.49,0.0,8.0,2024-05-28 10:00:00,PO-00083,2024-05-28,2024-06-06,2024-06-09,RECEIVED,SGD,1,store.manager,4,Golden Harvest Grocers,GOLDEN-004,SKU-00006,GoldenLoaf White Bread,Bakery
412,83,2,52,170,163,15.8,2686.0,3.0,8.0,2024-05-28 12:00:00,PO-00083,2024-05-28,2024-06-06,2024-06-09,RECEIVED,SGD,1,store.manager,4,Golden Harvest Grocers,GOLDEN-004,SKU-00052,SnackTime Potato Chips,Snacks
413,83,3,48,100,97,15.85,1585.0,5.0,8.0,2024-05-28 11:00:00,PO-00083,2024-05-28,2024-06-06,2024-06-09,RECEIVED,SGD,1,store.manager,4,Golden Harvest Grocers,GOLDEN-004,SKU-00048,SparklePro Laundry Detergent,Household
414,83,4,93,58,53,4.17,241.86,5.0,8.0,2024-05-28 13:00:00,PO-00083,2024-05-28,2024-06-06,2024-06-09,RECEIVED,SGD,1,store.manager,4,Golden Harvest Grocers,GOLDEN-004,SKU-00093,FrostyFoods Fish Fillets,Frozen
415,84,1,125,81,78,6.04,489.24,5.0,8.0,2024-05-28 14:00:00,PO-00084,2024-05-28,2024-06-08,2024-06-09,RECEIVED,SGD,1,store.manager,5,Sunrise Dairy Supplies,SUNRIS-005,SKU-00125,GreenFields Apples,Produce
416,84,2,122,83,77,17.6,1460.8,0.0,8.0,2024-05-28 16:00:00,PO-00084,2024-05-28,2024-06-08,2024-06-09,RECEIVED,SGD,1,store.manager,5,Sunrise Dairy Supplies,SUNRIS-005,SKU-00122,PureGlow Shampoo,Personal Care
417,84,3,40,46,42,1.73,79.58,5.0,8.0,2024-05-28 08:00:00,PO-00084,2024-05-28,2024-06-08,2024-06-09,RECEIVED,SGD,1,store.manager,5,Sunrise Dairy Supplies,SUNRIS-005,SKU-00040,MeadowFresh Butter,Dairy
418,84,4,105,58,54,7.58,439.64,0.0,8.0,2024-05-28 12:00:00,PO-00084,2024-05-28,2024-06-08,2024-06-09,RECEIVED,SGD,1,store.manager,5,Sunrise Dairy Supplies,SUNRIS-005,SKU-00105,FrostyFoods Ice Cream,Frozen
419,85,1,45,306,296,1.14,348.84,0.0,8.0,2024-06-03 16:00:00,PO-00085,2024-06-03,2024-06-06,2024-06-07,CLOSED,SGD,1,system.auto,4,Golden Harvest Grocers,GOLDEN-004,SKU-00045,HappySnacks Potato Chips,Snacks
420,85,2,37,34,31,25.2,856.8,5.0,8.0,2024-06-03 12:00:00,PO-00085,2024-06-03,2024-06-06,2024-06-07,CLOSED,SGD,1,system.auto,4,Golden Harvest Grocers,GOLDEN-004,SKU-00037,BlueOcean Salmon Fillet,Seafood
421,85,3,90,21,21,12.19,255.99,5.0,8.0,2024-06-03 13:00:00,PO-00085,2024-06-03,2024-06-06,2024-06-07,CLOSED,SGD,1,system.auto,4,Golden Harvest Grocers,GOLDEN-004,SKU-00090,PrimeChoice Minced Beef,Meat
422,86,1,26,135,129,4.53,611.55,0.0,8.0,2024-06-03 11:00:00,PO-00086,2024-06-03,2024-06-09,2024-06-12,CLOSED,SGD,1,procurement.mgr,5,Sunrise Dairy Supplies,SUNRIS-005,SKU-00026,FarmHouse Milk,Dairy
423,86,2,125,57,54,6.06,345.42,0.0,8.0,2024-06-03 10:00:00,PO-00086,2024-06-03,2024-06-09,2024-06-12,CLOSED,SGD,1,procurement.mgr,5,Sunrise Dairy Supplies,SUNRIS-005,SKU-00125,GreenFields Apples,Produce
424,86,3,64,21,20,31.33,657.93,0.0,8.0,2024-06-03 14:00:00,PO-00086,2024-06-03,2024-06-09,2024-06-12,CLOSED,SGD,1,procurement.mgr,5,Sunrise Dairy Supplies,SUNRIS-005,SKU-00064,SeaHarvest Salmon Fillet,Seafood
425,87,1,41,33,32,9.55,315.15,5.0,8.0,2024-06-03 12:00:00,PO-00087,2024-06-03,2024-06-13,2024-06-13,RECEIVED,SGD,1,procurement.mgr,2,Evergreen Produce Importers,EVERGR-002,SKU-00041,SparklePro Paper Towels,Household
426,87,2,43,41,40,33.21,1361.61,0.0,8.0,2024-06-03 13:00:00,PO-00087,2024-06-03,2024-06-13,2024-06-13,RECEIVED,SGD,1,procurement.mgr,2,Evergreen Produce Importers,EVERGR-002,SKU-00043,SeaHarvest Salmon Fillet,Seafood
427,87,3,62,76,76,3.3,250.8,3.0,8.0,2024-06-03 10:00:00,PO-00087,2024-06-03,2024-06-13,2024-06-13,RECEIVED,SGD,1,procurement.mgr,2,Evergreen Produce Importers,EVERGR-002,SKU-00062,SparklePro Trash Bags,Household
428,87,4,7,146,139,18.66,2724.36,0.0,8.0,2024-06-03 11:00:00,PO-00087,2024-06-03,2024-06-13,2024-06-13,RECEIVED,SGD,1,procurement.mgr,2,Evergreen Produce Importers,EVERGR-002,SKU-00007,CitrusBurst Orange Juice,Beverages
429,87,5,137,47,45,6.72,315.84,0.0,8.0,2024-06-03 11:00:00,PO-00087,2024-06-03,2024-06-13,2024-06-13,RECEIVED,SGD,1,procurement.mgr,2,Evergreen Produce Importers,EVERGR-002,SKU-00137,GoldenLoaf Wholemeal Bread,Bakery
430,88,1,105,79,72,7.28,575.12,0.0,8.0,2024-06-04 14:00:00,PO-00088,2024-06-04,2024-06-10,2024-06-13,SENT,SGD,1,procurement.mgr,5,Sunrise Dairy Supplies,SUNRIS-005,SKU-00105,FrostyFoods Ice Cream,Frozen
431,88,2,97,52,48,3.05,158.6,0.0,8.0,2024-06-04 08:00:00,PO-00088,2024-06-04,2024-06-10,2024-06-13,SENT,SGD,1,procurement.mgr,5,Sunrise Dairy Supplies,SUNRIS-005,SKU-00097,GreenFields Apples,Produce
432,88,3,133,86,82,9.49,816.14,0.0,8.0,2024-06-04 16:00:00,PO-00088,2024-06-04,2024-06-10,2024-06-13,SENT,SGD,1,procurement.mgr,5,Sunrise Dairy Supplies,SUNRIS-005,SKU-00133,GoldenLoaf White Bread,Bakery
433,88,4,26,142,128,4.42,627.64,2.0,8.0,2024-06-04 08:00:00,PO-00088,2024-06-04,2024-06-10,2024-06-13,SENT,SGD,1,procurement.mgr,5,Sunrise Dairy Supplies,SUNRIS-005,SKU-00026,FarmHouse Milk,Dairy
434,88,5,33,57,53,11.86,676.02,0.0,8.0,2024-06-04 13:00:00,PO-00088,2024-06-04,2024-06-10,2024-06-13,SENT,SGD,1,procurement.mgr,5,Sunrise Dairy Supplies,SUNRIS-005,SKU-00033,GoldenLoaf White Bread,Bakery
435,88,6,69,110,103,2.29,251.9,0.0,8.0,2024-06-04 10:00:00,PO-00088,2024-06-04,2024-06-10,2024-06-13,SENT,SGD,1,procurement.mgr,5,Sunrise Dairy Supplies,SUNRIS-005,SKU-00069,FrostyFoods Frozen Pizza,Frozen
436,88,7,46,177,174,19.08,3377.16,5.0,8.0,2024-06-04 09:00:00,PO-00088,2024-06-04,2024-06-10,2024-06-13,SENT,SGD,1,procurement.mgr,5,Sunrise Dairy Supplies,SUNRIS-005,SKU-00046,ThirstQuench Apple Juice,Beverages
437,89,1,50,111,104,2.08,230.88,0.0,8.0,2024-06-04 10:00:00,PO-00089,2024-06-04,2024-06-13,2024-06-12,RECEIVED,SGD,1,system.auto,2,Evergreen Produce Importers,EVERGR-002,SKU-00050,GardenFresh Lettuce,Produce
438,89,2,114,68,65,18.57,1262.76,0.0,8.0,2024-06-04 12:00:00,PO-00089,2024-06-04,2024-06-13,2024-06-12,RECEIVED,SGD,1,system.auto,2,Evergreen Produce Importers,EVERGR-002,SKU-00114,FrostyFoods Frozen Pizza,Frozen
439,89,3,38,72,68,13.88,999.36,2.0,8.0,2024-06-04 13:00:00,PO-00089,2024-06-04,2024-06-13,2024-06-12,RECEIVED,SGD,1,system.auto,2,Evergreen Produce Importers,EVERGR-002,SKU-00038,DailyBake Croissant,Bakery
440,89,4,144,34,32,19.05,647.7,0.0,8.0,2024-06-04 17:00:00,PO-00089,2024-06-04,2024-06-13,2024-06-12,RECEIVED,SGD,1,system.auto,2,Evergreen Produce Importers,EVERGR-002,SKU-00144,MeadowFresh Yogurt,Dairy
441,89,5,62,36,35,3.32,119.52,5.0,8.0,2024-06-04 09:00:00,PO-00089,2024-06-04,2024-06-13,2024-06-12,RECEIVED,SGD,1,system.auto,2,Evergreen Produce Importers,EVERGR-002,SKU-00062,SparklePro Trash Bags,Household
442,89,6,137,65,65,6.57,427.05,5.0,8.0,2024-06-04 12:00:00,PO-00089,2024-06-04,2024-06-13,2024-06-12,RECEIVED,SGD,1,system.auto,2,Evergreen Produce Importers,EVERGR-002,SKU-00137,GoldenLoaf Wholemeal Bread,Bakery
443,89,7,77,97,88,11.75,1139.75,2.0,8.0,2024-06-04 14:00:00,PO-00089,2024-06-04,2024-06-13,2024-06-12,RECEIVED,SGD,1,system.auto,2,Evergreen Produce Importers,EVERGR-002,SKU-00077,GreenFields Bananas,Produce
444,89,8,98,86,84,18.9,1625.4,0.0,8.0,2024-06-04 16:00:00,PO-00089,2024-06-04,2024-06-13,2024-06-12,RECEIVED,SGD,1,system.auto,2,Evergreen Produce Importers,EVERGR-002,SKU-00098,MeadowFresh Yogurt,Dairy
445,90,1,98,38,34,20.02,760.76,3.0,8.0,2024-06-10 16:00:00,PO-00090,2024-06-10,2024-06-23,2024-06-24,RECEIVED,SGD,1,procurement.mgr,2,Evergreen Produce Importers,EVERGR-002,SKU-00098,MeadowFresh Yogurt,Dairy
446,90,2,137,30,28,7.01,210.3,5.0,8.0,2024-06-10 13:00:00,PO-00090,2024-06-10,2024-06-23,2024-06-24,RECEIVED,SGD,1,procurement.mgr,2,Evergreen Produce Importers,EVERGR-002,SKU-00137,GoldenLoaf Wholemeal Bread,Bakery
447,90,3,67,23,22,16.04,368.92,3.0,8.0,2024-06-10 10:00:00,PO-00090,2024-06-10,2024-06-23,2024-06-24,RECEIVED,SGD,1,procurement.mgr,2,Evergreen Produce Importers,EVERGR-002,SKU-00067,SeaHarvest Prawns,Seafood
448,90,4,41,61,56,9.54,581.94,0.0,8.0,2024-06-10 11:00:00,PO-00090,2024-06-10,2024-06-23,2024-06-24,RECEIVED,SGD,1,procurement.mgr,2,Evergreen Produce Importers,EVERGR-002,SKU-00041,SparklePro Paper Towels,Household
449,90,5,119,44,40,2.86,125.84,0.0,8.0,2024-06-10 16:00:00,PO-00090,2024-06-10,2024-06-23,2024-06-24,RECEIVED,SGD,1,procurement.mgr,2,Evergreen Produce Importers,EVERGR-002,SKU-00119,FrostyFoods Frozen Peas,Frozen
450,90,6,75,103,99,10.91,1123.73,5.0,8.0,2024-06-10 09:00:00,PO-00090,2024-06-10,2024-06-23,2024-06-24,RECEIVED,SGD,1,procurement.mgr,2,Evergreen Produce Importers,EVERGR-002,SKU-00075,FrostyFoods Frozen Pizza,Frozen
451,90,7,144,67,61,20.26,1357.42,2.0,8.0,2024-06-10 13:00:00,PO-00090,2024-06-10,2024-06-23,2024-06-24,RECEIVED,SGD,1,procurement.mgr,2,Evergreen Produce Importers,EVERGR-002,SKU-00144,MeadowFresh Yogurt,Dairy
452,90,8,77,65,59,11.63,755.95,0.0,8.0,2024-06-10 12:00:00,PO-00090,2024-06-10,2024-06-23,2024-06-24,RECEIVED,SGD,1,procurement.mgr,2,Evergreen Produce Importers,EVERGR-002,SKU-00077,GreenFields Bananas,Produce
453,91,1,80,219,206,3.22,705.18,0.0,8.0,2024-06-11 14:00:00,PO-00091,2024-06-11,2024-06-23,2024-06-24,SENT,SGD,1,procurement.mgr,3,Pacific Beverages & Co.,PACIFI-003,SKU-00080,CrunchyBite Potato Chips,Snacks
454,91,2,86,36,34,2.57,92.52,0.0,8.0,2024-06-11 11:00:00,PO-00091,2024-06-11,2024-06-23,2024-06-24,SENT,SGD,1,procurement.mgr,3,Pacific Beverages & Co.,PACIFI-003,SKU-00086,HarmonyCare Toothpaste,Personal Care
455,91,3,141,261,245,19.38,5058.18,2.0,8.0,2024-06-11 12:00:00,PO-00091,2024-06-11,2024-06-23,2024-06-24,SENT,SGD,1,procurement.mgr,3,Pacific Beverages & Co.,PACIFI-003,SKU-00141,HappySnacks Potato Chips,Snacks
456,91,4,145,66,60,0.94,62.04,5.0,8.0,2024-06-11 13:00:00,PO-00091,2024-06-11,2024-06-23,2024-06-24,SENT,SGD,1,procurement.mgr,3,Pacific Beverages & Co.,PACIFI-003,SKU-00145,GreenFields Tomatoes,Produce
457,92,1,143,83,76,9.47,786.01,5.0,8.0,2024-06-18 09:00:00,PO-00092,2024-06-18,2024-07-01,2024-07-04,RECEIVED,SGD,1,store.manager,7,Prime Choice Meats,PRIMEC-007,SKU-00143,PureGlow Toothpaste,Personal Care
458,92,2,44,266,241,11.11,2955.26,3.0,8.0,2024-06-18 08:00:00,PO-00092,2024-06-18,2024-07-01,2024-07-04,RECEIVED,SGD,1,store.manager,7,Prime Choice Meats,PRIMEC-007,SKU-00044,CrunchyBite Potato Chips,Snacks
459,92,3,102,144,138,2.06,296.64,3.0,8.0,2024-06-18 11:00:00,PO-00092,2024-06-18,2024-07-01,2024-07-04,RECEIVED,SGD,1,store.manager,7,Prime Choice Meats,PRIMEC-007,SKU-00102,MeadowFresh Cheese,Dairy
460,92,4,51,24,23,14.24,341.76,3.0,8.0,2024-06-18 15:00:00,PO-00092,2024-06-18,2024-07-01,2024-07-04,RECEIVED,SGD,1,store.manager,7,Prime Choice Meats,PRIMEC-007,SKU-00051,GardenFresh Apples,Produce
461,92,5,19,121,118,6.49,785.29,0.0,8.0,2024-06-18 17:00:00,PO-00092,2024-06-18,2024-07-01,2024-07-04,RECEIVED,SGD,1,store.manager,7,Prime Choice Meats,PRIMEC-007,SKU-00019,FarmHouse Butter,Dairy
462,92,6,53,114,104,9.04,1030.56,0.0,8.0,2024-06-18 14:00:00,PO-00092,2024-06-18,2024-07-01,2024-07-04,RECEIVED,SGD,1,store.manager,7,Prime Choice Meats,PRIMEC-007,SKU-00053,CitrusBurst Orange Juice,Beverages
463,93,1,104,80,79,5.39,431.2,3.0,8.0,2024-06-18 10:00:00,PO-00093,2024-06-18,2024-07-01,2024-07-01,SENT,SGD,1,procurement.mgr,9,Fresh & Crisp Snacks,FRESHC-009,SKU-00104,ThirstQuench Apple Juice,Beverages
464,93,2,28,163,162,0.94,153.22,0.0,8.0,2024-06-18 11:00:00,PO-00093,2024-06-18,2024-07-01,2024-07-01,SENT,SGD,1,procurement.mgr,9,Fresh & Crisp Snacks,FRESHC-009,SKU-00028,CitrusBurst Cola,Beverages
465,93,3,88,58,56,22.78,1321.24,0.0,8.0,2024-06-18 12:00:00,PO-00093,2024-06-18,2024-07-01,2024-07-01,SENT,SGD,1,procurement.mgr,9,Fresh & Crisp Snacks,FRESHC-009,SKU-00088,SeaHarvest Squid Rings,Seafood
466,94,1,104,50,50,5.47,273.5,5.0,8.0,2024-06-18 16:00:00,PO-00094,2024-06-18,2024-06-26,2024-06-28,CLOSED,SGD,1,inventory.bot,9,Fresh & Crisp Snacks,FRESHC-009,SKU-00104,ThirstQuench Apple Juice,Beverages
467,94,2,28,110,108,0.88,96.8,3.0,8.0,2024-06-18 17:00:00,PO-00094,2024-06-18,2024-06-26,2024-06-28,CLOSED,SGD,1,inventory.bot,9,Fresh & Crisp Snacks,FRESHC-009,SKU-00028,CitrusBurst Cola,Beverages
468,94,3,87,42,39,1.18,49.56,3.0,8.0,2024-06-18 09:00:00,PO-00094,2024-06-18,2024-06-26,2024-06-28,CLOSED,SGD,1,inventory.bot,9,Fresh & Crisp Snacks,FRESHC-009,SKU-00087,DailyBake Muffins,Bakery
469,95,1,148,309,290,1.61,497.49,0.0,8.0,2024-06-24 11:00:00,PO-00095,2024-06-24,2024-07-04,2024-07-06,SENT,SGD,1,system.auto,1,Lion City Foods Pte Ltd,LIONCI-001,SKU-00148,SnackTime Trail Mix,Snacks
470,95,2,49,78,74,4.57,356.46,0.0,8.0,2024-06-24 11:00:00,PO-00095,2024-06-24,2024-07-04,2024-07-06,SENT,SGD,1,system.auto,1,Lion City Foods Pte Ltd,LIONCI-001,SKU-00049,HappySnacks Potato Chips,Snacks
471,95,3,74,78,73,5.77,450.06,0.0,8.0,2024-06-24 17:00:00,PO-00095,2024-06-24,2024-07-04,2024-07-06,SENT,SGD,1,system.auto,1,Lion City Foods Pte Ltd,LIONCI-001,SKU-00074,CitrusBurst Orange Juice,Beverages
472,95,4,71,30,29,19.37,581.1,2.0,8.0,2024-06-24 13:00:00,PO-00095,2024-06-24,2024-07-04,2024-07-06,SENT,SGD,1,system.auto,1,Lion City Foods Pte Ltd,LIONCI-001,SKU-00071,ButcherSelect Pork Chops,Meat
473,95,5,70,263,254,19.0,4997.0,5.0,8.0,2024-06-24 15:00:00,PO-00095,2024-06-24,2024-07-04,2024-07-06,SENT,SGD,1,system.auto,1,Lion City Foods Pte Ltd,LIONCI-001,SKU-00070,HappySnacks Trail Mix,Snacks
474,95,6,83,40,37,14.23,569.2,0.0,8.0,2024-06-24 14:00:00,PO-00095,2024-06-24,2024-07-04,2024-07-06,SENT,SGD,1,system.auto,1,Lion City Foods Pte Ltd,LIONCI-001,SKU-00083,SeaHarvest Prawns,Seafood
475,96,1,78,33,33,22.61,746.13,0.0,8.0,2024-06-25 10:00:00,PO-00096,2024-06-25,2024-06-30,2024-06-30,SENT,SGD,1,system.auto,8,CleanHome Household Products,CLEANH-008,SKU-00078,ButcherSelect Chicken Breast,Meat
476,96,2,127,81,79,13.42,1087.02,3.0,8.0,2024-06-25 17:00:00,PO-00096,2024-06-25,2024-06-30,2024-06-30,SENT,SGD,1,system.auto,8,CleanHome Household Products,CLEANH-008,SKU-00127,HarmonyCare Body Wash,Personal Care
477,96,3,142,119,110,2.96,352.24,5.0,8.0,2024-06-25 12:00:00,PO-00096,2024-06-25,2024-06-30,2024-06-30,SENT,SGD,1,system.auto,8,CleanHome Household Products,CLEANH-008,SKU-00142,FarmHouse Cheese,Dairy
478,97,1,97,118,108,3.09,364.62,0.0,8.0,2024-06-25 10:00:00,PO-00097,2024-06-25,2024-06-30,2024-06-30,CLOSED,SGD,1,procurement.mgr,5,Sunrise Dairy Supplies,SUNRIS-005,SKU-00097,GreenFields Apples,Produce
479,97,2,113,56,54,8.79,492.24,3.0,8.0,2024-06-25 17:00:00,PO-00097,2024-06-25,2024-06-30,2024-06-30,CLOSED,SGD,1,procurement.mgr,5,Sunrise Dairy Supplies,SUNRIS-005,SKU-00113,SeaHarvest Salmon Fillet,Seafood
480,97,3,133,28,26,9.08,254.24,0.0,8.0,2024-06-25 08:00:00,PO-00097,2024-06-25,2024-06-30,2024-06-30,CLOSED,SGD,1,procurement.mgr,5,Sunrise Dairy Supplies,SUNRIS-005,SKU-00133,GoldenLoaf White Bread,Bakery
481,97,4,122,40,38,17.71,708.4,5.0,8.0,2024-06-25 14:00:00,PO-00097,2024-06-25,2024-06-30,2024-06-30,CLOSED,SGD,1,procurement.mgr,5,Sunrise Dairy Supplies,SUNRIS-005,SKU-00122,PureGlow Shampoo,Personal Care
482,98,1,57,127,119,23.77,3018.79,3.0,8.0,2024-07-01 14:00:00,PO-00098,2024-07-01,2024-07-05,2024-07-07,RECEIVED,SGD,1,system.auto,10,Harmony Personal Care,HARMON-010,SKU-00057,CleanHome Laundry Detergent,Household
483,98,2,140,24,24,21.63,519.12,2.0,8.0,2024-07-01 13:00:00,PO-00098,2024-07-01,2024-07-05,2024-07-07,RECEIVED,SGD,1,system.auto,10,Harmony Personal Care,HARMON-010,SKU-00140,BlueOcean Squid Rings,Seafood
484,98,3,85,90,88,14.8,1332.0,5.0,8.0,2024-07-01 17:00:00,PO-00098,2024-07-01,2024-07-05,2024-07-07,RECEIVED,SGD,1,system.auto,10,Harmony Personal Care,HARMON-010,SKU-00085,PureGlow Body Wash,Personal Care
485,98,4,110,27,25,10.35,279.45,0.0,8.0,2024-07-01 09:00:00,PO-00098,2024-07-01,2024-07-05,2024-07-07,RECEIVED,SGD,1,system.auto,10,Harmony Personal Care,HARMON-010,SKU-00110,HarmonyCare Hand Soap,Personal Care
486,98,5,16,112,108,6.94,777.28,0.0,8.0,2024-07-01 11:00:00,PO-00098,2024-07-01,2024-07-05,2024-07-07,RECEIVED,SGD,1,system.auto,10,Harmony Personal Care,HARMON-010,SKU-00016,CitrusBurst Apple Juice,Beverages
487,98,6,82,59,57,2.57,151.63,3.0,8.0,2024-07-01 16:00:00,PO-00098,2024-07-01,2024-07-05,2024-07-07,RECEIVED,SGD,1,system.auto,10,Harmony Personal Care,HARMON-010,SKU-00082,CrunchyBite Trail Mix,Snacks
488,98,7,120,35,33,10.77,376.95,0.0,8.0,2024-07-01 13:00:00,PO-00098,2024-07-01,2024-07-05,2024-07-07,RECEIVED,SGD,1,system.auto,10,Harmony Personal Care,HARMON-010,SKU-00120,GoldenLoaf Wholemeal Bread,Bakery
489,99,1,24,133,128,8.63,1147.79,2.0,8.0,2024-07-02 11:00:00,PO-00099,2024-07-02,2024-07-14,2024-07-15,RECEIVED,SGD,1,inventory.bot,9,Fresh & Crisp Snacks,FRESHC-009,SKU-00024,CoolSip Green Tea,Beverages
490,99,2,63,125,119,3.93,491.25,0.0,8.0,2024-07-02 13:00:00,PO-00099,2024-07-02,2024-07-14,2024-07-15,RECEIVED,SGD,1,inventory.bot,9,Fresh & Crisp Snacks,FRESHC-009,SKU-00063,CleanHome Trash Bags,Household
491,99,3,104,183,175,5.43,993.69,0.0,8.0,2024-07-02 17:00:00,PO-00099,2024-07-02,2024-07-14,2024-07-15,RECEIVED,SGD,1,inventory.bot,9,Fresh & Crisp Snacks,FRESHC-009,SKU-00104,ThirstQuench Apple Juice,Beverages
492,100,1,98,144,141,19.93,2869.92,5.0,8.0,2024-07-02 08:00:00,PO-00100,2024-07-02,2024-07-06,2024-07-06,SENT,SGD,1,inventory.bot,2,Evergreen Produce Importers,EVERGR-002,SKU-00098,MeadowFresh Yogurt,Dairy
493,100,2,41,61,59,9.33,569.13,5.0,8.0,2024-07-02 08:00:00,PO-00100,2024-07-02,2024-07-06,2024-07-06,SENT,SGD,1,inventory.bot,2,Evergreen Produce Importers,EVERGR-002,SKU-00041,SparklePro Paper Towels,Household
494,100,3,38,31,29,14.14,438.34,2.0,8.0,2024-07-02 17:00:00,PO-00100,2024-07-02,2024-07-06,2024-07-06,SENT,SGD,1,inventory.bot,2,Evergreen Produce Importers,EVERGR-002,SKU-00038,DailyBake Croissant,Bakery
495,100,4,59,70,65,5.15,360.5,0.0,8.0,2024-07-02 11:00:00,PO-00100,2024-07-02,2024-07-06,2024-07-06,SENT,SGD,1,inventory.bot,2,Evergreen Produce Importers,EVERGR-002,SKU-00059,PureGlow Shampoo,Personal Care
496,100,5,119,87,85,2.66,231.42,0.0,8.0,2024-07-02 14:00:00,PO-00100,2024-07-02,2024-07-06,2024-07-06,SENT,SGD,1,inventory.bot,2,Evergreen Produce Importers,EVERGR-002,SKU-00119,FrostyFoods Frozen Peas,Frozen
497,100,6,144,162,147,20.77,3364.74,3.0,8.0,2024-07-02 16:00:00,PO-00100,2024-07-02,2024-07-06,2024-07-06,SENT,SGD,1,inventory.bot,2,Evergreen Produce Importers,EVERGR-002,SKU-00144,MeadowFresh Yogurt,Dairy
498,100,7,77,56,53,11.69,654.64,3.0,8.0,2024-07-02 08:00:00,PO-00100,2024-07-02,2024-07-06,2024-07-06,SENT,SGD,1,inventory.bot,2,Evergreen Produce Importers,EVERGR-002,SKU-00077,GreenFields Bananas,Produce
499,100,8,22,34,34,4.14,140.76,2.0,8.0,2024-07-02 08:00:00,PO-00100,2024-07-02,2024-07-06,2024-07-06,SENT,SGD,1,inventory.bot,2,Evergreen Produce Importers,EVERGR-002,SKU-00022,HarmonyCare Hand Soap,Personal Care
500,101,1,129,132,122,16.16,2133.12,0.0,8.0,2024-07-02 10:00:00,PO-00101,2024-07-02,2024-07-16,2024-07-16,SENT,SGD,1,procurement.mgr,2,Evergreen Produce Importers,EVERGR-002,SKU-00129,CitrusBurst Apple Juice,Beverages
501,101,2,67,15,14,16.6,249.0,2.0,8.0,2024-07-02 13:00:00,PO-00101,2024-07-02,2024-07-16,2024-07-16,SENT,SGD,1,procurement.mgr,2,Evergreen Produce Importers,EVERGR-002,SKU-00067,SeaHarvest Prawns,Seafood
502,101,3,50,105,104,2.15,225.75,3.0,8.0,2024-07-02 11:00:00,PO-00101,2024-07-02,2024-07-16,2024-07-16,SENT,SGD,1,procurement.mgr,2,Evergreen Produce Importers,EVERGR-002,SKU-00050,GardenFresh Lettuce,Produce
503,101,4,11,23,23,9.37,215.51,0.0,8.0,2024-07-02 09:00:00,PO-00101,2024-07-02,2024-07-16,2024-07-16,SENT,SGD,1,procurement.mgr,2,Evergreen Produce Importers,EVERGR-002,SKU-00011,CleanHome Paper Towels,Household
504,101,5,98,109,107,19.4,2114.6,3.0,8.0,2024-07-02 17:00:00,PO-00101,2024-07-02,2024-07-16,2024-07-16,SENT,SGD,1,procurement.mgr,2,Evergreen Produce Importers,EVERGR-002,SKU-00098,MeadowFresh Yogurt,Dairy
505,101,6,137,64,61,6.74,431.36,0.0,8.0,2024-07-02 11:00:00,PO-00101,2024-07-02,2024-07-16,2024-07-16,SENT,SGD,1,procurement.mgr,2,Evergreen Produce Importers,EVERGR-002,SKU-00137,GoldenLoaf Wholemeal Bread,Bakery
506,101,7,62,69,69,3.28,226.32,2.0,8.0,2024-07-02 17:00:00,PO-00101,2024-07-02,2024-07-16,2024-07-16,SENT,SGD,1,procurement.mgr,2,Evergreen Produce Importers,EVERGR-002,SKU-00062,SparklePro Trash Bags,Household
507,101,8,116,26,24,4.12,107.12,2.0,8.0,2024-07-02 16:00:00,PO-00101,2024-07-02,2024-07-16,2024-07-16,SENT,SGD,1,procurement.mgr,2,Evergreen Produce Importers,EVERGR-002,SKU-00116,FrostyFoods Fish Fillets,Frozen
508,102,1,123,63,60,24.36,1534.68,0.0,8.0,2024-07-02 15:00:00,PO-00102,2024-07-02,2024-07-06,2024-07-09,RECEIVED,SGD,1,store.manager,8,CleanHome Household Products,CLEANH-008,SKU-00123,PureGlow Hand Soap,Personal Care
509,102,2,99,128,121,15.34,1963.52,0.0,8.0,2024-07-02 15:00:00,PO-00102,2024-07-02,2024-07-06,2024-07-09,RECEIVED,SGD,1,store.manager,8,CleanHome Household Products,CLEANH-008,SKU-00099,FarmHouse Butter,Dairy
510,102,3,117,44,41,12.09,531.96,0.0,8.0,2024-07-02 11:00:00,PO-00102,2024-07-02,2024-07-06,2024-07-09,RECEIVED,SGD,1,store.manager,8,CleanHome Household Products,CLEANH-008,SKU-00117,FrostyFoods Fish Fillets,Frozen
511,103,1,120,90,89,10.88,979.2,0.0,8.0,2024-07-09 11:00:00,PO-00103,2024-07-09,2024-07-16,2024-07-15,CLOSED,SGD,1,store.manager,10,Harmony Personal Care,HARMON-010,SKU-00120,GoldenLoaf Wholemeal Bread,Bakery
512,103,2,110,88,82,11.08,975.04,5.0,8.0,2024-07-09 11:00:00,PO-00103,2024-07-09,2024-07-16,2024-07-15,CLOSED,SGD,1,store.manager,10,Harmony Personal Care,HARMON-010,SKU-00110,HarmonyCare Hand Soap,Personal Care
513,103,3,132,101,98,18.7,1888.7,0.0,8.0,2024-07-09 12:00:00,PO-00103,2024-07-09,2024-07-16,2024-07-15,CLOSED,SGD,1,store.manager,10,Harmony Personal Care,HARMON-010,SKU-00132,FarmHouse Milk,Dairy
514,103,4,16,92,85,7.14,656.88,3.0,8.0,2024-07-09 13:00:00,PO-00103,2024-07-09,2024-07-16,2024-07-15,CLOSED,SGD,1,store.manager,10,Harmony Personal Care,HARMON-010,SKU-00016,CitrusBurst Apple Juice,Beverages
515,103,5,82,102,100,2.4,244.8,0.0,8.0,2024-07-09 15:00:00,PO-00103,2024-07-09,2024-07-16,2024-07-15,CLOSED,SGD,1,store.manager,10,Harmony Personal Care,HARMON-010,SKU-00082,CrunchyBite Trail Mix,Snacks
516,103,6,140,49,44,22.44,1099.56,0.0,8.0,2024-07-09 15:00:00,PO-00103,2024-07-09,2024-07-16,2024-07-15,CLOSED,SGD,1,store.manager,10,Harmony Personal Care,HARMON-010,SKU-00140,BlueOcean Squid Rings,Seafood
517,104,1,65,31,28,14.24,441.44,2.0,8.0,2024-07-09 16:00:00,PO-00104,2024-07-09,2024-07-20,2024-07-21,CLOSED,SGD,1,procurement.mgr,9,Fresh & Crisp Snacks,FRESHC-009,SKU-00065,ButcherSelect Pork Chops,Meat
518,104,2,88,12,11,22.57,270.84,5.0,8.0,2024-07-09 10:00:00,PO-00104,2024-07-09,2024-07-20,2024-07-21,CLOSED,SGD,1,procurement.mgr,9,Fresh & Crisp Snacks,FRESHC-009,SKU-00088,SeaHarvest Squid Rings,Seafood
519,104,3,55,73,73,25.8,1883.4,2.0,8.0,2024-07-09 13:00:00,PO-00104,2024-07-09,2024-07-20,2024-07-21,CLOSED,SGD,1,procurement.mgr,9,Fresh & Crisp Snacks,FRESHC-009,SKU-00055,PrimeChoice Sausages,Meat
520,104,4,131,27,24,5.45,147.15,3.0,8.0,2024-07-09 09:00:00,PO-00104,2024-07-09,2024-07-20,2024-07-21,CLOSED,SGD,1,procurement.mgr,9,Fresh & Crisp Snacks,FRESHC-009,SKU-00131,ArcticFresh Frozen Pizza,Frozen
521,104,5,24,123,115,8.53,1049.19,0.0,8.0,2024-07-09 16:00:00,PO-00104,2024-07-09,2024-07-20,2024-07-21,CLOSED,SGD,1,procurement.mgr,9,Fresh & Crisp Snacks,FRESHC-009,SKU-00024,CoolSip Green Tea,Beverages
522,105,1,119,92,85,2.69,247.48,0.0,8.0,2024-07-09 17:00:00,PO-00105,2024-07-09,2024-07-18,2024-07-18,CLOSED,SGD,1,store.manager,2,Evergreen Produce Importers,EVERGR-002,SKU-00119,FrostyFoods Frozen Peas,Frozen
523,105,2,75,64,63,11.65,745.6,0.0,8.0,2024-07-09 16:00:00,PO-00105,2024-07-09,2024-07-18,2024-07-18,CLOSED,SGD,1,store.manager,2,Evergreen Produce Importers,EVERGR-002,SKU-00075,FrostyFoods Frozen Pizza,Frozen
524,105,3,77,75,74,11.1,832.5,5.0,8.0,2024-07-09 10:00:00,PO-00105,2024-07-09,2024-07-18,2024-07-18,CLOSED,SGD,1,store.manager,2,Evergreen Produce Importers,EVERGR-002,SKU-00077,GreenFields Bananas,Produce
525,105,4,43,40,39,31.97,1278.8,2.0,8.0,2024-07-09 10:00:00,PO-00105,2024-07-09,2024-07-18,2024-07-18,CLOSED,SGD,1,store.manager,2,Evergreen Produce Importers,EVERGR-002,SKU-00043,SeaHarvest Salmon Fillet,Seafood
526,105,5,59,95,90,5.49,521.55,2.0,8.0,2024-07-09 12:00:00,PO-00105,2024-07-09,2024-07-18,2024-07-18,CLOSED,SGD,1,store.manager,2,Evergreen Produce Importers,EVERGR-002,SKU-00059,PureGlow Shampoo,Personal Care
527,106,1,11,112,105,9.2,1030.4,0.0,8.0,2024-07-15 13:00:00,PO-00106,2024-07-15,2024-07-25,2024-07-24,CLOSED,SGD,1,store.manager,2,Evergreen Produce Importers,EVERGR-002,SKU-00011,CleanHome Paper Towels,Household
528,106,2,98,35,33,19.53,683.55,5.0,8.0,2024-07-15 17:00:00,PO-00106,2024-07-15,2024-07-25,2024-07-24,CLOSED,SGD,1,store.manager,2,Evergreen Produce Importers,EVERGR-002,SKU-00098,MeadowFresh Yogurt,Dairy
529,106,3,38,45,43,13.91,625.95,3.0,8.0,2024-07-15 10:00:00,PO-00106,2024-07-15,2024-07-25,2024-07-24,CLOSED,SGD,1,store.manager,2,Evergreen Produce Importers,EVERGR-002,SKU-00038,DailyBake Croissant,Bakery
530,106,4,43,59,55,32.46,1915.14,3.0,8.0,2024-07-15 15:00:00,PO-00106,2024-07-15,2024-07-25,2024-07-24,CLOSED,SGD,1,store.manager,2,Evergreen Produce Importers,EVERGR-002,SKU-00043,SeaHarvest Salmon Fillet,Seafood
531,106,5,7,154,152,18.62,2867.48,0.0,8.0,2024-07-15 15:00:00,PO-00106,2024-07-15,2024-07-25,2024-07-24,CLOSED,SGD,1,store.manager,2,Evergreen Produce Importers,EVERGR-002,SKU-00007,CitrusBurst Orange Juice,Beverages
532,106,6,129,77,76,16.82,1295.14,0.0,8.0,2024-07-15 14:00:00,PO-00106,2024-07-15,2024-07-25,2024-07-24,CLOSED,SGD,1,store.manager,2,Evergreen Produce Importers,EVERGR-002,SKU-00129,CitrusBurst Apple Juice,Beverages
533,106,7,41,123,121,9.03,1110.69,0.0,8.0,2024-07-15 13:00:00,PO-00106,2024-07-15,2024-07-25,2024-07-24,CLOSED,SGD,1,store.manager,2,Evergreen Produce Importers,EVERGR-002,SKU-00041,SparklePro Paper Towels,Household
534,107,1,67,20,20,15.31,306.2,0.0,8.0,2024-07-15 10:00:00,PO-00107,2024-07-15,2024-07-25,2024-07-26,SENT,SGD,1,inventory.bot,2,Evergreen Produce Importers,EVERGR-002,SKU-00067,SeaHarvest Prawns,Seafood
535,107,2,62,80,75,3.34,267.2,5.0,8.0,2024-07-15 09:00:00,PO-00107,2024-07-15,2024-07-25,2024-07-26,SENT,SGD,1,inventory.bot,2,Evergreen Produce Importers,EVERGR-002,SKU-00062,SparklePro Trash Bags,Household
536,107,3,98,61,59,19.17,1169.37,0.0,8.0,2024-07-15 09:00:00,PO-00107,2024-07-15,2024-07-25,2024-07-26,SENT,SGD,1,inventory.bot,2,Evergreen Produce Importers,EVERGR-002,SKU-00098,MeadowFresh Yogurt,Dairy
537,107,4,137,28,27,7.14,199.92,2.0,8.0,2024-07-15 16:00:00,PO-00107,2024-07-15,2024-07-25,2024-07-26,SENT,SGD,1,inventory.bot,2,Evergreen Produce Importers,EVERGR-002,SKU-00137,GoldenLoaf Wholemeal Bread,Bakery
538,107,5,116,34,32,4.02,136.68,2.0,8.0,2024-07-15 16:00:00,PO-00107,2024-07-15,2024-07-25,2024-07-26,SENT,SGD,1,inventory.bot,2,Evergreen Produce Importers,EVERGR-002,SKU-00116,FrostyFoods Fish Fillets,Frozen
539,108,1,20,135,125,13.14,1773.9,0.0,8.0,2024-07-16 16:00:00,PO-00108,2024-07-16,2024-07-20,2024-07-22,RECEIVED,SGD,1,procurement.mgr,6,Blue Ocean Seafood Traders,BLUEOC-006,SKU-00020,FarmHouse Yogurt,Dairy
540,108,2,39,53,48,1.58,83.74,0.0,8.0,2024-07-16 15:00:00,PO-00108,2024-07-16,2024-07-20,2024-07-22,RECEIVED,SGD,1,procurement.mgr,6,Blue Ocean Seafood Traders,BLUEOC-006,SKU-00039,FrostyFoods Ice Cream,Frozen
541,108,3,35,74,74,13.98,1034.52,0.0,8.0,2024-07-16 16:00:00,PO-00108,2024-07-16,2024-07-20,2024-07-22,RECEIVED,SGD,1,procurement.mgr,6,Blue Ocean Seafood Traders,BLUEOC-006,SKU-00035,PureGlow Hand Soap,Personal Care
542,109,1,87,89,82,1.14,101.46,0.0,8.0,2024-07-16 13:00:00,PO-00109,2024-07-16,2024-07-29,2024-08-01,RECEIVED,SGD,1,store.manager,9,Fresh & Crisp Snacks,FRESHC-009,SKU-00087,DailyBake Muffins,Bakery
543,109,2,24,145,134,8.07,1170.15,0.0,8.0,2024-07-16 16:00:00,PO-00109,2024-07-16,2024-07-29,2024-08-01,RECEIVED,SGD,1,store.manager,9,Fresh & Crisp Snacks,FRESHC-009,SKU-00024,CoolSip Green Tea,Beverages
544,109,3,88,58,57,22.45,1302.1,2.0,8.0,2024-07-16 16:00:00,PO-00109,2024-07-16,2024-07-29,2024-08-01,RECEIVED,SGD,1,store.manager,9,Fresh & Crisp Snacks,FRESHC-009,SKU-00088,SeaHarvest Squid Rings,Seafood
545,109,4,104,42,41,5.57,233.94,2.0,8.0,2024-07-16 12:00:00,PO-00109,2024-07-16,2024-07-29,2024-08-01,RECEIVED,SGD,1,store.manager,9,Fresh & Crisp Snacks,FRESHC-009,SKU-00104,ThirstQuench Apple Juice,Beverages
546,109,5,65,16,16,14.24,227.84,3.0,8.0,2024-07-16 11:00:00,PO-00109,2024-07-16,2024-07-29,2024-08-01,RECEIVED,SGD,1,store.manager,9,Fresh & Crisp Snacks,FRESHC-009,SKU-00065,ButcherSelect Pork Chops,Meat
547,109,6,63,21,20,3.79,79.59,3.0,8.0,2024-07-16 14:00:00,PO-00109,2024-07-16,2024-07-29,2024-08-01,RECEIVED,SGD,1,store.manager,9,Fresh & Crisp Snacks,FRESHC-009,SKU-00063,CleanHome Trash Bags,Household
548,109,7,55,65,60,25.84,1679.6,5.0,8.0,2024-07-16 14:00:00,PO-00109,2024-07-16,2024-07-29,2024-08-01,RECEIVED,SGD,1,store.manager,9,Fresh & Crisp Snacks,FRESHC-009,SKU-00055,PrimeChoice Sausages,Meat
549,109,8,58,68,63,12.14,825.52,5.0,8.0,2024-07-16 11:00:00,PO-00109,2024-07-16,2024-07-29,2024-08-01,RECEIVED,SGD,1,store.manager,9,Fresh & Crisp Snacks,FRESHC-009,SKU-00058,GardenFresh Tomatoes,Produce
550,110,1,130,52,47,19.83,1031.16,2.0,8.0,2024-07-22 12:00:00,PO-00110,2024-07-22,2024-07-31,2024-07-31,RECEIVED,SGD,1,procurement.mgr,1,Lion City Foods Pte Ltd,LIONCI-001,SKU-00130,ButcherSelect Minced Beef,Meat
551,110,2,84,129,122,15.99,2062.71,0.0,8.0,2024-07-22 08:00:00,PO-00110,2024-07-22,2024-07-31,2024-07-31,RECEIVED,SGD,1,procurement.mgr,1,Lion City Foods Pte Ltd,LIONCI-001,SKU-00084,ArcticFresh Fish Fillets,Frozen
552,110,3,83,44,40,15.34,674.96,0.0,8.0,2024-07-22 12:00:00,PO-00110,2024-07-22,2024-07-31,2024-07-31,RECEIVED,SGD,1,procurement.mgr,1,Lion City Foods Pte Ltd,LIONCI-001,SKU-00083,SeaHarvest Prawns,Seafood
553,110,4,54,31,30,14.93,462.83,0.0,8.0,2024-07-22 09:00:00,PO-00110,2024-07-22,2024-07-31,2024-07-31,RECEIVED,SGD,1,procurement.mgr,1,Lion City Foods Pte Ltd,LIONCI-001,SKU-00054,ButcherSelect Chicken Breast,Meat
554,110,5,138,19,17,32.8,623.2,2.0,8.0,2024-07-22 12:00:00,PO-00110,2024-07-22,2024-07-31,2024-07-31,RECEIVED,SGD,1,procurement.mgr,1,Lion City Foods Pte Ltd,LIONCI-001,SKU-00138,BlueOcean Fish Fingers,Seafood
555,110,6,74,167,167,5.94,991.98,0.0,8.0,2024-07-22 13:00:00,PO-00110,2024-07-22,2024-07-31,2024-07-31,RECEIVED,SGD,1,procurement.mgr,1,Lion City Foods Pte Ltd,LIONCI-001,SKU-00074,CitrusBurst Orange Juice,Beverages
556,110,7,148,80,79,1.75,140.0,0.0,8.0,2024-07-22 12:00:00,PO-00110,2024-07-22,2024-07-31,2024-07-31,RECEIVED,SGD,1,procurement.mgr,1,Lion City Foods Pte Ltd,LIONCI-001,SKU-00148,SnackTime Trail Mix,Snacks
557,111,1,140,34,33,21.55,732.7,5.0,8.0,2024-07-23 08:00:00,PO-00111,2024-07-23,2024-07-30,2024-08-01,RECEIVED,SGD,1,system.auto,10,Harmony Personal Care,HARMON-010,SKU-00140,BlueOcean Squid Rings,Seafood
558,111,2,57,70,66,25.59,1791.3,3.0,8.0,2024-07-23 11:00:00,PO-00111,2024-07-23,2024-07-30,2024-08-01,RECEIVED,SGD,1,system.auto,10,Harmony Personal Care,HARMON-010,SKU-00057,CleanHome Laundry Detergent,Household
559,111,3,132,98,92,20.1,1969.8,0.0,8.0,2024-07-23 10:00:00,PO-00111,2024-07-23,2024-07-30,2024-08-01,RECEIVED,SGD,1,system.auto,10,Harmony Personal Care,HARMON-010,SKU-00132,FarmHouse Milk,Dairy
560,112,1,141,163,161,19.62,3198.06,0.0,8.0,2024-07-23 09:00:00,PO-00112,2024-07-23,2024-07-27,2024-07-28,CLOSED,SGD,1,store.manager,3,Pacific Beverages & Co.,PACIFI-003,SKU-00141,HappySnacks Potato Chips,Snacks
561,112,2,101,80,77,14.16,1132.8,0.0,8.0,2024-07-23 12:00:00,PO-00112,2024-07-23,2024-07-27,2024-07-28,CLOSED,SGD,1,store.manager,3,Pacific Beverages & Co.,PACIFI-003,SKU-00101,SparklePro Dishwashing Liquid,Household
562,112,3,145,94,86,1.01,94.94,0.0,8.0,2024-07-23 08:00:00,PO-00112,2024-07-23,2024-07-27,2024-07-28,CLOSED,SGD,1,store.manager,3,Pacific Beverages & Co.,PACIFI-003,SKU-00145,GreenFields Tomatoes,Produce
563,113,1,86,22,21,2.66,58.52,0.0,8.0,2024-07-23 16:00:00,PO-00113,2024-07-23,2024-08-02,2024-08-01,SENT,SGD,1,store.manager,3,Pacific Beverages & Co.,PACIFI-003,SKU-00086,HarmonyCare Toothpaste,Personal Care
564,113,2,141,290,279,18.19,5275.1,2.0,8.0,2024-07-23 11:00:00,PO-00113,2024-07-23,2024-08-02,2024-08-01,SENT,SGD,1,store.manager,3,Pacific Beverages & Co.,PACIFI-003,SKU-00141,HappySnacks Potato Chips,Snacks
565,113,3,103,73,73,16.82,1227.86,5.0,8.0,2024-07-23 13:00:00,PO-00113,2024-07-23,2024-08-02,2024-08-01,SENT,SGD,1,store.manager,3,Pacific Beverages & Co.,PACIFI-003,SKU-00103,ArcticFresh Frozen Pizza,Frozen
566,113,4,23,99,96,14.13,1398.87,0.0,8.0,2024-07-23 14:00:00,PO-00113,2024-07-23,2024-08-02,2024-08-01,SENT,SGD,1,store.manager,3,Pacific Beverages & Co.,PACIFI-003,SKU-00023,FrostyFoods Frozen Peas,Frozen
567,113,5,80,162,153,3.33,539.46,0.0,8.0,2024-07-23 08:00:00,PO-00113,2024-07-23,2024-08-02,2024-08-01,SENT,SGD,1,store.manager,3,Pacific Beverages & Co.,PACIFI-003,SKU-00080,CrunchyBite Potato Chips,Snacks
568,113,6,12,77,72,4.85,373.45,3.0,8.0,2024-07-23 12:00:00,PO-00113,2024-07-23,2024-08-02,2024-08-01,SENT,SGD,1,store.manager,3,Pacific Beverages & Co.,PACIFI-003,SKU-00012,PureGlow Toothpaste,Personal Care
569,113,7,145,89,88,1.0,89.0,0.0,8.0,2024-07-23 17:00:00,PO-00113,2024-07-23,2024-08-02,2024-08-01,SENT,SGD,1,store.manager,3,Pacific Beverages & Co.,PACIFI-003,SKU-00145,GreenFields Tomatoes,Produce
570,113,8,81,87,81,19.56,1701.72,0.0,8.0,2024-07-23 15:00:00,PO-00113,2024-07-23,2024-08-02,2024-08-01,SENT,SGD,1,store.manager,3,Pacific Beverages & Co.,PACIFI-003,SKU-00081,ThirstQuench Cola,Beverages
571,114,1,137,68,66,7.1,482.8,3.0,8.0,2024-07-30 13:00:00,PO-00114,2024-07-30,2024-08-10,2024-08-11,CLOSED,SGD,1,system.auto,2,Evergreen Produce Importers,EVERGR-002,SKU-00137,GoldenLoaf Wholemeal Bread,Bakery
572,114,2,43,59,57,32.45,1914.55,0.0,8.0,2024-07-30 16:00:00,PO-00114,2024-07-30,2024-08-10,2024-08-11,CLOSED,SGD,1,system.auto,2,Evergreen Produce Importers,EVERGR-002,SKU-00043,SeaHarvest Salmon Fillet,Seafood
573,114,3,22,60,55,4.15,249.0,3.0,8.0,2024-07-30 10:00:00,PO-00114,2024-07-30,2024-08-10,2024-08-11,CLOSED,SGD,1,system.auto,2,Evergreen Produce Importers,EVERGR-002,SKU-00022,HarmonyCare Hand Soap,Personal Care
574,114,4,41,92,86,9.56,879.52,0.0,8.0,2024-07-30 09:00:00,PO-00114,2024-07-30,2024-08-10,2024-08-11,CLOSED,SGD,1,system.auto,2,Evergreen Produce Importers,EVERGR-002,SKU-00041,SparklePro Paper Towels,Household
575,114,5,59,81,78,5.13,415.53,0.0,8.0,2024-07-30 10:00:00,PO-00114,2024-07-30,2024-08-10,2024-08-11,CLOSED,SGD,1,system.auto,2,Evergreen Produce Importers,EVERGR-002,SKU-00059,PureGlow Shampoo,Personal Care
576,114,6,119,31,29,2.78,86.18,0.0,8.0,2024-07-30 08:00:00,PO-00114,2024-07-30,2024-08-10,2024-08-11,CLOSED,SGD,1,system.auto,2,Evergreen Produce Importers,EVERGR-002,SKU-00119,FrostyFoods Frozen Peas,Frozen
577,114,7,114,121,117,18.22,2204.62,2.0,8.0,2024-07-30 16:00:00,PO-00114,2024-07-30,2024-08-10,2024-08-11,CLOSED,SGD,1,system.auto,2,Evergreen Produce Importers,EVERGR-002,SKU-00114,FrostyFoods Frozen Pizza,Frozen
578,115,1,61,86,82,12.02,1033.72,2.0,8.0,2024-07-30 13:00:00,PO-00115,2024-07-30,2024-08-12,2024-08-14,RECEIVED,SGD,1,inventory.bot,3,Pacific Beverages & Co.,PACIFI-003,SKU-00061,FrostyFoods Frozen Pizza,Frozen
579,115,2,10,27,27,12.14,327.78,0.0,8.0,2024-07-30 09:00:00,PO-00115,2024-07-30,2024-08-12,2024-08-14,RECEIVED,SGD,1,inventory.bot,3,Pacific Beverages & Co.,PACIFI-003,SKU-00010,DailyBake Muffins,Bakery
580,115,3,80,302,281,3.4,1026.8,3.0,8.0,2024-07-30 09:00:00,PO-00115,2024-07-30,2024-08-12,2024-08-14,RECEIVED,SGD,1,inventory.bot,3,Pacific Beverages & Co.,PACIFI-003,SKU-00080,CrunchyBite Potato Chips,Snacks
581,115,4,34,86,84,8.41,723.26,0.0,8.0,2024-07-30 11:00:00,PO-00115,2024-07-30,2024-08-12,2024-08-14,RECEIVED,SGD,1,inventory.bot,3,Pacific Beverages & Co.,PACIFI-003,SKU-00034,HappySnacks Potato Chips,Snacks
582,115,5,12,82,79,4.78,391.96,0.0,8.0,2024-07-30 16:00:00,PO-00115,2024-07-30,2024-08-12,2024-08-14,RECEIVED,SGD,1,inventory.bot,3,Pacific Beverages & Co.,PACIFI-003,SKU-00012,PureGlow Toothpaste,Personal Care
583,115,6,141,277,265,19.4,5373.8,5.0,8.0,2024-07-30 17:00:00,PO-00115,2024-07-30,2024-08-12,2024-08-14,RECEIVED,SGD,1,inventory.bot,3,Pacific Beverages & Co.,PACIFI-003,SKU-00141,HappySnacks Potato Chips,Snacks
584,115,7,101,111,107,14.7,1631.7,2.0,8.0,2024-07-30 09:00:00,PO-00115,2024-07-30,2024-08-12,2024-08-14,RECEIVED,SGD,1,inventory.bot,3,Pacific Beverages & Co.,PACIFI-003,SKU-00101,SparklePro Dishwashing Liquid,Household
585,116,1,90,55,53,12.39,681.45,0.0,8.0,2024-08-05 13:00:00,PO-00116,2024-08-05,2024-08-18,2024-08-18,SENT,SGD,1,inventory.bot,4,Golden Harvest Grocers,GOLDEN-004,SKU-00090,PrimeChoice Minced Beef,Meat
586,116,2,52,182,176,15.61,2841.02,2.0,8.0,2024-08-05 13:00:00,PO-00116,2024-08-05,2024-08-18,2024-08-18,SENT,SGD,1,inventory.bot,4,Golden Harvest Grocers,GOLDEN-004,SKU-00052,SnackTime Potato Chips,Snacks
587,116,3,106,168,167,3.58,601.44,3.0,8.0,2024-08-05 11:00:00,PO-00116,2024-08-05,2024-08-18,2024-08-18,SENT,SGD,1,inventory.bot,4,Golden Harvest Grocers,GOLDEN-004,SKU-00106,ThirstQuench Green Tea,Beverages
588,116,4,48,116,107,15.59,1808.44,5.0,8.0,2024-08-05 12:00:00,PO-00116,2024-08-05,2024-08-18,2024-08-18,SENT,SGD,1,inventory.bot,4,Golden Harvest Grocers,GOLDEN-004,SKU-00048,SparklePro Laundry Detergent,Household
589,117,1,65,43,40,13.57,583.51,5.0,8.0,2024-08-06 12:00:00,PO-00117,2024-08-06,2024-08-17,2024-08-17,RECEIVED,SGD,1,system.auto,9,Fresh & Crisp Snacks,FRESHC-009,SKU-00065,ButcherSelect Pork Chops,Meat
590,117,2,63,150,143,4.08,612.0,0.0,8.0,2024-08-06 09:00:00,PO-00117,2024-08-06,2024-08-17,2024-08-17,RECEIVED,SGD,1,system.auto,9,Fresh & Crisp Snacks,FRESHC-009,SKU-00063,CleanHome Trash Bags,Household
591,117,3,8,19,18,7.96,151.24,0.0,8.0,2024-08-06 13:00:00,PO-00117,2024-08-06,2024-08-17,2024-08-17,RECEIVED,SGD,1,system.auto,9,Fresh & Crisp Snacks,FRESHC-009,SKU-00008,PureGlow Toothpaste,Personal Care
592,117,4,104,189,175,5.43,1026.27,0.0,8.0,2024-08-06 09:00:00,PO-00117,2024-08-06,2024-08-17,2024-08-17,RECEIVED,SGD,1,system.auto,9,Fresh & Crisp Snacks,FRESHC-009,SKU-00104,ThirstQuench Apple Juice,Beverages
593,117,5,55,66,63,24.59,1622.94,0.0,8.0,2024-08-06 13:00:00,PO-00117,2024-08-06,2024-08-17,2024-08-17,RECEIVED,SGD,1,system.auto,9,Fresh & Crisp Snacks,FRESHC-009,SKU-00055,PrimeChoice Sausages,Meat
594,117,6,88,60,57,22.78,1366.8,5.0,8.0,2024-08-06 17:00:00,PO-00117,2024-08-06,2024-08-17,2024-08-17,RECEIVED,SGD,1,system.auto,9,Fresh & Crisp Snacks,FRESHC-009,SKU-00088,SeaHarvest Squid Rings,Seafood
595,118,1,110,59,58,10.54,621.86,0.0,8.0,2024-08-12 11:00:00,PO-00118,2024-08-12,2024-08-24,2024-08-26,RECEIVED,SGD,1,system.auto,10,Harmony Personal Care,HARMON-010,SKU-00110,HarmonyCare Hand Soap,Personal Care
596,118,2,16,194,193,7.0,1358.0,5.0,8.0,2024-08-12 14:00:00,PO-00118,2024-08-12,2024-08-24,2024-08-26,RECEIVED,SGD,1,system.auto,10,Harmony Personal Care,HARMON-010,SKU-00016,CitrusBurst Apple Juice,Beverages
597,118,3,120,26,24,10.41,270.66,3.0,8.0,2024-08-12 17:00:00,PO-00118,2024-08-12,2024-08-24,2024-08-26,RECEIVED,SGD,1,system.auto,10,Harmony Personal Care,HARMON-010,SKU-00120,GoldenLoaf Wholemeal Bread,Bakery
598,119,1,37,52,49,23.6,1227.2,0.0,8.0,2024-08-12 15:00:00,PO-00119,2024-08-12,2024-08-23,2024-08-22,RECEIVED,SGD,1,inventory.bot,4,Golden Harvest Grocers,GOLDEN-004,SKU-00037,BlueOcean Salmon Fillet,Seafood
599,119,2,14,32,31,15.52,496.64,2.0,8.0,2024-08-12 16:00:00,PO-00119,2024-08-12,2024-08-23,2024-08-22,RECEIVED,SGD,1,inventory.bot,4,Golden Harvest Grocers,GOLDEN-004,SKU-00014,CleanHome Paper Towels,Household
600,119,3,4,75,73,16.67,1250.25,0.0,8.0,2024-08-12 15:00:00,PO-00119,2024-08-12,2024-08-23,2024-08-22,RECEIVED,SGD,1,inventory.bot,4,Golden Harvest Grocers,GOLDEN-004,SKU-00004,GoldenLoaf Croissant,Bakery
601,119,4,52,227,209,15.05,3416.35,3.0,8.0,2024-08-12 11:00:00,PO-00119,2024-08-12,2024-08-23,2024-08-22,RECEIVED,SGD,1,inventory.bot,4,Golden Harvest Grocers,GOLDEN-004,SKU-00052,SnackTime Potato Chips,Snacks
602,119,5,106,157,151,3.77,591.89,0.0,8.0,2024-08-12 11:00:00,PO-00119,2024-08-12,2024-08-23,2024-08-22,RECEIVED,SGD,1,inventory.bot,4,Golden Harvest Grocers,GOLDEN-004,SKU-00106,ThirstQuench Green Tea,Beverages
603,119,6,45,80,74,1.12,89.6,5.0,8.0,2024-08-12 17:00:00,PO-00119,2024-08-12,2024-08-23,2024-08-22,RECEIVED,SGD,1,inventory.bot,4,Golden Harvest Grocers,GOLDEN-004,SKU-00045,HappySnacks Potato Chips,Snacks
604,119,7,48,42,38,15.06,632.52,0.0,8.0,2024-08-12 13:00:00,PO-00119,2024-08-12,2024-08-23,2024-08-22,RECEIVED,SGD,1,inventory.bot,4,Golden Harvest Grocers,GOLDEN-004,SKU-00048,SparklePro Laundry Detergent,Household
605,120,1,93,32,31,4.25,136.0,0.0,8.0,2024-08-12 11:00:00,PO-00120,2024-08-12,2024-08-24,2024-08-26,SENT,SGD,1,procurement.mgr,4,Golden Harvest Grocers,GOLDEN-004,SKU-00093,FrostyFoods Fish Fillets,Frozen
606,120,2,4,67,61,16.71,1119.57,5.0,8.0,2024-08-12 09:00:00,PO-00120,2024-08-12,2024-08-24,2024-08-26,SENT,SGD,1,procurement.mgr,4,Golden Harvest Grocers,GOLDEN-004,SKU-00004,GoldenLoaf Croissant,Bakery
607,120,3,45,92,89,1.16,106.72,0.0,8.0,2024-08-12 17:00:00,PO-00120,2024-08-12,2024-08-24,2024-08-26,SENT,SGD,1,procurement.mgr,4,Golden Harvest Grocers,GOLDEN-004,SKU-00045,HappySnacks Potato Chips,Snacks
608,120,4,14,57,55,16.49,939.93,0.0,8.0,2024-08-12 08:00:00,PO-00120,2024-08-12,2024-08-24,2024-08-26,SENT,SGD,1,procurement.mgr,4,Golden Harvest Grocers,GOLDEN-004,SKU-00014,CleanHome Paper Towels,Household
609,120,5,68,58,57,13.38,776.04,0.0,8.0,2024-08-12 12:00:00,PO-00120,2024-08-12,2024-08-24,2024-08-26,SENT,SGD,1,procurement.mgr,4,Golden Harvest Grocers,GOLDEN-004,SKU-00068,PrimeChoice Chicken Breast,Meat
610,121,1,58,81,80,12.83,1039.23,0.0,8.0,2024-08-13 08:00:00,PO-00121,2024-08-13,2024-08-19,2024-08-19,SENT,SGD,1,store.manager,9,Fresh & Crisp Snacks,FRESHC-009,SKU-00058,GardenFresh Tomatoes,Produce
611,121,2,28,136,126,0.91,123.76,5.0,8.0,2024-08-13 16:00:00,PO-00121,2024-08-13,2024-08-19,2024-08-19,SENT,SGD,1,store.manager,9,Fresh & Crisp Snacks,FRESHC-009,SKU-00028,CitrusBurst Cola,Beverages
612,121,3,87,25,25,1.16,29.0,0.0,8.0,2024-08-13 12:00:00,PO-00121,2024-08-13,2024-08-19,2024-08-19,SENT,SGD,1,store.manager,9,Fresh & Crisp Snacks,FRESHC-009,SKU-00087,DailyBake Muffins,Bakery
613,122,1,62,118,109,3.25,383.5,5.0,8.0,2024-08-13 09:00:00,PO-00122,2024-08-13,2024-08-26,2024-08-27,RECEIVED,SGD,1,system.auto,2,Evergreen Produce Importers,EVERGR-002,SKU-00062,SparklePro Trash Bags,Household
614,122,2,11,100,95,9.24,924.0,0.0,8.0,2024-08-13 10:00:00,PO-00122,2024-08-13,2024-08-26,2024-08-27,RECEIVED,SGD,1,system.auto,2,Evergreen Produce Importers,EVERGR-002,SKU-00011,CleanHome Paper Towels,Household
615,122,3,116,58,55,4.2,243.6,5.0,8.0,2024-08-13 08:00:00,PO-00122,2024-08-13,2024-08-26,2024-08-27,RECEIVED,SGD,1,system.auto,2,Evergreen Produce Importers,EVERGR-002,SKU-00116,FrostyFoods Fish Fillets,Frozen
616,122,4,7,50,46,18.9,945.0,0.0,8.0,2024-08-13 15:00:00,PO-00122,2024-08-13,2024-08-26,2024-08-27,RECEIVED,SGD,1,system.auto,2,Evergreen Produce Importers,EVERGR-002,SKU-00007,CitrusBurst Orange Juice,Beverages
617,122,5,137,70,68,6.51,455.7,5.0,8.0,2024-08-13 13:00:00,PO-00122,2024-08-13,2024-08-26,2024-08-27,RECEIVED,SGD,1,system.auto,2,Evergreen Produce Importers,EVERGR-002,SKU-00137,GoldenLoaf Wholemeal Bread,Bakery
618,122,6,50,65,63,2.11,137.15,3.0,8.0,2024-08-13 12:00:00,PO-00122,2024-08-13,2024-08-26,2024-08-27,RECEIVED,SGD,1,system.auto,2,Evergreen Produce Importers,EVERGR-002,SKU-00050,GardenFresh Lettuce,Produce
619,122,7,75,35,34,11.83,414.05,0.0,8.0,2024-08-13 16:00:00,PO-00122,2024-08-13,2024-08-26,2024-08-27,RECEIVED,SGD,1,system.auto,2,Evergreen Produce Importers,EVERGR-002,SKU-00075,FrostyFoods Frozen Pizza,Frozen
620,122,8,41,91,84,9.28,844.48,2.0,8.0,2024-08-13 10:00:00,PO-00122,2024-08-13,2024-08-26,2024-08-27,RECEIVED,SGD,1,system.auto,2,Evergreen Produce Importers,EVERGR-002,SKU-00041,SparklePro Paper Towels,Household
621,123,1,123,92,86,23.82,2191.44,0.0,8.0,2024-08-19 10:00:00,PO-00123,2024-08-19,2024-08-25,2024-08-28,RECEIVED,SGD,1,inventory.bot,8,CleanHome Household Products,CLEANH-008,SKU-00123,PureGlow Hand Soap,Personal Care
622,123,2,128,115,110,8.79,1010.85,0.0,8.0,2024-08-19 12:00:00,PO-00123,2024-08-19,2024-08-25,2024-08-28,RECEIVED,SGD,1,inventory.bot,8,CleanHome Household Products,CLEANH-008,SKU-00128,FarmHouse Milk,Dairy
623,123,3,127,82,81,12.74,1044.68,0.0,8.0,2024-08-19 17:00:00,PO-00123,2024-08-19,2024-08-25,2024-08-28,RECEIVED,SGD,1,inventory.bot,8,CleanHome Household Products,CLEANH-008,SKU-00127,HarmonyCare Body Wash,Personal Care
624,123,4,142,162,148,2.98,482.76,3.0,8.0,2024-08-19 09:00:00,PO-00123,2024-08-19,2024-08-25,2024-08-28,RECEIVED,SGD,1,inventory.bot,8,CleanHome Household Products,CLEANH-008,SKU-00142,FarmHouse Cheese,Dairy
625,123,5,96,59,55,2.1,123.9,5.0,8.0,2024-08-19 08:00:00,PO-00123,2024-08-19,2024-08-25,2024-08-28,RECEIVED,SGD,1,inventory.bot,8,CleanHome Household Products,CLEANH-008,SKU-00096,FarmHouse Yogurt,Dairy
626,123,6,118,140,130,6.76,946.4,2.0,8.0,2024-08-19 12:00:00,PO-00123,2024-08-19,2024-08-25,2024-08-28,RECEIVED,SGD,1,inventory.bot,8,CleanHome Household Products,CLEANH-008,SKU-00118,MeadowFresh Milk,Dairy
627,124,1,115,49,45,1.38,67.62,0.0,8.0,2024-08-19 15:00:00,PO-00124,2024-08-19,2024-08-31,2024-09-03,RECEIVED,SGD,1,procurement.mgr,9,Fresh & Crisp Snacks,FRESHC-009,SKU-00115,GoldenLoaf Muffins,Bakery
628,124,2,55,32,30,25.56,817.92,5.0,8.0,2024-08-19 13:00:00,PO-00124,2024-08-19,2024-08-31,2024-09-03,RECEIVED,SGD,1,procurement.mgr,9,Fresh & Crisp Snacks,FRESHC-009,SKU-00055,PrimeChoice Sausages,Meat
629,124,3,24,87,86,8.22,715.14,0.0,8.0,2024-08-19 10:00:00,PO-00124,2024-08-19,2024-08-31,2024-09-03,RECEIVED,SGD,1,procurement.mgr,9,Fresh & Crisp Snacks,FRESHC-009,SKU-00024,CoolSip Green Tea,Beverages
630,124,4,28,89,82,0.89,79.21,0.0,8.0,2024-08-19 12:00:00,PO-00124,2024-08-19,2024-08-31,2024-09-03,RECEIVED,SGD,1,procurement.mgr,9,Fresh & Crisp Snacks,FRESHC-009,SKU-00028,CitrusBurst Cola,Beverages
631,124,5,17,67,62,10.11,677.37,0.0,8.0,2024-08-19 11:00:00,PO-00124,2024-08-19,2024-08-31,2024-09-03,RECEIVED,SGD,1,procurement.mgr,9,Fresh & Crisp Snacks,FRESHC-009,SKU-00017,ButcherSelect Chicken Breast,Meat
632,124,6,104,56,51,5.82,325.92,2.0,8.0,2024-08-19 17:00:00,PO-00124,2024-08-19,2024-08-31,2024-09-03,RECEIVED,SGD,1,procurement.mgr,9,Fresh & Crisp Snacks,FRESHC-009,SKU-00104,ThirstQuench Apple Juice,Beverages
633,124,7,87,82,79,1.23,100.86,0.0,8.0,2024-08-19 14:00:00,PO-00124,2024-08-19,2024-08-31,2024-09-03,RECEIVED,SGD,1,procurement.mgr,9,Fresh & Crisp Snacks,FRESHC-009,SKU-00087,DailyBake Muffins,Bakery
634,124,8,8,66,65,8.33,549.78,2.0,8.0,2024-08-19 13:00:00,PO-00124,2024-08-19,2024-08-31,2024-09-03,RECEIVED,SGD,1,procurement.mgr,9,Fresh & Crisp Snacks,FRESHC-009,SKU-00008,PureGlow Toothpaste,Personal Care
635,125,1,88,45,42,22.55,1014.75,5.0,8.0,2024-08-20 08:00:00,PO-00125,2024-08-20,2024-08-23,2024-08-23,SENT,SGD,1,inventory.bot,9,Fresh & Crisp Snacks,FRESHC-009,SKU-00088,SeaHarvest Squid Rings,Seafood
636,125,2,131,57,54,5.49,312.93,2.0,8.0,2024-08-20 12:00:00,PO-00125,2024-08-20,2024-08-23,2024-08-23,SENT,SGD,1,inventory.bot,9,Fresh & Crisp Snacks,FRESHC-009,SKU-00131,ArcticFresh Frozen Pizza,Frozen
637,125,3,87,56,51,1.19,66.64,2.0,8.0,2024-08-20 12:00:00,PO-00125,2024-08-20,2024-08-23,2024-08-23,SENT,SGD,1,inventory.bot,9,Fresh & Crisp Snacks,FRESHC-009,SKU-00087,DailyBake Muffins,Bakery
638,125,4,104,196,187,5.8,1136.8,5.0,8.0,2024-08-20 16:00:00,PO-00125,2024-08-20,2024-08-23,2024-08-23,SENT,SGD,1,inventory.bot,9,Fresh & Crisp Snacks,FRESHC-009,SKU-00104,ThirstQuench Apple Juice,Beverages
639,125,5,8,33,30,8.21,270.93,5.0,8.0,2024-08-20 15:00:00,PO-00125,2024-08-20,2024-08-23,2024-08-23,SENT,SGD,1,inventory.bot,9,Fresh & Crisp Snacks,FRESHC-009,SKU-00008,PureGlow Toothpaste,Personal Care
640,125,6,17,26,24,10.16,264.16,0.0,8.0,2024-08-20 10:00:00,PO-00125,2024-08-20,2024-08-23,2024-08-23,SENT,SGD,1,inventory.bot,9,Fresh & Crisp Snacks,FRESHC-009,SKU-00017,ButcherSelect Chicken Breast,Meat
641,125,7,28,189,183,0.94,177.66,5.0,8.0,2024-08-20 16:00:00,PO-00125,2024-08-20,2024-08-23,2024-08-23,SENT,SGD,1,inventory.bot,9,Fresh & Crisp Snacks,FRESHC-009,SKU-00028,CitrusBurst Cola,Beverages
642,125,8,63,54,53,3.87,208.98,0.0,8.0,2024-08-20 15:00:00,PO-00125,2024-08-20,2024-08-23,2024-08-23,SENT,SGD,1,inventory.bot,9,Fresh & Crisp Snacks,FRESHC-009,SKU-00063,CleanHome Trash Bags,Household
643,126,1,127,72,69,12.3,885.6,5.0,8.0,2024-08-20 14:00:00,PO-00126,2024-08-20,2024-08-28,2024-08-28,RECEIVED,SGD,1,system.auto,8,CleanHome Household Products,CLEANH-008,SKU-00127,HarmonyCare Body Wash,Personal Care
644,126,2,136,136,133,5.54,753.44,0.0,8.0,2024-08-20 14:00:00,PO-00126,2024-08-20,2024-08-28,2024-08-28,RECEIVED,SGD,1,system.auto,8,CleanHome Household Products,CLEANH-008,SKU-00136,MeadowFresh Milk,Dairy
645,126,3,96,110,103,2.07,227.7,0.0,8.0,2024-08-20 17:00:00,PO-00126,2024-08-20,2024-08-28,2024-08-28,RECEIVED,SGD,1,system.auto,8,CleanHome Household Products,CLEANH-008,SKU-00096,FarmHouse Yogurt,Dairy
646,126,4,121,104,103,4.89,508.56,0.0,8.0,2024-08-20 10:00:00,PO-00126,2024-08-20,2024-08-28,2024-08-28,RECEIVED,SGD,1,system.auto,8,CleanHome Household Products,CLEANH-008,SKU-00121,GardenFresh Apples,Produce
647,126,5,18,122,118,4.96,605.12,0.0,8.0,2024-08-20 15:00:00,PO-00126,2024-08-20,2024-08-28,2024-08-28,RECEIVED,SGD,1,system.auto,8,CleanHome Household Products,CLEANH-008,SKU-00018,MilkyWay Yogurt,Dairy
648,126,6,99,73,70,14.63,1067.99,0.0,8.0,2024-08-20 11:00:00,PO-00126,2024-08-20,2024-08-28,2024-08-28,RECEIVED,SGD,1,system.auto,8,CleanHome Household Products,CLEANH-008,SKU-00099,FarmHouse Butter,Dairy
649,127,1,1,141,133,5.56,783.96,3.0,8.0,2024-08-26 17:00:00,PO-00127,2024-08-26,2024-08-29,2024-09-01,CLOSED,SGD,1,procurement.mgr,8,CleanHome Household Products,CLEANH-008,SKU-00001,SparklePro Laundry Detergent,Household
650,127,2,121,20,18,5.08,101.6,3.0,8.0,2024-08-26 16:00:00,PO-00127,2024-08-26,2024-08-29,2024-09-01,CLOSED,SGD,1,procurement.mgr,8,CleanHome Household Products,CLEANH-008,SKU-00121,GardenFresh Apples,Produce
651,127,3,142,148,145,2.97,439.56,0.0,8.0,2024-08-26 08:00:00,PO-00127,2024-08-26,2024-08-29,2024-09-01,CLOSED,SGD,1,procurement.mgr,8,CleanHome Household Products,CLEANH-008,SKU-00142,FarmHouse Cheese,Dairy
652,127,4,136,125,117,5.33,666.25,0.0,8.0,2024-08-26 17:00:00,PO-00127,2024-08-26,2024-08-29,2024-09-01,CLOSED,SGD,1,procurement.mgr,8,CleanHome Household Products,CLEANH-008,SKU-00136,MeadowFresh Milk,Dairy
653,127,5,123,92,86,24.72,2274.24,0.0,8.0,2024-08-26 09:00:00,PO-00127,2024-08-26,2024-08-29,2024-09-01,CLOSED,SGD,1,procurement.mgr,8,CleanHome Household Products,CLEANH-008,SKU-00123,PureGlow Hand Soap,Personal Care
654,128,1,24,188,172,8.11,1524.68,0.0,8.0,2024-08-26 09:00:00,PO-00128,2024-08-26,2024-09-08,2024-09-11,SENT,SGD,1,procurement.mgr,9,Fresh & Crisp Snacks,FRESHC-009,SKU-00024,CoolSip Green Tea,Beverages
655,128,2,104,116,114,5.47,634.52,2.0,8.0,2024-08-26 09:00:00,PO-00128,2024-08-26,2024-09-08,2024-09-11,SENT,SGD,1,procurement.mgr,9,Fresh & Crisp Snacks,FRESHC-009,SKU-00104,ThirstQuench Apple Juice,Beverages
656,128,3,55,69,65,26.17,1805.73,0.0,8.0,2024-08-26 12:00:00,PO-00128,2024-08-26,2024-09-08,2024-09-11,SENT,SGD,1,procurement.mgr,9,Fresh & Crisp Snacks,FRESHC-009,SKU-00055,PrimeChoice Sausages,Meat
657,128,4,88,40,37,21.98,879.2,5.0,8.0,2024-08-26 12:00:00,PO-00128,2024-08-26,2024-09-08,2024-09-11,SENT,SGD,1,procurement.mgr,9,Fresh & Crisp Snacks,FRESHC-009,SKU-00088,SeaHarvest Squid Rings,Seafood
658,129,1,129,113,107,17.17,1940.21,0.0,8.0,2024-08-27 16:00:00,PO-00129,2024-08-27,2024-09-10,2024-09-13,RECEIVED,SGD,1,inventory.bot,2,Evergreen Produce Importers,EVERGR-002,SKU-00129,CitrusBurst Apple Juice,Beverages
659,129,2,50,93,93,2.14,199.02,0.0,8.0,2024-08-27 17:00:00,PO-00129,2024-08-27,2024-09-10,2024-09-13,RECEIVED,SGD,1,inventory.bot,2,Evergreen Produce Importers,EVERGR-002,SKU-00050,GardenFresh Lettuce,Produce
660,129,3,137,92,87,7.0,644.0,2.0,8.0,2024-08-27 15:00:00,PO-00129,2024-08-27,2024-09-10,2024-09-13,RECEIVED,SGD,1,inventory.bot,2,Evergreen Produce Importers,EVERGR-002,SKU-00137,GoldenLoaf Wholemeal Bread,Bakery
661,129,4,11,66,65,8.91,588.06,0.0,8.0,2024-08-27 11:00:00,PO-00129,2024-08-27,2024-09-10,2024-09-13,RECEIVED,SGD,1,inventory.bot,2,Evergreen Produce Importers,EVERGR-002,SKU-00011,CleanHome Paper Towels,Household
662,129,5,119,26,24,2.77,72.02,0.0,8.0,2024-08-27 11:00:00,PO-00129,2024-08-27,2024-09-10,2024-09-13,RECEIVED,SGD,1,inventory.bot,2,Evergreen Produce Importers,EVERGR-002,SKU-00119,FrostyFoods Frozen Peas,Frozen
663,129,6,67,49,49,15.67,767.83,0.0,8.0,2024-08-27 13:00:00,PO-00129,2024-08-27,2024-09-10,2024-09-13,RECEIVED,SGD,1,inventory.bot,2,Evergreen Produce Importers,EVERGR-002,SKU-00067,SeaHarvest Prawns,Seafood
664,130,1,49,95,93,4.64,440.8,0.0,8.0,2024-09-02 14:00:00,PO-00130,2024-09-02,2024-09-09,2024-09-12,SENT,SGD,1,store.manager,1,Lion City Foods Pte Ltd,LIONCI-001,SKU-00049,HappySnacks Potato Chips,Snacks
665,130,2,9,14,14,18.29,256.06,0.0,8.0,2024-09-02 13:00:00,PO-00130,2024-09-02,2024-09-09,2024-09-12,SENT,SGD,1,store.manager,1,Lion City Foods Pte Ltd,LIONCI-001,SKU-00009,PrimeChoice Pork Chops,Meat
666,130,3,83,31,29,15.27,473.37,2.0,8.0,2024-09-02 15:00:00,PO-00130,2024-09-02,2024-09-09,2024-09-12,SENT,SGD,1,store.manager,1,Lion City Foods Pte Ltd,LIONCI-001,SKU-00083,SeaHarvest Prawns,Seafood
667,130,4,148,305,291,1.59,484.95,0.0,8.0,2024-09-02 15:00:00,PO-00130,2024-09-02,2024-09-09,2024-09-12,SENT,SGD,1,store.manager,1,Lion City Foods Pte Ltd,LIONCI-001,SKU-00148,SnackTime Trail Mix,Snacks
668,130,5,54,34,33,14.79,502.86,3.0,8.0,2024-09-02 13:00:00,PO-00130,2024-09-02,2024-09-09,2024-09-12,SENT,SGD,1,store.manager,1,Lion City Foods Pte Ltd,LIONCI-001,SKU-00054,ButcherSelect Chicken Breast,Meat
669,130,6,130,74,71,20.49,1516.26,2.0,8.0,2024-09-02 08:00:00,PO-00130,2024-09-02,2024-09-09,2024-09-12,SENT,SGD,1,store.manager,1,Lion City Foods Pte Ltd,LIONCI-001,SKU-00130,ButcherSelect Minced Beef,Meat
670,130,7,30,86,84,7.7,662.2,5.0,8.0,2024-09-02 13:00:00,PO-00130,2024-09-02,2024-09-09,2024-09-12,SENT,SGD,1,store.manager,1,Lion City Foods Pte Ltd,LIONCI-001,SKU-00030,DailyBake Muffins,Bakery
671,130,8,79,182,178,5.78,1051.96,0.0,8.0,2024-09-02 17:00:00,PO-00130,2024-09-02,2024-09-09,2024-09-12,SENT,SGD,1,store.manager,1,Lion City Foods Pte Ltd,LIONCI-001,SKU-00079,CitrusBurst Green Tea,Beverages
672,131,1,20,119,108,13.35,1588.65,0.0,8.0,2024-09-02 13:00:00,PO-00131,2024-09-02,2024-09-11,2024-09-14,RECEIVED,SGD,1,inventory.bot,6,Blue Ocean Seafood Traders,BLUEOC-006,SKU-00020,FarmHouse Yogurt,Dairy
673,131,2,35,19,18,13.34,253.46,0.0,8.0,2024-09-02 13:00:00,PO-00131,2024-09-02,2024-09-11,2024-09-14,RECEIVED,SGD,1,inventory.bot,6,Blue Ocean Seafood Traders,BLUEOC-006,SKU-00035,PureGlow Hand Soap,Personal Care
674,131,3,39,77,76,1.52,117.04,3.0,8.0,2024-09-02 12:00:00,PO-00131,2024-09-02,2024-09-11,2024-09-14,RECEIVED,SGD,1,inventory.bot,6,Blue Ocean Seafood Traders,BLUEOC-006,SKU-00039,FrostyFoods Ice Cream,Frozen
675,131,4,15,64,58,16.83,1077.12,0.0,8.0,2024-09-02 09:00:00,PO-00131,2024-09-02,2024-09-11,2024-09-14,RECEIVED,SGD,1,inventory.bot,6,Blue Ocean Seafood Traders,BLUEOC-006,SKU-00015,CleanHome Trash Bags,Household
676,131,5,126,153,145,17.85,2731.05,3.0,8.0,2024-09-02 10:00:00,PO-00131,2024-09-02,2024-09-11,2024-09-14,RECEIVED,SGD,1,inventory.bot,6,Blue Ocean Seafood Traders,BLUEOC-006,SKU-00126,ThirstQuench Orange Juice,Beverages
677,132,1,90,64,62,12.36,791.04,0.0,8.0,2024-09-02 12:00:00,PO-00132,2024-09-02,2024-09-13,2024-09-13,RECEIVED,SGD,1,system.auto,4,Golden Harvest Grocers,GOLDEN-004,SKU-00090,PrimeChoice Minced Beef,Meat
678,132,2,45,346,313,1.17,404.82,0.0,8.0,2024-09-02 13:00:00,PO-00132,2024-09-02,2024-09-13,2024-09-13,RECEIVED,SGD,1,system.auto,4,Golden Harvest Grocers,GOLDEN-004,SKU-00045,HappySnacks Potato Chips,Snacks
679,132,3,48,139,137,14.59,2028.01,5.0,8.0,2024-09-02 12:00:00,PO-00132,2024-09-02,2024-09-13,2024-09-13,RECEIVED,SGD,1,system.auto,4,Golden Harvest Grocers,GOLDEN-004,SKU-00048,SparklePro Laundry Detergent,Household
680,132,4,14,25,24,15.6,390.0,0.0,8.0,2024-09-02 13:00:00,PO-00132,2024-09-02,2024-09-13,2024-09-13,RECEIVED,SGD,1,system.auto,4,Golden Harvest Grocers,GOLDEN-004,SKU-00014,CleanHome Paper Towels,Household
681,132,5,52,121,111,14.87,1799.27,0.0,8.0,2024-09-02 15:00:00,PO-00132,2024-09-02,2024-09-13,2024-09-13,RECEIVED,SGD,1,system.auto,4,Golden Harvest Grocers,GOLDEN-004,SKU-00052,SnackTime Potato Chips,Snacks
682,132,6,4,35,32,16.72,585.2,0.0,8.0,2024-09-02 08:00:00,PO-00132,2024-09-02,2024-09-13,2024-09-13,RECEIVED,SGD,1,system.auto,4,Golden Harvest Grocers,GOLDEN-004,SKU-00004,GoldenLoaf Croissant,Bakery
683,133,1,105,29,27,7.23,209.67,0.0,8.0,2024-09-02 16:00:00,PO-00133,2024-09-02,2024-09-07,2024-09-08,SENT,SGD,1,procurement.mgr,5,Sunrise Dairy Supplies,SUNRIS-005,SKU-00105,FrostyFoods Ice Cream,Frozen
684,133,2,33,60,54,10.9,654.0,0.0,8.0,2024-09-02 15:00:00,PO-00133,2024-09-02,2024-09-07,2024-09-08,SENT,SGD,1,procurement.mgr,5,Sunrise Dairy Supplies,SUNRIS-005,SKU-00033,GoldenLoaf White Bread,Bakery
685,133,3,46,41,37,18.27,749.07,0.0,8.0,2024-09-02 09:00:00,PO-00133,2024-09-02,2024-09-07,2024-09-08,SENT,SGD,1,procurement.mgr,5,Sunrise Dairy Supplies,SUNRIS-005,SKU-00046,ThirstQuench Apple Juice,Beverages
686,133,4,133,74,69,9.09,672.66,5.0,8.0,2024-09-02 17:00:00,PO-00133,2024-09-02,2024-09-07,2024-09-08,SENT,SGD,1,procurement.mgr,5,Sunrise Dairy Supplies,SUNRIS-005,SKU-00133,GoldenLoaf White Bread,Bakery
687,133,5,69,95,91,2.42,229.9,5.0,8.0,2024-09-02 15:00:00,PO-00133,2024-09-02,2024-09-07,2024-09-08,SENT,SGD,1,procurement.mgr,5,Sunrise Dairy Supplies,SUNRIS-005,SKU-00069,FrostyFoods Frozen Pizza,Frozen
688,133,6,113,49,49,8.31,407.19,0.0,8.0,2024-09-02 11:00:00,PO-00133,2024-09-02,2024-09-07,2024-09-08,SENT,SGD,1,procurement.mgr,5,Sunrise Dairy Supplies,SUNRIS-005,SKU-00113,SeaHarvest Salmon Fillet,Seafood
689,133,7,40,136,128,1.84,250.24,3.0,8.0,2024-09-02 09:00:00,PO-00133,2024-09-02,2024-09-07,2024-09-08,SENT,SGD,1,procurement.mgr,5,Sunrise Dairy Supplies,SUNRIS-005,SKU-00040,MeadowFresh Butter,Dairy
690,134,1,113,19,19,8.53,162.07,0.0,8.0,2024-09-03 14:00:00,PO-00134,2024-09-03,2024-09-10,2024-09-12,CLOSED,SGD,1,procurement.mgr,5,Sunrise Dairy Supplies,SUNRIS-005,SKU-00113,SeaHarvest Salmon Fillet,Seafood
691,134,2,40,59,57,1.82,107.38,0.0,8.0,2024-09-03 15:00:00,PO-00134,2024-09-03,2024-09-10,2024-09-12,CLOSED,SGD,1,procurement.mgr,5,Sunrise Dairy Supplies,SUNRIS-005,SKU-00040,MeadowFresh Butter,Dairy
692,134,3,33,65,59,11.38,739.7,0.0,8.0,2024-09-03 15:00:00,PO-00134,2024-09-03,2024-09-10,2024-09-12,CLOSED,SGD,1,procurement.mgr,5,Sunrise Dairy Supplies,SUNRIS-005,SKU-00033,GoldenLoaf White Bread,Bakery
693,134,4,97,79,78,2.97,234.63,0.0,8.0,2024-09-03 17:00:00,PO-00134,2024-09-03,2024-09-10,2024-09-12,CLOSED,SGD,1,procurement.mgr,5,Sunrise Dairy Supplies,SUNRIS-005,SKU-00097,GreenFields Apples,Produce
694,134,5,122,88,80,16.33,1437.04,5.0,8.0,2024-09-03 09:00:00,PO-00134,2024-09-03,2024-09-10,2024-09-12,CLOSED,SGD,1,procurement.mgr,5,Sunrise Dairy Supplies,SUNRIS-005,SKU-00122,PureGlow Shampoo,Personal Care
695,134,6,133,61,58,8.8,536.8,0.0,8.0,2024-09-03 16:00:00,PO-00134,2024-09-03,2024-09-10,2024-09-12,CLOSED,SGD,1,procurement.mgr,5,Sunrise Dairy Supplies,SUNRIS-005,SKU-00133,GoldenLoaf White Bread,Bakery
696,135,1,71,70,68,18.94,1325.8,0.0,8.0,2024-09-10 16:00:00,PO-00135,2024-09-10,2024-09-19,2024-09-18,RECEIVED,SGD,1,procurement.mgr,1,Lion City Foods Pte Ltd,LIONCI-001,SKU-00071,ButcherSelect Pork Chops,Meat
697,135,2,49,272,251,4.63,1259.36,0.0,8.0,2024-09-10 17:00:00,PO-00135,2024-09-10,2024-09-19,2024-09-18,RECEIVED,SGD,1,procurement.mgr,1,Lion City Foods Pte Ltd,LIONCI-001,SKU-00049,HappySnacks Potato Chips,Snacks
698,135,3,79,164,149,5.82,954.48,0.0,8.0,2024-09-10 16:00:00,PO-00135,2024-09-10,2024-09-19,2024-09-18,RECEIVED,SGD,1,procurement.mgr,1,Lion City Foods Pte Ltd,LIONCI-001,SKU-00079,CitrusBurst Green Tea,Beverages
699,135,4,138,16,16,32.66,522.56,2.0,8.0,2024-09-10 09:00:00,PO-00135,2024-09-10,2024-09-19,2024-09-18,RECEIVED,SGD,1,procurement.mgr,1,Lion City Foods Pte Ltd,LIONCI-001,SKU-00138,BlueOcean Fish Fingers,Seafood
700,135,5,74,193,176,6.15,1186.95,2.0,8.0,2024-09-10 13:00:00,PO-00135,2024-09-10,2024-09-19,2024-09-18,RECEIVED,SGD,1,procurement.mgr,1,Lion City Foods Pte Ltd,LIONCI-001,SKU-00074,CitrusBurst Orange Juice,Beverages
701,135,6,32,83,80,18.03,1496.49,0.0,8.0,2024-09-10 10:00:00,PO-00135,2024-09-10,2024-09-19,2024-09-18,RECEIVED,SGD,1,procurement.mgr,1,Lion City Foods Pte Ltd,LIONCI-001,SKU-00032,GoldenLoaf Croissant,Bakery
702,135,7,73,47,47,11.3,531.1,0.0,8.0,2024-09-10 10:00:00,PO-00135,2024-09-10,2024-09-19,2024-09-18,RECEIVED,SGD,1,procurement.mgr,1,Lion City Foods Pte Ltd,LIONCI-001,SKU-00073,SeaHarvest Fish Fingers,Seafood
703,136,1,101,108,108,14.53,1569.24,3.0,8.0,2024-09-10 16:00:00,PO-00136,2024-09-10,2024-09-16,2024-09-17,RECEIVED,SGD,1,store.manager,3,Pacific Beverages & Co.,PACIFI-003,SKU-00101,SparklePro Dishwashing Liquid,Household
704,136,2,61,71,70,11.93,847.03,0.0,8.0,2024-09-10 13:00:00,PO-00136,2024-09-10,2024-09-16,2024-09-17,RECEIVED,SGD,1,store.manager,3,Pacific Beverages & Co.,PACIFI-003,SKU-00061,FrostyFoods Frozen Pizza,Frozen
705,136,3,81,180,179,18.51,3331.8,3.0,8.0,2024-09-10 13:00:00,PO-00136,2024-09-10,2024-09-16,2024-09-17,RECEIVED,SGD,1,store.manager,3,Pacific Beverages & Co.,PACIFI-003,SKU-00081,ThirstQuench Cola,Beverages
706,136,4,103,27,27,16.64,449.28,0.0,8.0,2024-09-10 14:00:00,PO-00136,2024-09-10,2024-09-16,2024-09-17,RECEIVED,SGD,1,store.manager,3,Pacific Beverages & Co.,PACIFI-003,SKU-00103,ArcticFresh Frozen Pizza,Frozen
707,136,5,86,90,85,2.65,238.5,2.0,8.0,2024-09-10 14:00:00,PO-00136,2024-09-10,2024-09-16,2024-09-17,RECEIVED,SGD,1,store.manager,3,Pacific Beverages & Co.,PACIFI-003,SKU-00086,HarmonyCare Toothpaste,Personal Care
708,136,6,34,176,166,8.14,1432.64,0.0,8.0,2024-09-10 15:00:00,PO-00136,2024-09-10,2024-09-16,2024-09-17,RECEIVED,SGD,1,store.manager,3,Pacific Beverages & Co.,PACIFI-003,SKU-00034,HappySnacks Potato Chips,Snacks
709,137,1,52,281,278,15.45,4341.45,0.0,8.0,2024-09-10 09:00:00,PO-00137,2024-09-10,2024-09-15,2024-09-14,RECEIVED,SGD,1,system.auto,4,Golden Harvest Grocers,GOLDEN-004,SKU-00052,SnackTime Potato Chips,Snacks
710,137,2,48,55,53,15.06,828.3,2.0,8.0,2024-09-10 17:00:00,PO-00137,2024-09-10,2024-09-15,2024-09-14,RECEIVED,SGD,1,system.auto,4,Golden Harvest Grocers,GOLDEN-004,SKU-00048,SparklePro Laundry Detergent,Household
711,137,3,106,117,113,3.66,428.22,2.0,8.0,2024-09-10 16:00:00,PO-00137,2024-09-10,2024-09-15,2024-09-14,RECEIVED,SGD,1,system.auto,4,Golden Harvest Grocers,GOLDEN-004,SKU-00106,ThirstQuench Green Tea,Beverages
712,137,4,14,135,127,15.46,2087.1,2.0,8.0,2024-09-10 17:00:00,PO-00137,2024-09-10,2024-09-15,2024-09-14,RECEIVED,SGD,1,system.auto,4,Golden Harvest Grocers,GOLDEN-004,SKU-00014,CleanHome Paper Towels,Household
713,137,5,68,15,14,13.59,203.85,0.0,8.0,2024-09-10 16:00:00,PO-00137,2024-09-10,2024-09-15,2024-09-14,RECEIVED,SGD,1,system.auto,4,Golden Harvest Grocers,GOLDEN-004,SKU-00068,PrimeChoice Chicken Breast,Meat
714,137,6,93,54,51,4.1,221.4,0.0,8.0,2024-09-10 08:00:00,PO-00137,2024-09-10,2024-09-15,2024-09-14,RECEIVED,SGD,1,system.auto,4,Golden Harvest Grocers,GOLDEN-004,SKU-00093,FrostyFoods Fish Fillets,Frozen
715,137,7,6,24,23,15.61,374.64,0.0,8.0,2024-09-10 17:00:00,PO-00137,2024-09-10,2024-09-15,2024-09-14,RECEIVED,SGD,1,system.auto,4,Golden Harvest Grocers,GOLDEN-004,SKU-00006,GoldenLoaf White Bread,Bakery
716,138,1,30,100,97,8.22,822.0,0.0,8.0,2024-09-16 16:00:00,PO-00138,2024-09-16,2024-09-27,2024-09-30,RECEIVED,SGD,1,procurement.mgr,1,Lion City Foods Pte Ltd,LIONCI-001,SKU-00030,DailyBake Muffins,Bakery
717,138,2,32,94,88,18.02,1693.88,0.0,8.0,2024-09-16 16:00:00,PO-00138,2024-09-16,2024-09-27,2024-09-30,RECEIVED,SGD,1,procurement.mgr,1,Lion City Foods Pte Ltd,LIONCI-001,SKU-00032,GoldenLoaf Croissant,Bakery
718,138,3,84,21,20,16.3,342.3,2.0,8.0,2024-09-16 17:00:00,PO-00138,2024-09-16,2024-09-27,2024-09-30,RECEIVED,SGD,1,procurement.mgr,1,Lion City Foods Pte Ltd,LIONCI-001,SKU-00084,ArcticFresh Fish Fillets,Frozen
719,138,4,130,57,54,20.84,1187.88,0.0,8.0,2024-09-16 12:00:00,PO-00138,2024-09-16,2024-09-27,2024-09-30,RECEIVED,SGD,1,procurement.mgr,1,Lion City Foods Pte Ltd,LIONCI-001,SKU-00130,ButcherSelect Minced Beef,Meat
720,138,5,74,82,74,6.21,509.22,5.0,8.0,2024-09-16 12:00:00,PO-00138,2024-09-16,2024-09-27,2024-09-30,RECEIVED,SGD,1,procurement.mgr,1,Lion City Foods Pte Ltd,LIONCI-001,SKU-00074,CitrusBurst Orange Juice,Beverages
721,138,6,54,48,43,14.56,698.88,0.0,8.0,2024-09-16 17:00:00,PO-00138,2024-09-16,2024-09-27,2024-09-30,RECEIVED,SGD,1,procurement.mgr,1,Lion City Foods Pte Ltd,LIONCI-001,SKU-00054,ButcherSelect Chicken Breast,Meat
722,138,7,73,13,13,10.92,141.96,5.0,8.0,2024-09-16 17:00:00,PO-00138,2024-09-16,2024-09-27,2024-09-30,RECEIVED,SGD,1,procurement.mgr,1,Lion City Foods Pte Ltd,LIONCI-001,SKU-00073,SeaHarvest Fish Fingers,Seafood
723,138,8,148,67,62,1.6,107.2,3.0,8.0,2024-09-16 09:00:00,PO-00138,2024-09-16,2024-09-27,2024-09-30,RECEIVED,SGD,1,procurement.mgr,1,Lion City Foods Pte Ltd,LIONCI-001,SKU-00148,SnackTime Trail Mix,Snacks
724,139,1,53,78,75,8.92,695.76,0.0,8.0,2024-09-16 12:00:00,PO-00139,2024-09-16,2024-09-23,2024-09-22,RECEIVED,SGD,1,procurement.mgr,7,Prime Choice Meats,PRIMEC-007,SKU-00053,CitrusBurst Orange Juice,Beverages
725,139,2,21,60,58,27.81,1668.6,3.0,8.0,2024-09-16 08:00:00,PO-00139,2024-09-16,2024-09-23,2024-09-22,RECEIVED,SGD,1,procurement.mgr,7,Prime Choice Meats,PRIMEC-007,SKU-00021,SeaHarvest Prawns,Seafood
726,139,3,143,58,58,9.68,561.44,3.0,8.0,2024-09-16 10:00:00,PO-00139,2024-09-16,2024-09-23,2024-09-22,RECEIVED,SGD,1,procurement.mgr,7,Prime Choice Meats,PRIMEC-007,SKU-00143,PureGlow Toothpaste,Personal Care
727,139,4,44,317,301,12.25,3883.25,2.0,8.0,2024-09-16 11:00:00,PO-00139,2024-09-16,2024-09-23,2024-09-22,RECEIVED,SGD,1,procurement.mgr,7,Prime Choice Meats,PRIMEC-007,SKU-00044,CrunchyBite Potato Chips,Snacks
728,139,5,76,71,69,23.38,1659.98,3.0,8.0,2024-09-16 13:00:00,PO-00139,2024-09-16,2024-09-23,2024-09-22,RECEIVED,SGD,1,procurement.mgr,7,Prime Choice Meats,PRIMEC-007,SKU-00076,PrimeChoice Sausages,Meat
729,140,1,142,66,62,3.17,209.22,2.0,8.0,2024-09-17 12:00:00,PO-00140,2024-09-17,2024-09-26,2024-09-28,RECEIVED,SGD,1,inventory.bot,8,CleanHome Household Products,CLEANH-008,SKU-00142,FarmHouse Cheese,Dairy
730,140,2,18,42,40,4.97,208.74,0.0,8.0,2024-09-17 15:00:00,PO-00140,2024-09-17,2024-09-26,2024-09-28,RECEIVED,SGD,1,inventory.bot,8,CleanHome Household Products,CLEANH-008,SKU-00018,MilkyWay Yogurt,Dairy
731,140,3,1,117,113,5.85,684.45,5.0,8.0,2024-09-17 08:00:00,PO-00140,2024-09-17,2024-09-26,2024-09-28,RECEIVED,SGD,1,inventory.bot,8,CleanHome Household Products,CLEANH-008,SKU-00001,SparklePro Laundry Detergent,Household
732,140,4,78,27,27,23.99,647.73,2.0,8.0,2024-09-17 17:00:00,PO-00140,2024-09-17,2024-09-26,2024-09-28,RECEIVED,SGD,1,inventory.bot,8,CleanHome Household Products,CLEANH-008,SKU-00078,ButcherSelect Chicken Breast,Meat
733,140,5,121,103,102,4.98,512.94,0.0,8.0,2024-09-17 09:00:00,PO-00140,2024-09-17,2024-09-26,2024-09-28,RECEIVED,SGD,1,inventory.bot,8,CleanHome Household Products,CLEANH-008,SKU-00121,GardenFresh Apples,Produce
734,141,1,98,152,138,19.65,2986.8,3.0,8.0,2024-09-17 09:00:00,PO-00141,2024-09-17,2024-10-01,2024-10-01,RECEIVED,SGD,1,system.auto,2,Evergreen Produce Importers,EVERGR-002,SKU-00098,MeadowFresh Yogurt,Dairy
735,141,2,116,77,72,4.32,332.64,0.0,8.0,2024-09-17 11:00:00,PO-00141,2024-09-17,2024-10-01,2024-10-01,RECEIVED,SGD,1,system.auto,2,Evergreen Produce Importers,EVERGR-002,SKU-00116,FrostyFoods Fish Fillets,Frozen
736,141,3,59,19,17,5.15,97.85,3.0,8.0,2024-09-17 11:00:00,PO-00141,2024-09-17,2024-10-01,2024-10-01,RECEIVED,SGD,1,system.auto,2,Evergreen Produce Importers,EVERGR-002,SKU-00059,PureGlow Shampoo,Personal Care
737,141,4,50,96,93,2.22,213.12,0.0,8.0,2024-09-17 09:00:00,PO-00141,2024-09-17,2024-10-01,2024-10-01,RECEIVED,SGD,1,system.auto,2,Evergreen Produce Importers,EVERGR-002,SKU-00050,GardenFresh Lettuce,Produce
738,141,5,62,53,50,3.38,179.14,5.0,8.0,2024-09-17 17:00:00,PO-00141,2024-09-17,2024-10-01,2024-10-01,RECEIVED,SGD,1,system.auto,2,Evergreen Produce Importers,EVERGR-002,SKU-00062,SparklePro Trash Bags,Household
739,141,6,43,21,21,33.69,707.49,0.0,8.0,2024-09-17 12:00:00,PO-00141,2024-09-17,2024-10-01,2024-10-01,RECEIVED,SGD,1,system.auto,2,Evergreen Produce Importers,EVERGR-002,SKU-00043,SeaHarvest Salmon Fillet,Seafood
740,141,7,75,79,76,10.92,862.68,2.0,8.0,2024-09-17 12:00:00,PO-00141,2024-09-17,2024-10-01,2024-10-01,RECEIVED,SGD,1,system.auto,2,Evergreen Produce Importers,EVERGR-002,SKU-00075,FrostyFoods Frozen Pizza,Frozen
741,142,1,120,76,69,11.43,868.68,0.0,8.0,2024-09-17 17:00:00,PO-00142,2024-09-17,2024-09-25,2024-09-24,RECEIVED,SGD,1,store.manager,10,Harmony Personal Care,HARMON-010,SKU-00120,GoldenLoaf Wholemeal Bread,Bakery
742,142,2,82,180,165,2.5,450.0,0.0,8.0,2024-09-17 16:00:00,PO-00142,2024-09-17,2024-09-25,2024-09-24,RECEIVED,SGD,1,store.manager,10,Harmony Personal Care,HARMON-010,SKU-00082,CrunchyBite Trail Mix,Snacks
743,142,3,57,130,120,25.27,3285.1,2.0,8.0,2024-09-17 12:00:00,PO-00142,2024-09-17,2024-09-25,2024-09-24,RECEIVED,SGD,1,store.manager,10,Harmony Personal Care,HARMON-010,SKU-00057,CleanHome Laundry Detergent,Household
744,142,4,16,66,60,6.61,436.26,5.0,8.0,2024-09-17 12:00:00,PO-00142,2024-09-17,2024-09-25,2024-09-24,RECEIVED,SGD,1,store.manager,10,Harmony Personal Care,HARMON-010,SKU-00016,CitrusBurst Apple Juice,Beverages
745,142,5,132,144,136,19.97,2875.68,0.0,8.0,2024-09-17 08:00:00,PO-00142,2024-09-17,2024-09-25,2024-09-24,RECEIVED,SGD,1,store.manager,10,Harmony Personal Care,HARMON-010,SKU-00132,FarmHouse Milk,Dairy
746,142,6,110,19,18,10.36,196.84,5.0,8.0,2024-09-17 13:00:00,PO-00142,2024-09-17,2024-09-25,2024-09-24,RECEIVED,SGD,1,store.manager,10,Harmony Personal Care,HARMON-010,SKU-00110,HarmonyCare Hand Soap,Personal Care
747,142,7,140,35,34,21.7,759.5,2.0,8.0,2024-09-17 15:00:00,PO-00142,2024-09-17,2024-09-25,2024-09-24,RECEIVED,SGD,1,store.manager,10,Harmony Personal Care,HARMON-010,SKU-00140,BlueOcean Squid Rings,Seafood
748,142,8,85,70,66,14.54,1017.8,0.0,8.0,2024-09-17 16:00:00,PO-00142,2024-09-17,2024-09-25,2024-09-24,RECEIVED,SGD,1,store.manager,10,Harmony Personal Care,HARMON-010,SKU-00085,PureGlow Body Wash,Personal Care
749,143,1,119,63,57,2.77,174.51,0.0,8.0,2024-09-23 11:00:00,PO-00143,2024-09-23,2024-10-02,2024-10-01,RECEIVED,SGD,1,store.manager,2,Evergreen Produce Importers,EVERGR-002,SKU-00119,FrostyFoods Frozen Peas,Frozen
750,143,2,38,42,40,14.34,602.28,5.0,8.0,2024-09-23 11:00:00,PO-00143,2024-09-23,2024-10-02,2024-10-01,RECEIVED,SGD,1,store.manager,2,Evergreen Produce Importers,EVERGR-002,SKU-00038,DailyBake Croissant,Bakery
751,143,3,77,58,56,11.9,690.2,5.0,8.0,2024-09-23 13:00:00,PO-00143,2024-09-23,2024-10-02,2024-10-01,RECEIVED,SGD,1,store.manager,2,Evergreen Produce Importers,EVERGR-002,SKU-00077,GreenFields Bananas,Produce
752,143,4,75,82,74,11.55,947.1,5.0,8.0,2024-09-23 11:00:00,PO-00143,2024-09-23,2024-10-02,2024-10-01,RECEIVED,SGD,1,store.manager,2,Evergreen Produce Importers,EVERGR-002,SKU-00075,FrostyFoods Frozen Pizza,Frozen
753,143,5,144,53,48,18.87,1000.11,3.0,8.0,2024-09-23 11:00:00,PO-00143,2024-09-23,2024-10-02,2024-10-01,RECEIVED,SGD,1,store.manager,2,Evergreen Produce Importers,EVERGR-002,SKU-00144,MeadowFresh Yogurt,Dairy
754,143,6,41,145,136,9.71,1407.95,5.0,8.0,2024-09-23 12:00:00,PO-00143,2024-09-23,2024-10-02,2024-10-01,RECEIVED,SGD,1,store.manager,2,Evergreen Produce Importers,EVERGR-002,SKU-00041,SparklePro Paper Towels,Household
755,144,1,9,27,26,17.23,465.21,0.0,8.0,2024-09-23 08:00:00,PO-00144,2024-09-23,2024-10-02,2024-10-01,RECEIVED,SGD,1,inventory.bot,1,Lion City Foods Pte Ltd,LIONCI-001,SKU-00009,PrimeChoice Pork Chops,Meat
756,144,2,148,286,261,1.7,486.2,2.0,8.0,2024-09-23 17:00:00,PO-00144,2024-09-23,2024-10-02,2024-10-01,RECEIVED,SGD,1,inventory.bot,1,Lion City Foods Pte Ltd,LIONCI-001,SKU-00148,SnackTime Trail Mix,Snacks
757,144,3,70,73,67,20.05,1463.65,0.0,8.0,2024-09-23 10:00:00,PO-00144,2024-09-23,2024-10-02,2024-10-01,RECEIVED,SGD,1,inventory.bot,1,Lion City Foods Pte Ltd,LIONCI-001,SKU-00070,HappySnacks Trail Mix,Snacks
758,144,4,138,50,45,33.1,1655.0,0.0,8.0,2024-09-23 15:00:00,PO-00144,2024-09-23,2024-10-02,2024-10-01,RECEIVED,SGD,1,inventory.bot,1,Lion City Foods Pte Ltd,LIONCI-001,SKU-00138,BlueOcean Fish Fingers,Seafood
759,144,5,130,36,35,19.05,685.8,0.0,8.0,2024-09-23 09:00:00,PO-00144,2024-09-23,2024-10-02,2024-10-01,RECEIVED,SGD,1,inventory.bot,1,Lion City Foods Pte Ltd,LIONCI-001,SKU-00130,ButcherSelect Minced Beef,Meat
760,144,6,84,83,80,16.47,1367.01,0.0,8.0,2024-09-23 11:00:00,PO-00144,2024-09-23,2024-10-02,2024-10-01,RECEIVED,SGD,1,inventory.bot,1,Lion City Foods Pte Ltd,LIONCI-001,SKU-00084,ArcticFresh Fish Fillets,Frozen
761,145,1,104,70,65,5.71,399.7,0.0,8.0,2024-09-23 13:00:00,PO-00145,2024-09-23,2024-09-26,2024-09-29,RECEIVED,SGD,1,store.manager,9,Fresh & Crisp Snacks,FRESHC-009,SKU-00104,ThirstQuench Apple Juice,Beverages
762,145,2,63,62,59,4.08,252.96,0.0,8.0,2024-09-23 10:00:00,PO-00145,2024-09-23,2024-09-26,2024-09-29,RECEIVED,SGD,1,store.manager,9,Fresh & Crisp Snacks,FRESHC-009,SKU-00063,CleanHome Trash Bags,Household
763,145,3,58,32,31,12.84,410.88,2.0,8.0,2024-09-23 10:00:00,PO-00145,2024-09-23,2024-09-26,2024-09-29,RECEIVED,SGD,1,store.manager,9,Fresh & Crisp Snacks,FRESHC-009,SKU-00058,GardenFresh Tomatoes,Produce
764,145,4,17,17,17,9.52,161.84,0.0,8.0,2024-09-23 10:00:00,PO-00145,2024-09-23,2024-09-26,2024-09-29,RECEIVED,SGD,1,store.manager,9,Fresh & Crisp Snacks,FRESHC-009,SKU-00017,ButcherSelect Chicken Breast,Meat
765,145,5,87,31,30,1.2,37.2,0.0,8.0,2024-09-23 14:00:00,PO-00145,2024-09-23,2024-09-26,2024-09-29,RECEIVED,SGD,1,store.manager,9,Fresh & Crisp Snacks,FRESHC-009,SKU-00087,DailyBake Muffins,Bakery
766,145,6,24,161,156,7.99,1286.39,5.0,8.0,2024-09-23 12:00:00,PO-00145,2024-09-23,2024-09-26,2024-09-29,RECEIVED,SGD,1,store.manager,9,Fresh & Crisp Snacks,FRESHC-009,SKU-00024,CoolSip Green Tea,Beverages
767,145,7,65,72,68,14.44,1039.68,3.0,8.0,2024-09-23 08:00:00,PO-00145,2024-09-23,2024-09-26,2024-09-29,RECEIVED,SGD,1,store.manager,9,Fresh & Crisp Snacks,FRESHC-009,SKU-00065,ButcherSelect Pork Chops,Meat
768,145,8,88,48,44,22.81,1094.88,0.0,8.0,2024-09-23 12:00:00,PO-00145,2024-09-23,2024-09-26,2024-09-29,RECEIVED,SGD,1,store.manager,9,Fresh & Crisp Snacks,FRESHC-009,SKU-00088,SeaHarvest Squid Rings,Seafood
769,146,1,137,84,77,7.02,589.68,5.0,8.0,2024-09-24 11:00:00,PO-00146,2024-09-24,2024-09-28,2024-10-01,RECEIVED,SGD,1,store.manager,2,Evergreen Produce Importers,EVERGR-002,SKU-00137,GoldenLoaf Wholemeal Bread,Bakery
770,146,2,59,50,45,5.16,258.0,0.0,8.0,2024-09-24 15:00:00,PO-00146,2024-09-24,2024-09-28,2024-10-01,RECEIVED,SGD,1,store.manager,2,Evergreen Produce Importers,EVERGR-002,SKU-00059,PureGlow Shampoo,Personal Care
771,146,3,50,83,76,2.21,183.43,0.0,8.0,2024-09-24 08:00:00,PO-00146,2024-09-24,2024-09-28,2024-10-01,RECEIVED,SGD,1,store.manager,2,Evergreen Produce Importers,EVERGR-002,SKU-00050,GardenFresh Lettuce,Produce
772,147,1,34,301,272,8.39,2525.39,0.0,8.0,2024-09-24 11:00:00,PO-00147,2024-09-24,2024-09-27,2024-09-26,RECEIVED,SGD,1,procurement.mgr,3,Pacific Beverages & Co.,PACIFI-003,SKU-00034,HappySnacks Potato Chips,Snacks
773,147,2,81,153,147,19.14,2928.42,0.0,8.0,2024-09-24 13:00:00,PO-00147,2024-09-24,2024-09-27,2024-09-26,RECEIVED,SGD,1,procurement.mgr,3,Pacific Beverages & Co.,PACIFI-003,SKU-00081,ThirstQuench Cola,Beverages
774,147,3,61,49,48,11.32,554.68,0.0,8.0,2024-09-24 11:00:00,PO-00147,2024-09-24,2024-09-27,2024-09-26,RECEIVED,SGD,1,procurement.mgr,3,Pacific Beverages & Co.,PACIFI-003,SKU-00061,FrostyFoods Frozen Pizza,Frozen
775,147,4,80,286,269,3.16,903.76,0.0,8.0,2024-09-24 09:00:00,PO-00147,2024-09-24,2024-09-27,2024-09-26,RECEIVED,SGD,1,procurement.mgr,3,Pacific Beverages & Co.,PACIFI-003,SKU-00080,CrunchyBite Potato Chips,Snacks
776,147,5,86,75,72,2.58,193.5,2.0,8.0,2024-09-24 10:00:00,PO-00147,2024-09-24,2024-09-27,2024-09-26,RECEIVED,SGD,1,procurement.mgr,3,Pacific Beverages & Co.,PACIFI-003,SKU-00086,HarmonyCare Toothpaste,Personal Care
777,148,1,116,36,33,4.25,153.0,0.0,8.0,2024-09-30 10:00:00,PO-00148,2024-09-30,2024-10-06,2024-10-07,RECEIVED,SGD,1,procurement.mgr,2,Evergreen Produce Importers,EVERGR-002,SKU-00116,FrostyFoods Fish Fillets,Frozen
778,148,2,43,17,17,32.9,559.3,0.0,8.0,2024-09-30 13:00:00,PO-00148,2024-09-30,2024-10-06,2024-10-07,RECEIVED,SGD,1,procurement.mgr,2,Evergreen Produce Importers,EVERGR-002,SKU-00043,SeaHarvest Salmon Fillet,Seafood
779,148,3,98,65,64,20.04,1302.6,5.0,8.0,2024-09-30 17:00:00,PO-00148,2024-09-30,2024-10-06,2024-10-07,RECEIVED,SGD,1,procurement.mgr,2,Evergreen Produce Importers,EVERGR-002,SKU-00098,MeadowFresh Yogurt,Dairy
780,148,4,77,41,39,11.51,471.91,0.0,8.0,2024-09-30 09:00:00,PO-00148,2024-09-30,2024-10-06,2024-10-07,RECEIVED,SGD,1,procurement.mgr,2,Evergreen Produce Importers,EVERGR-002,SKU-00077,GreenFields Bananas,Produce
781,148,5,22,53,52,4.08,216.24,0.0,8.0,2024-09-30 17:00:00,PO-00148,2024-09-30,2024-10-06,2024-10-07,RECEIVED,SGD,1,procurement.mgr,2,Evergreen Produce Importers,EVERGR-002,SKU-00022,HarmonyCare Hand Soap,Personal Care
782,148,6,59,75,74,5.25,393.75,5.0,8.0,2024-09-30 14:00:00,PO-00148,2024-09-30,2024-10-06,2024-10-07,RECEIVED,SGD,1,procurement.mgr,2,Evergreen Produce Importers,EVERGR-002,SKU-00059,PureGlow Shampoo,Personal Care
783,148,7,119,51,47,2.76,140.76,0.0,8.0,2024-09-30 17:00:00,PO-00148,2024-09-30,2024-10-06,2024-10-07,RECEIVED,SGD,1,procurement.mgr,2,Evergreen Produce Importers,EVERGR-002,SKU-00119,FrostyFoods Frozen Peas,Frozen
784,149,1,26,106,98,4.45,471.7,0.0,8.0,2024-10-01 14:00:00,PO-00149,2024-10-01,2024-10-12,2024-10-14,CLOSED,SGD,1,system.auto,5,Sunrise Dairy Supplies,SUNRIS-005,SKU-00026,FarmHouse Milk,Dairy
785,149,2,72,47,43,17.96,844.12,5.0,8.0,2024-10-01 09:00:00,PO-00149,2024-10-01,2024-10-12,2024-10-14,CLOSED,SGD,1,system.auto,5,Sunrise Dairy Supplies,SUNRIS-005,SKU-00072,FrostyFoods Frozen Peas,Frozen
786,149,3,133,22,21,9.01,198.22,5.0,8.0,2024-10-01 15:00:00,PO-00149,2024-10-01,2024-10-12,2024-10-14,CLOSED,SGD,1,system.auto,5,Sunrise Dairy Supplies,SUNRIS-005,SKU-00133,GoldenLoaf White Bread,Bakery
787,149,4,122,88,86,16.2,1425.6,2.0,8.0,2024-10-01 15:00:00,PO-00149,2024-10-01,2024-10-12,2024-10-14,CLOSED,SGD,1,system.auto,5,Sunrise Dairy Supplies,SUNRIS-005,SKU-00122,PureGlow Shampoo,Personal Care
788,149,5,97,118,108,3.1,365.8,0.0,8.0,2024-10-01 13:00:00,PO-00149,2024-10-01,2024-10-12,2024-10-14,CLOSED,SGD,1,system.auto,5,Sunrise Dairy Supplies,SUNRIS-005,SKU-00097,GreenFields Apples,Produce
789,149,6,113,50,47,8.54,427.0,5.0,8.0,2024-10-01 09:00:00,PO-00149,2024-10-01,2024-10-12,2024-10-14,CLOSED,SGD,1,system.auto,5,Sunrise Dairy Supplies,SUNRIS-005,SKU-00113,SeaHarvest Salmon Fillet,Seafood
790,149,7,46,139,138,18.7,2599.3,0.0,8.0,2024-10-01 12:00:00,PO-00149,2024-10-01,2024-10-12,2024-10-14,CLOSED,SGD,1,system.auto,5,Sunrise Dairy Supplies,SUNRIS-005,SKU-00046,ThirstQuench Apple Juice,Beverages
791,150,1,115,85,80,1.51,128.35,5.0,8.0,2024-10-01 13:00:00,PO-00150,2024-10-01,2024-10-14,2024-10-13,SENT,SGD,1,store.manager,9,Fresh & Crisp Snacks,FRESHC-009,SKU-00115,GoldenLoaf Muffins,Bakery
792,150,2,88,13,12,21.92,284.96,0.0,8.0,2024-10-01 15:00:00,PO-00150,2024-10-01,2024-10-14,2024-10-13,SENT,SGD,1,store.manager,9,Fresh & Crisp Snacks,FRESHC-009,SKU-00088,SeaHarvest Squid Rings,Seafood
793,150,3,87,99,98,1.14,112.86,0.0,8.0,2024-10-01 10:00:00,PO-00150,2024-10-01,2024-10-14,2024-10-13,SENT,SGD,1,store.manager,9,Fresh & Crisp Snacks,FRESHC-009,SKU-00087,DailyBake Muffins,Bakery
794,150,4,131,91,87,5.72,520.52,3.0,8.0,2024-10-01 11:00:00,PO-00150,2024-10-01,2024-10-14,2024-10-13,SENT,SGD,1,store.manager,9,Fresh & Crisp Snacks,FRESHC-009,SKU-00131,ArcticFresh Frozen Pizza,Frozen
795,150,5,28,105,98,0.94,98.7,0.0,8.0,2024-10-01 16:00:00,PO-00150,2024-10-01,2024-10-14,2024-10-13,SENT,SGD,1,store.manager,9,Fresh & Crisp Snacks,FRESHC-009,SKU-00028,CitrusBurst Cola,Beverages
796,151,1,93,67,63,4.07,272.69,3.0,8.0,2024-10-01 09:00:00,PO-00151,2024-10-01,2024-10-12,2024-10-14,RECEIVED,SGD,1,system.auto,4,Golden Harvest Grocers,GOLDEN-004,SKU-00093,FrostyFoods Fish Fillets,Frozen
797,151,2,37,29,28,24.94,723.26,3.0,8.0,2024-10-01 12:00:00,PO-00151,2024-10-01,2024-10-12,2024-10-14,RECEIVED,SGD,1,system.auto,4,Golden Harvest Grocers,GOLDEN-004,SKU-00037,BlueOcean Salmon Fillet,Seafood
798,151,3,106,156,150,3.79,591.24,5.0,8.0,2024-10-01 09:00:00,PO-00151,2024-10-01,2024-10-12,2024-10-14,RECEIVED,SGD,1,system.auto,4,Golden Harvest Grocers,GOLDEN-004,SKU-00106,ThirstQuench Green Tea,Beverages
799,151,4,48,68,67,15.13,1028.84,0.0,8.0,2024-10-01 14:00:00,PO-00151,2024-10-01,2024-10-12,2024-10-14,RECEIVED,SGD,1,system.auto,4,Golden Harvest Grocers,GOLDEN-004,SKU-00048,SparklePro Laundry Detergent,Household
800,151,5,14,65,60,16.63,1080.95,0.0,8.0,2024-10-01 10:00:00,PO-00151,2024-10-01,2024-10-12,2024-10-14,RECEIVED,SGD,1,system.auto,4,Golden Harvest Grocers,GOLDEN-004,SKU-00014,CleanHome Paper Towels,Household
801,151,6,52,147,134,14.67,2156.49,0.0,8.0,2024-10-01 11:00:00,PO-00151,2024-10-01,2024-10-12,2024-10-14,RECEIVED,SGD,1,system.auto,4,Golden Harvest Grocers,GOLDEN-004,SKU-00052,SnackTime Potato Chips,Snacks
802,152,1,9,17,15,18.23,309.91,3.0,8.0,2024-10-07 13:00:00,PO-00152,2024-10-07,2024-10-16,2024-10-18,RECEIVED,SGD,1,store.manager,1,Lion City Foods Pte Ltd,LIONCI-001,SKU-00009,PrimeChoice Pork Chops,Meat
803,152,2,54,67,64,14.83,993.61,0.0,8.0,2024-10-07 15:00:00,PO-00152,2024-10-07,2024-10-16,2024-10-18,RECEIVED,SGD,1,store.manager,1,Lion City Foods Pte Ltd,LIONCI-001,SKU-00054,ButcherSelect Chicken Breast,Meat
804,152,3,71,71,67,19.19,1362.49,0.0,8.0,2024-10-07 10:00:00,PO-00152,2024-10-07,2024-10-16,2024-10-18,RECEIVED,SGD,1,store.manager,1,Lion City Foods Pte Ltd,LIONCI-001,SKU-00071,ButcherSelect Pork Chops,Meat
805,152,4,83,60,56,14.63,877.8,0.0,8.0,2024-10-07 08:00:00,PO-00152,2024-10-07,2024-10-16,2024-10-18,RECEIVED,SGD,1,store.manager,1,Lion City Foods Pte Ltd,LIONCI-001,SKU-00083,SeaHarvest Prawns,Seafood
806,152,5,74,108,101,5.93,640.44,0.0,8.0,2024-10-07 17:00:00,PO-00152,2024-10-07,2024-10-16,2024-10-18,RECEIVED,SGD,1,store.manager,1,Lion City Foods Pte Ltd,LIONCI-001,SKU-00074,CitrusBurst Orange Juice,Beverages
807,152,6,32,40,39,18.45,738.0,0.0,8.0,2024-10-07 10:00:00,PO-00152,2024-10-07,2024-10-16,2024-10-18,RECEIVED,SGD,1,store.manager,1,Lion City Foods Pte Ltd,LIONCI-001,SKU-00032,GoldenLoaf Croissant,Bakery
808,152,7,73,20,18,10.64,212.8,0.0,8.0,2024-10-07 17:00:00,PO-00152,2024-10-07,2024-10-16,2024-10-18,RECEIVED,SGD,1,store.manager,1,Lion City Foods Pte Ltd,LIONCI-001,SKU-00073,SeaHarvest Fish Fingers,Seafood
809,152,8,70,100,94,19.5,1950.0,0.0,8.0,2024-10-07 16:00:00,PO-00152,2024-10-07,2024-10-16,2024-10-18,RECEIVED,SGD,1,store.manager,1,Lion City Foods Pte Ltd,LIONCI-001,SKU-00070,HappySnacks Trail Mix,Snacks
810,153,1,89,78,77,14.59,1138.02,5.0,8.0,2024-10-08 16:00:00,PO-00153,2024-10-08,2024-10-12,2024-10-11,CLOSED,SGD,1,inventory.bot,6,Blue Ocean Seafood Traders,BLUEOC-006,SKU-00089,GardenFresh Tomatoes,Produce
811,153,2,139,107,100,10.41,1113.87,2.0,8.0,2024-10-08 12:00:00,PO-00153,2024-10-08,2024-10-12,2024-10-11,CLOSED,SGD,1,inventory.bot,6,Blue Ocean Seafood Traders,BLUEOC-006,SKU-00139,MilkyWay Milk,Dairy
812,153,3,35,88,85,14.34,1261.92,5.0,8.0,2024-10-08 15:00:00,PO-00153,2024-10-08,2024-10-12,2024-10-11,CLOSED,SGD,1,inventory.bot,6,Blue Ocean Seafood Traders,BLUEOC-006,SKU-00035,PureGlow Hand Soap,Personal Care
813,153,4,126,176,171,17.73,3120.48,0.0,8.0,2024-10-08 10:00:00,PO-00153,2024-10-08,2024-10-12,2024-10-11,CLOSED,SGD,1,inventory.bot,6,Blue Ocean Seafood Traders,BLUEOC-006,SKU-00126,ThirstQuench Orange Juice,Beverages
814,153,5,36,132,126,16.03,2115.96,2.0,8.0,2024-10-08 17:00:00,PO-00153,2024-10-08,2024-10-12,2024-10-11,CLOSED,SGD,1,inventory.bot,6,Blue Ocean Seafood Traders,BLUEOC-006,SKU-00036,MeadowFresh Cheese,Dairy
815,153,6,39,48,45,1.49,71.52,0.0,8.0,2024-10-08 17:00:00,PO-00153,2024-10-08,2024-10-12,2024-10-11,CLOSED,SGD,1,inventory.bot,6,Blue Ocean Seafood Traders,BLUEOC-006,SKU-00039,FrostyFoods Ice Cream,Frozen
816,153,7,20,127,117,13.01,1652.27,0.0,8.0,2024-10-08 11:00:00,PO-00153,2024-10-08,2024-10-12,2024-10-11,CLOSED,SGD,1,inventory.bot,6,Blue Ocean Seafood Traders,BLUEOC-006,SKU-00020,FarmHouse Yogurt,Dairy
817,153,8,112,25,23,16.54,413.5,5.0,8.0,2024-10-08 09:00:00,PO-00153,2024-10-08,2024-10-12,2024-10-11,CLOSED,SGD,1,inventory.bot,6,Blue Ocean Seafood Traders,BLUEOC-006,SKU-00112,CleanHome Laundry Detergent,Household
818,154,1,46,135,127,18.09,2442.15,0.0,8.0,2024-10-08 13:00:00,PO-00154,2024-10-08,2024-10-21,2024-10-22,CLOSED,SGD,1,procurement.mgr,5,Sunrise Dairy Supplies,SUNRIS-005,SKU-00046,ThirstQuench Apple Juice,Beverages
819,154,2,97,59,59,3.15,185.85,0.0,8.0,2024-10-08 11:00:00,PO-00154,2024-10-08,2024-10-21,2024-10-22,CLOSED,SGD,1,procurement.mgr,5,Sunrise Dairy Supplies,SUNRIS-005,SKU-00097,GreenFields Apples,Produce
820,154,3,69,76,74,2.37,180.12,2.0,8.0,2024-10-08 12:00:00,PO-00154,2024-10-08,2024-10-21,2024-10-22,CLOSED,SGD,1,procurement.mgr,5,Sunrise Dairy Supplies,SUNRIS-005,SKU-00069,FrostyFoods Frozen Pizza,Frozen
821,154,4,113,20,20,8.83,176.6,2.0,8.0,2024-10-08 14:00:00,PO-00154,2024-10-08,2024-10-21,2024-10-22,CLOSED,SGD,1,procurement.mgr,5,Sunrise Dairy Supplies,SUNRIS-005,SKU-00113,SeaHarvest Salmon Fillet,Seafood
822,154,5,105,37,36,7.44,275.28,0.0,8.0,2024-10-08 11:00:00,PO-00154,2024-10-08,2024-10-21,2024-10-22,CLOSED,SGD,1,procurement.mgr,5,Sunrise Dairy Supplies,SUNRIS-005,SKU-00105,FrostyFoods Ice Cream,Frozen
823,154,6,26,77,73,4.58,352.66,0.0,8.0,2024-10-08 09:00:00,PO-00154,2024-10-08,2024-10-21,2024-10-22,CLOSED,SGD,1,procurement.mgr,5,Sunrise Dairy Supplies,SUNRIS-005,SKU-00026,FarmHouse Milk,Dairy
824,155,1,133,43,42,9.0,387.0,2.0,8.0,2024-10-08 08:00:00,PO-00155,2024-10-08,2024-10-13,2024-10-16,CLOSED,SGD,1,procurement.mgr,5,Sunrise Dairy Supplies,SUNRIS-005,SKU-00133,GoldenLoaf White Bread,Bakery
825,155,2,72,58,57,17.97,1042.26,3.0,8.0,2024-10-08 15:00:00,PO-00155,2024-10-08,2024-10-13,2024-10-16,CLOSED,SGD,1,procurement.mgr,5,Sunrise Dairy Supplies,SUNRIS-005,SKU-00072,FrostyFoods Frozen Peas,Frozen
826,155,3,33,35,32,10.84,379.4,0.0,8.0,2024-10-08 12:00:00,PO-00155,2024-10-08,2024-10-13,2024-10-16,CLOSED,SGD,1,procurement.mgr,5,Sunrise Dairy Supplies,SUNRIS-005,SKU-00033,GoldenLoaf White Bread,Bakery
827,155,4,26,126,124,4.41,555.66,5.0,8.0,2024-10-08 12:00:00,PO-00155,2024-10-08,2024-10-13,2024-10-16,CLOSED,SGD,1,procurement.mgr,5,Sunrise Dairy Supplies,SUNRIS-005,SKU-00026,FarmHouse Milk,Dairy
828,155,5,125,73,67,6.02,439.46,5.0,8.0,2024-10-08 11:00:00,PO-00155,2024-10-08,2024-10-13,2024-10-16,CLOSED,SGD,1,procurement.mgr,5,Sunrise Dairy Supplies,SUNRIS-005,SKU-00125,GreenFields Apples,Produce
829,155,6,64,11,10,31.84,350.24,0.0,8.0,2024-10-08 17:00:00,PO-00155,2024-10-08,2024-10-13,2024-10-16,CLOSED,SGD,1,procurement.mgr,5,Sunrise Dairy Supplies,SUNRIS-005,SKU-00064,SeaHarvest Salmon Fillet,Seafood
830,155,7,46,133,127,19.14,2545.62,0.0,8.0,2024-10-08 15:00:00,PO-00155,2024-10-08,2024-10-13,2024-10-16,CLOSED,SGD,1,procurement.mgr,5,Sunrise Dairy Supplies,SUNRIS-005,SKU-00046,ThirstQuench Apple Juice,Beverages
831,156,1,69,60,57,2.44,146.4,0.0,8.0,2024-10-08 10:00:00,PO-00156,2024-10-08,2024-10-11,2024-10-12,RECEIVED,SGD,1,system.auto,5,Sunrise Dairy Supplies,SUNRIS-005,SKU-00069,FrostyFoods Frozen Pizza,Frozen
832,156,2,105,26,24,7.31,190.06,0.0,8.0,2024-10-08 08:00:00,PO-00156,2024-10-08,2024-10-11,2024-10-12,RECEIVED,SGD,1,system.auto,5,Sunrise Dairy Supplies,SUNRIS-005,SKU-00105,FrostyFoods Ice Cream,Frozen
833,156,3,113,28,26,8.55,239.4,0.0,8.0,2024-10-08 16:00:00,PO-00156,2024-10-08,2024-10-11,2024-10-12,RECEIVED,SGD,1,system.auto,5,Sunrise Dairy Supplies,SUNRIS-005,SKU-00113,SeaHarvest Salmon Fillet,Seafood
834,157,1,14,23,21,15.55,357.65,2.0,8.0,2024-10-14 14:00:00,PO-00157,2024-10-14,2024-10-27,2024-10-28,RECEIVED,SGD,1,store.manager,4,Golden Harvest Grocers,GOLDEN-004,SKU-00014,CleanHome Paper Towels,Household
835,157,2,6,63,63,14.78,931.14,0.0,8.0,2024-10-14 10:00:00,PO-00157,2024-10-14,2024-10-27,2024-10-28,RECEIVED,SGD,1,store.manager,4,Golden Harvest Grocers,GOLDEN-004,SKU-00006,GoldenLoaf White Bread,Bakery
836,157,3,106,169,156,3.57,603.33,3.0,8.0,2024-10-14 17:00:00,PO-00157,2024-10-14,2024-10-27,2024-10-28,RECEIVED,SGD,1,store.manager,4,Golden Harvest Grocers,GOLDEN-004,SKU-00106,ThirstQuench Green Tea,Beverages
837,157,4,48,49,46,15.82,775.18,0.0,8.0,2024-10-14 10:00:00,PO-00157,2024-10-14,2024-10-27,2024-10-28,RECEIVED,SGD,1,store.manager,4,Golden Harvest Grocers,GOLDEN-004,SKU-00048,SparklePro Laundry Detergent,Household
838,157,5,52,350,316,14.98,5243.0,5.0,8.0,2024-10-14 13:00:00,PO-00157,2024-10-14,2024-10-27,2024-10-28,RECEIVED,SGD,1,store.manager,4,Golden Harvest Grocers,GOLDEN-004,SKU-00052,SnackTime Potato Chips,Snacks
839,157,6,90,32,31,12.81,409.92,3.0,8.0,2024-10-14 16:00:00,PO-00157,2024-10-14,2024-10-27,2024-10-28,RECEIVED,SGD,1,store.manager,4,Golden Harvest Grocers,GOLDEN-004,SKU-00090,PrimeChoice Minced Beef,Meat
840,157,7,68,58,53,12.87,746.46,5.0,8.0,2024-10-14 09:00:00,PO-00157,2024-10-14,2024-10-27,2024-10-28,RECEIVED,SGD,1,store.manager,4,Golden Harvest Grocers,GOLDEN-004,SKU-00068,PrimeChoice Chicken Breast,Meat
841,157,8,45,130,119,1.15,149.5,5.0,8.0,2024-10-14 11:00:00,PO-00157,2024-10-14,2024-10-27,2024-10-28,RECEIVED,SGD,1,store.manager,4,Golden Harvest Grocers,GOLDEN-004,SKU-00045,HappySnacks Potato Chips,Snacks
842,158,1,41,70,64,9.71,679.7,3.0,8.0,2024-10-14 17:00:00,PO-00158,2024-10-14,2024-10-18,2024-10-17,CLOSED,SGD,1,inventory.bot,2,Evergreen Produce Importers,EVERGR-002,SKU-00041,SparklePro Paper Towels,Household
843,158,2,22,16,15,4.25,68.0,0.0,8.0,2024-10-14 09:00:00,PO-00158,2024-10-14,2024-10-18,2024-10-17,CLOSED,SGD,1,inventory.bot,2,Evergreen Produce Importers,EVERGR-002,SKU-00022,HarmonyCare Hand Soap,Personal Care
844,158,3,114,58,56,18.9,1096.2,0.0,8.0,2024-10-14 17:00:00,PO-00158,2024-10-14,2024-10-18,2024-10-17,CLOSED,SGD,1,inventory.bot,2,Evergreen Produce Importers,EVERGR-002,SKU-00114,FrostyFoods Frozen Pizza,Frozen
845,158,4,38,46,44,13.29,611.34,5.0,8.0,2024-10-14 13:00:00,PO-00158,2024-10-14,2024-10-18,2024-10-17,CLOSED,SGD,1,inventory.bot,2,Evergreen Produce Importers,EVERGR-002,SKU-00038,DailyBake Croissant,Bakery
846,159,1,146,239,217,8.72,2084.08,0.0,8.0,2024-10-15 16:00:00,PO-00159,2024-10-15,2024-10-23,2024-10-24,RECEIVED,SGD,1,procurement.mgr,8,CleanHome Household Products,CLEANH-008,SKU-00146,SnackTime Trail Mix,Snacks
847,159,2,136,65,63,5.79,376.35,0.0,8.0,2024-10-15 16:00:00,PO-00159,2024-10-15,2024-10-23,2024-10-24,RECEIVED,SGD,1,procurement.mgr,8,CleanHome Household Products,CLEANH-008,SKU-00136,MeadowFresh Milk,Dairy
848,159,3,99,34,34,14.6,496.4,0.0,8.0,2024-10-15 16:00:00,PO-00159,2024-10-15,2024-10-23,2024-10-24,RECEIVED,SGD,1,procurement.mgr,8,CleanHome Household Products,CLEANH-008,SKU-00099,FarmHouse Butter,Dairy
849,159,4,127,75,70,12.94,970.5,2.0,8.0,2024-10-15 09:00:00,PO-00159,2024-10-15,2024-10-23,2024-10-24,RECEIVED,SGD,1,procurement.mgr,8,CleanHome Household Products,CLEANH-008,SKU-00127,HarmonyCare Body Wash,Personal Care
850,160,1,52,224,205,15.61,3496.64,5.0,8.0,2024-10-15 12:00:00,PO-00160,2024-10-15,2024-10-19,2024-10-20,RECEIVED,SGD,1,inventory.bot,4,Golden Harvest Grocers,GOLDEN-004,SKU-00052,SnackTime Potato Chips,Snacks
851,160,2,106,183,178,3.53,645.99,2.0,8.0,2024-10-15 09:00:00,PO-00160,2024-10-15,2024-10-19,2024-10-20,RECEIVED,SGD,1,inventory.bot,4,Golden Harvest Grocers,GOLDEN-004,SKU-00106,ThirstQuench Green Tea,Beverages
852,160,3,37,24,22,24.75,594.0,0.0,8.0,2024-10-15 15:00:00,PO-00160,2024-10-15,2024-10-19,2024-10-20,RECEIVED,SGD,1,inventory.bot,4,Golden Harvest Grocers,GOLDEN-004,SKU-00037,BlueOcean Salmon Fillet,Seafood
853,160,4,90,43,41,12.07,519.01,2.0,8.0,2024-10-15 11:00:00,PO-00160,2024-10-15,2024-10-19,2024-10-20,RECEIVED,SGD,1,inventory.bot,4,Golden Harvest Grocers,GOLDEN-004,SKU-00090,PrimeChoice Minced Beef,Meat
854,160,5,68,23,23,13.53,311.19,5.0,8.0,2024-10-15 13:00:00,PO-00160,2024-10-15,2024-10-19,2024-10-20,RECEIVED,SGD,1,inventory.bot,4,Golden Harvest Grocers,GOLDEN-004,SKU-00068,PrimeChoice Chicken Breast,Meat
855,161,1,68,23,22,12.73,292.79,0.0,8.0,2024-10-15 17:00:00,PO-00161,2024-10-15,2024-10-20,2024-10-22,CLOSED,SGD,1,system.auto,4,Golden Harvest Grocers,GOLDEN-004,SKU-00068,PrimeChoice Chicken Breast,Meat
856,161,2,6,71,65,15.82,1123.22,5.0,8.0,2024-10-15 15:00:00,PO-00161,2024-10-15,2024-10-20,2024-10-22,CLOSED,SGD,1,system.auto,4,Golden Harvest Grocers,GOLDEN-004,SKU-00006,GoldenLoaf White Bread,Bakery
857,161,3,52,148,145,15.61,2310.28,3.0,8.0,2024-10-15 12:00:00,PO-00161,2024-10-15,2024-10-20,2024-10-22,CLOSED,SGD,1,system.auto,4,Golden Harvest Grocers,GOLDEN-004,SKU-00052,SnackTime Potato Chips,Snacks
858,161,4,106,143,134,3.74,534.82,2.0,8.0,2024-10-15 15:00:00,PO-00161,2024-10-15,2024-10-20,2024-10-22,CLOSED,SGD,1,system.auto,4,Golden Harvest Grocers,GOLDEN-004,SKU-00106,ThirstQuench Green Tea,Beverages
859,161,5,45,221,205,1.16,256.36,0.0,8.0,2024-10-15 09:00:00,PO-00161,2024-10-15,2024-10-20,2024-10-22,CLOSED,SGD,1,system.auto,4,Golden Harvest Grocers,GOLDEN-004,SKU-00045,HappySnacks Potato Chips,Snacks
860,161,6,48,84,80,14.78,1241.52,0.0,8.0,2024-10-15 08:00:00,PO-00161,2024-10-15,2024-10-20,2024-10-22,CLOSED,SGD,1,system.auto,4,Golden Harvest Grocers,GOLDEN-004,SKU-00048,SparklePro Laundry Detergent,Household
861,161,7,4,32,31,17.88,572.16,2.0,8.0,2024-10-15 08:00:00,PO-00161,2024-10-15,2024-10-20,2024-10-22,CLOSED,SGD,1,system.auto,4,Golden Harvest Grocers,GOLDEN-004,SKU-00004,GoldenLoaf Croissant,Bakery
862,161,8,90,37,35,12.55,464.35,0.0,8.0,2024-10-15 12:00:00,PO-00161,2024-10-15,2024-10-20,2024-10-22,CLOSED,SGD,1,system.auto,4,Golden Harvest Grocers,GOLDEN-004,SKU-00090,PrimeChoice Minced Beef,Meat
863,162,1,145,104,99,0.98,101.92,3.0,8.0,2024-10-21 13:00:00,PO-00162,2024-10-21,2024-11-01,2024-11-03,CLOSED,SGD,1,procurement.mgr,3,Pacific Beverages & Co.,PACIFI-003,SKU-00145,GreenFields Tomatoes,Produce
864,162,2,12,84,80,4.96,416.64,0.0,8.0,2024-10-21 14:00:00,PO-00162,2024-10-21,2024-11-01,2024-11-03,CLOSED,SGD,1,procurement.mgr,3,Pacific Beverages & Co.,PACIFI-003,SKU-00012,PureGlow Toothpaste,Personal Care
865,162,3,107,35,33,11.01,385.35,2.0,8.0,2024-10-21 15:00:00,PO-00162,2024-10-21,2024-11-01,2024-11-03,CLOSED,SGD,1,procurement.mgr,3,Pacific Beverages & Co.,PACIFI-003,SKU-00107,GardenFresh Lettuce,Produce
866,163,1,32,59,57,18.84,1111.56,0.0,8.0,2024-10-22 17:00:00,PO-00163,2024-10-22,2024-10-29,2024-10-29,CLOSED,SGD,1,inventory.bot,1,Lion City Foods Pte Ltd,LIONCI-001,SKU-00032,GoldenLoaf Croissant,Bakery
867,163,2,74,231,223,6.07,1402.17,3.0,8.0,2024-10-22 15:00:00,PO-00163,2024-10-22,2024-10-29,2024-10-29,CLOSED,SGD,1,inventory.bot,1,Lion City Foods Pte Ltd,LIONCI-001,SKU-00074,CitrusBurst Orange Juice,Beverages
868,163,3,83,40,38,14.15,566.0,0.0,8.0,2024-10-22 14:00:00,PO-00163,2024-10-22,2024-10-29,2024-10-29,CLOSED,SGD,1,inventory.bot,1,Lion City Foods Pte Ltd,LIONCI-001,SKU-00083,SeaHarvest Prawns,Seafood
869,164,1,98,37,36,20.08,742.96,2.0,8.0,2024-10-22 09:00:00,PO-00164,2024-10-22,2024-10-25,2024-10-25,RECEIVED,SGD,1,store.manager,2,Evergreen Produce Importers,EVERGR-002,SKU-00098,MeadowFresh Yogurt,Dairy
870,164,2,77,74,69,11.29,835.46,0.0,8.0,2024-10-22 08:00:00,PO-00164,2024-10-22,2024-10-25,2024-10-25,RECEIVED,SGD,1,store.manager,2,Evergreen Produce Importers,EVERGR-002,SKU-00077,GreenFields Bananas,Produce
871,164,3,67,52,48,15.39,800.28,0.0,8.0,2024-10-22 17:00:00,PO-00164,2024-10-22,2024-10-25,2024-10-25,RECEIVED,SGD,1,store.manager,2,Evergreen Produce Importers,EVERGR-002,SKU-00067,SeaHarvest Prawns,Seafood
872,164,4,75,30,30,10.9,327.0,0.0,8.0,2024-10-22 09:00:00,PO-00164,2024-10-22,2024-10-25,2024-10-25,RECEIVED,SGD,1,store.manager,2,Evergreen Produce Importers,EVERGR-002,SKU-00075,FrostyFoods Frozen Pizza,Frozen
873,164,5,7,176,161,18.91,3328.16,0.0,8.0,2024-10-22 15:00:00,PO-00164,2024-10-22,2024-10-25,2024-10-25,RECEIVED,SGD,1,store.manager,2,Evergreen Produce Importers,EVERGR-002,SKU-00007,CitrusBurst Orange Juice,Beverages
874,164,6,116,74,71,4.39,324.86,0.0,8.0,2024-10-22 08:00:00,PO-00164,2024-10-22,2024-10-25,2024-10-25,RECEIVED,SGD,1,store.manager,2,Evergreen Produce Importers,EVERGR-002,SKU-00116,FrostyFoods Fish Fillets,Frozen
875,164,7,129,224,215,17.4,3897.6,2.0,8.0,2024-10-22 17:00:00,PO-00164,2024-10-22,2024-10-25,2024-10-25,RECEIVED,SGD,1,store.manager,2,Evergreen Produce Importers,EVERGR-002,SKU-00129,CitrusBurst Apple Juice,Beverages
876,165,1,17,70,64,10.07,704.9,0.0,8.0,2024-10-28 16:00:00,PO-00165,2024-10-28,2024-11-10,2024-11-11,RECEIVED,SGD,1,store.manager,9,Fresh & Crisp Snacks,FRESHC-009,SKU-00017,ButcherSelect Chicken Breast,Meat
877,165,2,65,42,39,13.2,554.4,3.0,8.0,2024-10-28 14:00:00,PO-00165,2024-10-28,2024-11-10,2024-11-11,RECEIVED,SGD,1,store.manager,9,Fresh & Crisp Snacks,FRESHC-009,SKU-00065,ButcherSelect Pork Chops,Meat
878,165,3,131,48,46,5.87,281.76,5.0,8.0,2024-10-28 17:00:00,PO-00165,2024-10-28,2024-11-10,2024-11-11,RECEIVED,SGD,1,store.manager,9,Fresh & Crisp Snacks,FRESHC-009,SKU-00131,ArcticFresh Frozen Pizza,Frozen
879,165,4,28,90,86,0.88,79.2,3.0,8.0,2024-10-28 16:00:00,PO-00165,2024-10-28,2024-11-10,2024-11-11,RECEIVED,SGD,1,store.manager,9,Fresh & Crisp Snacks,FRESHC-009,SKU-00028,CitrusBurst Cola,Beverages
880,165,5,58,80,75,12.48,998.4,0.0,8.0,2024-10-28 12:00:00,PO-00165,2024-10-28,2024-11-10,2024-11-11,RECEIVED,SGD,1,store.manager,9,Fresh & Crisp Snacks,FRESHC-009,SKU-00058,GardenFresh Tomatoes,Produce
881,165,6,115,84,82,1.44,120.96,3.0,8.0,2024-10-28 13:00:00,PO-00165,2024-10-28,2024-11-10,2024-11-11,RECEIVED,SGD,1,store.manager,9,Fresh & Crisp Snacks,FRESHC-009,SKU-00115,GoldenLoaf Muffins,Bakery
882,165,7,55,40,38,24.67,986.8,3.0,8.0,2024-10-28 15:00:00,PO-00165,2024-10-28,2024-11-10,2024-11-11,RECEIVED,SGD,1,store.manager,9,Fresh & Crisp Snacks,FRESHC-009,SKU-00055,PrimeChoice Sausages,Meat
883,166,1,23,100,91,13.4,1340.0,2.0,8.0,2024-10-28 10:00:00,PO-00166,2024-10-28,2024-11-10,2024-11-12,RECEIVED,SGD,1,inventory.bot,3,Pacific Beverages & Co.,PACIFI-003,SKU-00023,FrostyFoods Frozen Peas,Frozen
884,166,2,10,50,46,12.66,633.0,0.0,8.0,2024-10-28 14:00:00,PO-00166,2024-10-28,2024-11-10,2024-11-12,RECEIVED,SGD,1,inventory.bot,3,Pacific Beverages & Co.,PACIFI-003,SKU-00010,DailyBake Muffins,Bakery
885,166,3,107,72,67,11.59,834.48,0.0,8.0,2024-10-28 11:00:00,PO-00166,2024-10-28,2024-11-10,2024-11-12,RECEIVED,SGD,1,inventory.bot,3,Pacific Beverages & Co.,PACIFI-003,SKU-00107,GardenFresh Lettuce,Produce
886,166,4,101,125,116,14.1,1762.5,0.0,8.0,2024-10-28 12:00:00,PO-00166,2024-10-28,2024-11-10,2024-11-12,RECEIVED,SGD,1,inventory.bot,3,Pacific Beverages & Co.,PACIFI-003,SKU-00101,SparklePro Dishwashing Liquid,Household
887,166,5,145,107,103,0.97,103.79,0.0,8.0,2024-10-28 10:00:00,PO-00166,2024-10-28,2024-11-10,2024-11-12,RECEIVED,SGD,1,inventory.bot,3,Pacific Beverages & Co.,PACIFI-003,SKU-00145,GreenFields Tomatoes,Produce
888,166,6,86,39,35,2.78,108.42,0.0,8.0,2024-10-28 15:00:00,PO-00166,2024-10-28,2024-11-10,2024-11-12,RECEIVED,SGD,1,inventory.bot,3,Pacific Beverages & Co.,PACIFI-003,SKU-00086,HarmonyCare Toothpaste,Personal Care
889,166,7,12,77,74,4.72,363.44,5.0,8.0,2024-10-28 08:00:00,PO-00166,2024-10-28,2024-11-10,2024-11-12,RECEIVED,SGD,1,inventory.bot,3,Pacific Beverages & Co.,PACIFI-003,SKU-00012,PureGlow Toothpaste,Personal Care
890,167,1,41,34,34,9.04,307.36,3.0,8.0,2024-10-29 12:00:00,PO-00167,2024-10-29,2024-11-09,2024-11-09,RECEIVED,SGD,1,inventory.bot,2,Evergreen Produce Importers,EVERGR-002,SKU-00041,SparklePro Paper Towels,Household
891,167,2,7,78,77,18.66,1455.48,0.0,8.0,2024-10-29 09:00:00,PO-00167,2024-10-29,2024-11-09,2024-11-09,RECEIVED,SGD,1,inventory.bot,2,Evergreen Produce Importers,EVERGR-002,SKU-00007,CitrusBurst Orange Juice,Beverages
892,167,3,62,121,120,3.36,406.56,0.0,8.0,2024-10-29 11:00:00,PO-00167,2024-10-29,2024-11-09,2024-11-09,RECEIVED,SGD,1,inventory.bot,2,Evergreen Produce Importers,EVERGR-002,SKU-00062,SparklePro Trash Bags,Household
893,167,4,129,95,91,16.59,1576.05,0.0,8.0,2024-10-29 16:00:00,PO-00167,2024-10-29,2024-11-09,2024-11-09,RECEIVED,SGD,1,inventory.bot,2,Evergreen Produce Importers,EVERGR-002,SKU-00129,CitrusBurst Apple Juice,Beverages
894,167,5,75,94,94,11.89,1117.66,0.0,8.0,2024-10-29 15:00:00,PO-00167,2024-10-29,2024-11-09,2024-11-09,RECEIVED,SGD,1,inventory.bot,2,Evergreen Produce Importers,EVERGR-002,SKU-00075,FrostyFoods Frozen Pizza,Frozen
895,168,1,21,19,17,27.05,513.95,0.0,8.0,2024-10-29 15:00:00,PO-00168,2024-10-29,2024-11-10,2024-11-12,RECEIVED,SGD,1,inventory.bot,7,Prime Choice Meats,PRIMEC-007,SKU-00021,SeaHarvest Prawns,Seafood
896,168,2,102,93,86,2.1,195.3,2.0,8.0,2024-10-29 16:00:00,PO-00168,2024-10-29,2024-11-10,2024-11-12,RECEIVED,SGD,1,inventory.bot,7,Prime Choice Meats,PRIMEC-007,SKU-00102,MeadowFresh Cheese,Dairy
897,168,3,44,178,173,11.22,1997.16,3.0,8.0,2024-10-29 14:00:00,PO-00168,2024-10-29,2024-11-10,2024-11-12,RECEIVED,SGD,1,inventory.bot,7,Prime Choice Meats,PRIMEC-007,SKU-00044,CrunchyBite Potato Chips,Snacks
898,168,4,76,75,73,25.3,1897.5,0.0,8.0,2024-10-29 13:00:00,PO-00168,2024-10-29,2024-11-10,2024-11-12,RECEIVED,SGD,1,inventory.bot,7,Prime Choice Meats,PRIMEC-007,SKU-00076,PrimeChoice Sausages,Meat
899,169,1,138,34,32,35.3,1200.2,0.0,8.0,2024-10-29 09:00:00,PO-00169,2024-10-29,2024-11-01,2024-10-31,RECEIVED,SGD,1,store.manager,1,Lion City Foods Pte Ltd,LIONCI-001,SKU-00138,BlueOcean Fish Fingers,Seafood
900,169,2,54,45,44,14.44,649.8,2.0,8.0,2024-10-29 12:00:00,PO-00169,2024-10-29,2024-11-01,2024-10-31,RECEIVED,SGD,1,store.manager,1,Lion City Foods Pte Ltd,LIONCI-001,SKU-00054,ButcherSelect Chicken Breast,Meat
901,169,3,9,38,35,18.27,694.26,0.0,8.0,2024-10-29 12:00:00,PO-00169,2024-10-29,2024-11-01,2024-10-31,RECEIVED,SGD,1,store.manager,1,Lion City Foods Pte Ltd,LIONCI-001,SKU-00009,PrimeChoice Pork Chops,Meat
902,169,4,83,23,23,14.15,325.45,2.0,8.0,2024-10-29 13:00:00,PO-00169,2024-10-29,2024-11-01,2024-10-31,RECEIVED,SGD,1,store.manager,1,Lion City Foods Pte Ltd,LIONCI-001,SKU-00083,SeaHarvest Prawns,Seafood
903,169,5,79,202,198,5.63,1137.26,0.0,8.0,2024-10-29 15:00:00,PO-00169,2024-10-29,2024-11-01,2024-10-31,RECEIVED,SGD,1,store.manager,1,Lion City Foods Pte Ltd,LIONCI-001,SKU-00079,CitrusBurst Green Tea,Beverages
904,170,1,148,196,191,1.69,331.24,3.0,8.0,2024-11-04 13:00:00,PO-00170,2024-11-04,2024-11-09,2024-11-10,SENT,SGD,1,system.auto,1,Lion City Foods Pte Ltd,LIONCI-001,SKU-00148,SnackTime Trail Mix,Snacks
905,170,2,138,39,39,34.41,1341.99,0.0,8.0,2024-11-04 10:00:00,PO-00170,2024-11-04,2024-11-09,2024-11-10,SENT,SGD,1,system.auto,1,Lion City Foods Pte Ltd,LIONCI-001,SKU-00138,BlueOcean Fish Fingers,Seafood
906,170,3,70,264,259,19.65,5187.6,5.0,8.0,2024-11-04 10:00:00,PO-00170,2024-11-04,2024-11-09,2024-11-10,SENT,SGD,1,system.auto,1,Lion City Foods Pte Ltd,LIONCI-001,SKU-00070,HappySnacks Trail Mix,Snacks
907,170,4,84,20,19,16.12,322.4,5.0,8.0,2024-11-04 12:00:00,PO-00170,2024-11-04,2024-11-09,2024-11-10,SENT,SGD,1,system.auto,1,Lion City Foods Pte Ltd,LIONCI-001,SKU-00084,ArcticFresh Fish Fillets,Frozen
908,170,5,71,55,50,19.2,1056.0,0.0,8.0,2024-11-04 10:00:00,PO-00170,2024-11-04,2024-11-09,2024-11-10,SENT,SGD,1,system.auto,1,Lion City Foods Pte Ltd,LIONCI-001,SKU-00071,ButcherSelect Pork Chops,Meat
909,170,6,30,51,48,7.87,401.37,5.0,8.0,2024-11-04 10:00:00,PO-00170,2024-11-04,2024-11-09,2024-11-10,SENT,SGD,1,system.auto,1,Lion City Foods Pte Ltd,LIONCI-001,SKU-00030,DailyBake Muffins,Bakery
910,171,1,102,46,43,2.01,92.46,2.0,8.0,2024-11-05 17:00:00,PO-00171,2024-11-05,2024-11-10,2024-11-13,RECEIVED,SGD,1,store.manager,7,Prime Choice Meats,PRIMEC-007,SKU-00102,MeadowFresh Cheese,Dairy
911,171,2,143,43,39,8.81,378.83,3.0,8.0,2024-11-05 17:00:00,PO-00171,2024-11-05,2024-11-10,2024-11-13,RECEIVED,SGD,1,store.manager,7,Prime Choice Meats,PRIMEC-007,SKU-00143,PureGlow Toothpaste,Personal Care
912,171,3,44,262,242,11.19,2931.78,2.0,8.0,2024-11-05 11:00:00,PO-00171,2024-11-05,2024-11-10,2024-11-13,RECEIVED,SGD,1,store.manager,7,Prime Choice Meats,PRIMEC-007,SKU-00044,CrunchyBite Potato Chips,Snacks
913,171,4,51,53,51,13.71,726.63,2.0,8.0,2024-11-05 17:00:00,PO-00171,2024-11-05,2024-11-10,2024-11-13,RECEIVED,SGD,1,store.manager,7,Prime Choice Meats,PRIMEC-007,SKU-00051,GardenFresh Apples,Produce
914,171,5,53,209,201,8.72,1822.48,0.0,8.0,2024-11-05 10:00:00,PO-00171,2024-11-05,2024-11-10,2024-11-13,RECEIVED,SGD,1,store.manager,7,Prime Choice Meats,PRIMEC-007,SKU-00053,CitrusBurst Orange Juice,Beverages
915,171,6,76,30,27,24.24,727.2,2.0,8.0,2024-11-05 15:00:00,PO-00171,2024-11-05,2024-11-10,2024-11-13,RECEIVED,SGD,1,store.manager,7,Prime Choice Meats,PRIMEC-007,SKU-00076,PrimeChoice Sausages,Meat
916,171,7,19,52,48,6.38,331.76,0.0,8.0,2024-11-05 12:00:00,PO-00171,2024-11-05,2024-11-10,2024-11-13,RECEIVED,SGD,1,store.manager,7,Prime Choice Meats,PRIMEC-007,SKU-00019,FarmHouse Butter,Dairy
917,171,8,21,57,54,26.82,1528.74,0.0,8.0,2024-11-05 17:00:00,PO-00171,2024-11-05,2024-11-10,2024-11-13,RECEIVED,SGD,1,store.manager,7,Prime Choice Meats,PRIMEC-007,SKU-00021,SeaHarvest Prawns,Seafood
918,172,1,50,99,94,2.12,209.88,3.0,8.0,2024-11-05 15:00:00,PO-00172,2024-11-05,2024-11-10,2024-11-09,RECEIVED,SGD,1,store.manager,2,Evergreen Produce Importers,EVERGR-002,SKU-00050,GardenFresh Lettuce,Produce
919,172,2,114,30,27,17.75,532.5,0.0,8.0,2024-11-05 14:00:00,PO-00172,2024-11-05,2024-11-10,2024-11-09,RECEIVED,SGD,1,store.manager,2,Evergreen Produce Importers,EVERGR-002,SKU-00114,FrostyFoods Frozen Pizza,Frozen
920,172,3,43,53,49,32.66,1730.98,2.0,8.0,2024-11-05 17:00:00,PO-00172,2024-11-05,2024-11-10,2024-11-09,RECEIVED,SGD,1,store.manager,2,Evergreen Produce Importers,EVERGR-002,SKU-00043,SeaHarvest Salmon Fillet,Seafood
921,172,4,137,52,47,6.88,357.76,0.0,8.0,2024-11-05 13:00:00,PO-00172,2024-11-05,2024-11-10,2024-11-09,RECEIVED,SGD,1,store.manager,2,Evergreen Produce Importers,EVERGR-002,SKU-00137,GoldenLoaf Wholemeal Bread,Bakery
922,172,5,98,171,158,20.64,3529.44,3.0,8.0,2024-11-05 17:00:00,PO-00172,2024-11-05,2024-11-10,2024-11-09,RECEIVED,SGD,1,store.manager,2,Evergreen Produce Importers,EVERGR-002,SKU-00098,MeadowFresh Yogurt,Dairy
923,173,1,15,53,53,16.46,872.38,3.0,8.0,2024-11-11 10:00:00,PO-00173,2024-11-11,2024-11-23,2024-11-25,RECEIVED,SGD,1,inventory.bot,6,Blue Ocean Seafood Traders,BLUEOC-006,SKU-00015,CleanHome Trash Bags,Household
924,173,2,39,53,49,1.55,82.15,0.0,8.0,2024-11-11 15:00:00,PO-00173,2024-11-11,2024-11-23,2024-11-25,RECEIVED,SGD,1,inventory.bot,6,Blue Ocean Seafood Traders,BLUEOC-006,SKU-00039,FrostyFoods Ice Cream,Frozen
925,173,3,112,53,48,16.32,864.96,2.0,8.0,2024-11-11 10:00:00,PO-00173,2024-11-11,2024-11-23,2024-11-25,RECEIVED,SGD,1,inventory.bot,6,Blue Ocean Seafood Traders,BLUEOC-006,SKU-00112,CleanHome Laundry Detergent,Household
926,174,1,11,87,83,9.09,790.83,0.0,8.0,2024-11-12 13:00:00,PO-00174,2024-11-12,2024-11-20,2024-11-22,RECEIVED,SGD,1,store.manager,2,Evergreen Produce Importers,EVERGR-002,SKU-00011,CleanHome Paper Towels,Household
927,174,2,41,145,142,9.1,1319.5,5.0,8.0,2024-11-12 15:00:00,PO-00174,2024-11-12,2024-11-20,2024-11-22,RECEIVED,SGD,1,store.manager,2,Evergreen Produce Importers,EVERGR-002,SKU-00041,SparklePro Paper Towels,Household
928,174,3,119,26,24,2.66,69.16,0.0,8.0,2024-11-12 08:00:00,PO-00174,2024-11-12,2024-11-20,2024-11-22,RECEIVED,SGD,1,store.manager,2,Evergreen Produce Importers,EVERGR-002,SKU-00119,FrostyFoods Frozen Peas,Frozen
929,174,4,62,140,130,3.36,470.4,2.0,8.0,2024-11-12 09:00:00,PO-00174,2024-11-12,2024-11-20,2024-11-22,RECEIVED,SGD,1,store.manager,2,Evergreen Produce Importers,EVERGR-002,SKU-00062,SparklePro Trash Bags,Household
930,174,5,77,83,75,11.29,937.07,5.0,8.0,2024-11-12 16:00:00,PO-00174,2024-11-12,2024-11-20,2024-11-22,RECEIVED,SGD,1,store.manager,2,Evergreen Produce Importers,EVERGR-002,SKU-00077,GreenFields Bananas,Produce
931,175,1,30,85,83,7.91,672.35,5.0,8.0,2024-11-18 17:00:00,PO-00175,2024-11-18,2024-11-22,2024-11-22,RECEIVED,SGD,1,procurement.mgr,1,Lion City Foods Pte Ltd,LIONCI-001,SKU-00030,DailyBake Muffins,Bakery
932,175,2,138,23,22,35.34,812.82,3.0,8.0,2024-11-18 17:00:00,PO-00175,2024-11-18,2024-11-22,2024-11-22,RECEIVED,SGD,1,procurement.mgr,1,Lion City Foods Pte Ltd,LIONCI-001,SKU-00138,BlueOcean Fish Fingers,Seafood
933,175,3,84,43,40,15.59,670.37,2.0,8.0,2024-11-18 09:00:00,PO-00175,2024-11-18,2024-11-22,2024-11-22,RECEIVED,SGD,1,procurement.mgr,1,Lion City Foods Pte Ltd,LIONCI-001,SKU-00084,ArcticFresh Fish Fillets,Frozen
934,175,4,32,62,56,19.2,1190.4,5.0,8.0,2024-11-18 09:00:00,PO-00175,2024-11-18,2024-11-22,2024-11-22,RECEIVED,SGD,1,procurement.mgr,1,Lion City Foods Pte Ltd,LIONCI-001,SKU-00032,GoldenLoaf Croissant,Bakery
935,175,5,148,188,176,1.74,327.12,0.0,8.0,2024-11-18 13:00:00,PO-00175,2024-11-18,2024-11-22,2024-11-22,RECEIVED,SGD,1,procurement.mgr,1,Lion City Foods Pte Ltd,LIONCI-001,SKU-00148,SnackTime Trail Mix,Snacks
936,175,6,70,111,100,19.68,2184.48,5.0,8.0,2024-11-18 15:00:00,PO-00175,2024-11-18,2024-11-22,2024-11-22,RECEIVED,SGD,1,procurement.mgr,1,Lion City Foods Pte Ltd,LIONCI-001,SKU-00070,HappySnacks Trail Mix,Snacks
937,176,1,88,18,17,21.78,392.04,5.0,8.0,2024-11-18 12:00:00,PO-00176,2024-11-18,2024-12-01,2024-12-04,CLOSED,SGD,1,store.manager,9,Fresh & Crisp Snacks,FRESHC-009,SKU-00088,SeaHarvest Squid Rings,Seafood
938,176,2,104,171,168,5.71,976.41,3.0,8.0,2024-11-18 17:00:00,PO-00176,2024-11-18,2024-12-01,2024-12-04,CLOSED,SGD,1,store.manager,9,Fresh & Crisp Snacks,FRESHC-009,SKU-00104,ThirstQuench Apple Juice,Beverages
939,176,3,8,63,57,8.04,506.52,0.0,8.0,2024-11-18 14:00:00,PO-00176,2024-11-18,2024-12-01,2024-12-04,CLOSED,SGD,1,store.manager,9,Fresh & Crisp Snacks,FRESHC-009,SKU-00008,PureGlow Toothpaste,Personal Care
940,176,4,58,31,28,12.3,381.3,2.0,8.0,2024-11-18 14:00:00,PO-00176,2024-11-18,2024-12-01,2024-12-04,CLOSED,SGD,1,store.manager,9,Fresh & Crisp Snacks,FRESHC-009,SKU-00058,GardenFresh Tomatoes,Produce
941,176,5,115,56,54,1.52,85.12,0.0,8.0,2024-11-18 09:00:00,PO-00176,2024-11-18,2024-12-01,2024-12-04,CLOSED,SGD,1,store.manager,9,Fresh & Crisp Snacks,FRESHC-009,SKU-00115,GoldenLoaf Muffins,Bakery
942,177,1,67,40,37,15.97,638.8,0.0,8.0,2024-11-19 14:00:00,PO-00177,2024-11-19,2024-11-30,2024-11-30,CLOSED,SGD,1,inventory.bot,2,Evergreen Produce Importers,EVERGR-002,SKU-00067,SeaHarvest Prawns,Seafood
943,177,2,41,114,110,9.37,1068.18,2.0,8.0,2024-11-19 09:00:00,PO-00177,2024-11-19,2024-11-30,2024-11-30,CLOSED,SGD,1,inventory.bot,2,Evergreen Produce Importers,EVERGR-002,SKU-00041,SparklePro Paper Towels,Household
944,177,3,77,25,24,11.99,299.75,5.0,8.0,2024-11-19 11:00:00,PO-00177,2024-11-19,2024-11-30,2024-11-30,CLOSED,SGD,1,inventory.bot,2,Evergreen Produce Importers,EVERGR-002,SKU-00077,GreenFields Bananas,Produce
945,177,4,38,39,39,13.74,535.86,5.0,8.0,2024-11-19 16:00:00,PO-00177,2024-11-19,2024-11-30,2024-11-30,CLOSED,SGD,1,inventory.bot,2,Evergreen Produce Importers,EVERGR-002,SKU-00038,DailyBake Croissant,Bakery
946,177,5,114,30,28,18.31,549.3,2.0,8.0,2024-11-19 12:00:00,PO-00177,2024-11-19,2024-11-30,2024-11-30,CLOSED,SGD,1,inventory.bot,2,Evergreen Produce Importers,EVERGR-002,SKU-00114,FrostyFoods Frozen Pizza,Frozen
947,177,6,43,19,19,33.65,639.35,0.0,8.0,2024-11-19 11:00:00,PO-00177,2024-11-19,2024-11-30,2024-11-30,CLOSED,SGD,1,inventory.bot,2,Evergreen Produce Importers,EVERGR-002,SKU-00043,SeaHarvest Salmon Fillet,Seafood
948,178,1,79,90,82,5.74,516.6,5.0,8.0,2024-11-25 17:00:00,PO-00178,2024-11-25,2024-12-06,2024-12-05,SENT,SGD,1,inventory.bot,1,Lion City Foods Pte Ltd,LIONCI-001,SKU-00079,CitrusBurst Green Tea,Beverages
949,178,2,9,31,28,17.44,540.64,3.0,8.0,2024-11-25 09:00:00,PO-00178,2024-11-25,2024-12-06,2024-12-05,SENT,SGD,1,inventory.bot,1,Lion City Foods Pte Ltd,LIONCI-001,SKU-00009,PrimeChoice Pork Chops,Meat
950,178,3,74,235,222,5.67,1332.45,5.0,8.0,2024-11-25 15:00:00,PO-00178,2024-11-25,2024-12-06,2024-12-05,SENT,SGD,1,inventory.bot,1,Lion City Foods Pte Ltd,LIONCI-001,SKU-00074,CitrusBurst Orange Juice,Beverages
951,178,4,30,42,41,8.08,339.36,2.0,8.0,2024-11-25 08:00:00,PO-00178,2024-11-25,2024-12-06,2024-12-05,SENT,SGD,1,inventory.bot,1,Lion City Foods Pte Ltd,LIONCI-001,SKU-00030,DailyBake Muffins,Bakery
952,178,5,138,15,15,33.47,502.05,5.0,8.0,2024-11-25 12:00:00,PO-00178,2024-11-25,2024-12-06,2024-12-05,SENT,SGD,1,inventory.bot,1,Lion City Foods Pte Ltd,LIONCI-001,SKU-00138,BlueOcean Fish Fingers,Seafood
953,179,1,116,75,72,4.01,300.75,0.0,8.0,2024-11-26 08:00:00,PO-00179,2024-11-26,2024-12-02,2024-12-02,RECEIVED,SGD,1,store.manager,2,Evergreen Produce Importers,EVERGR-002,SKU-00116,FrostyFoods Fish Fillets,Frozen
954,179,2,144,59,57,19.73,1164.07,2.0,8.0,2024-11-26 17:00:00,PO-00179,2024-11-26,2024-12-02,2024-12-02,RECEIVED,SGD,1,store.manager,2,Evergreen Produce Importers,EVERGR-002,SKU-00144,MeadowFresh Yogurt,Dairy
955,179,3,62,144,134,3.39,488.16,3.0,8.0,2024-11-26 13:00:00,PO-00179,2024-11-26,2024-12-02,2024-12-02,RECEIVED,SGD,1,store.manager,2,Evergreen Produce Importers,EVERGR-002,SKU-00062,SparklePro Trash Bags,Household
956,179,4,75,70,69,10.93,765.1,0.0,8.0,2024-11-26 08:00:00,PO-00179,2024-11-26,2024-12-02,2024-12-02,RECEIVED,SGD,1,store.manager,2,Evergreen Produce Importers,EVERGR-002,SKU-00075,FrostyFoods Frozen Pizza,Frozen
957,179,5,137,44,40,6.51,286.44,0.0,8.0,2024-11-26 08:00:00,PO-00179,2024-11-26,2024-12-02,2024-12-02,RECEIVED,SGD,1,store.manager,2,Evergreen Produce Importers,EVERGR-002,SKU-00137,GoldenLoaf Wholemeal Bread,Bakery
958,179,6,114,46,44,17.78,817.88,0.0,8.0,2024-11-26 14:00:00,PO-00179,2024-11-26,2024-12-02,2024-12-02,RECEIVED,SGD,1,store.manager,2,Evergreen Produce Importers,EVERGR-002,SKU-00114,FrostyFoods Frozen Pizza,Frozen
959,179,7,98,158,152,20.41,3224.78,0.0,8.0,2024-11-26 09:00:00,PO-00179,2024-11-26,2024-12-02,2024-12-02,RECEIVED,SGD,1,store.manager,2,Evergreen Produce Importers,EVERGR-002,SKU-00098,MeadowFresh Yogurt,Dairy
960,179,8,22,34,33,3.94,133.96,2.0,8.0,2024-11-26 08:00:00,PO-00179,2024-11-26,2024-12-02,2024-12-02,RECEIVED,SGD,1,store.manager,2,Evergreen Produce Importers,EVERGR-002,SKU-00022,HarmonyCare Hand Soap,Personal Care
961,180,1,68,65,59,12.48,811.2,5.0,8.0,2024-11-26 14:00:00,PO-00180,2024-11-26,2024-12-06,2024-12-09,RECEIVED,SGD,1,procurement.mgr,4,Golden Harvest Grocers,GOLDEN-004,SKU-00068,PrimeChoice Chicken Breast,Meat
962,180,2,106,133,131,3.77,501.41,3.0,8.0,2024-11-26 16:00:00,PO-00180,2024-11-26,2024-12-06,2024-12-09,RECEIVED,SGD,1,procurement.mgr,4,Golden Harvest Grocers,GOLDEN-004,SKU-00106,ThirstQuench Green Tea,Beverages
963,180,3,93,57,52,4.04,230.28,3.0,8.0,2024-11-26 17:00:00,PO-00180,2024-11-26,2024-12-06,2024-12-09,RECEIVED,SGD,1,procurement.mgr,4,Golden Harvest Grocers,GOLDEN-004,SKU-00093,FrostyFoods Fish Fillets,Frozen
964,180,4,4,98,97,18.01,1764.98,2.0,8.0,2024-11-26 11:00:00,PO-00180,2024-11-26,2024-12-06,2024-12-09,RECEIVED,SGD,1,procurement.mgr,4,Golden Harvest Grocers,GOLDEN-004,SKU-00004,GoldenLoaf Croissant,Bakery
965,181,1,15,131,118,16.01,2097.31,0.0,8.0,2024-11-26 15:00:00,PO-00181,2024-11-26,2024-12-06,2024-12-05,CLOSED,SGD,1,store.manager,6,Blue Ocean Seafood Traders,BLUEOC-006,SKU-00015,CleanHome Trash Bags,Household
966,181,2,91,59,56,15.97,942.23,3.0,8.0,2024-11-26 13:00:00,PO-00181,2024-11-26,2024-12-06,2024-12-05,CLOSED,SGD,1,store.manager,6,Blue Ocean Seafood Traders,BLUEOC-006,SKU-00091,PrimeChoice Chicken Breast,Meat
967,181,3,89,97,96,15.44,1497.68,2.0,8.0,2024-11-26 10:00:00,PO-00181,2024-11-26,2024-12-06,2024-12-05,CLOSED,SGD,1,store.manager,6,Blue Ocean Seafood Traders,BLUEOC-006,SKU-00089,GardenFresh Tomatoes,Produce
968,181,4,20,164,152,13.25,2173.0,2.0,8.0,2024-11-26 13:00:00,PO-00181,2024-11-26,2024-12-06,2024-12-05,CLOSED,SGD,1,store.manager,6,Blue Ocean Seafood Traders,BLUEOC-006,SKU-00020,FarmHouse Yogurt,Dairy
969,181,5,35,75,73,14.4,1080.0,3.0,8.0,2024-11-26 11:00:00,PO-00181,2024-11-26,2024-12-06,2024-12-05,CLOSED,SGD,1,store.manager,6,Blue Ocean Seafood Traders,BLUEOC-006,SKU-00035,PureGlow Hand Soap,Personal Care
970,181,6,112,92,89,15.32,1409.44,2.0,8.0,2024-11-26 10:00:00,PO-00181,2024-11-26,2024-12-06,2024-12-05,CLOSED,SGD,1,store.manager,6,Blue Ocean Seafood Traders,BLUEOC-006,SKU-00112,CleanHome Laundry Detergent,Household
971,181,7,36,60,55,16.51,990.6,0.0,8.0,2024-11-26 14:00:00,PO-00181,2024-11-26,2024-12-06,2024-12-05,CLOSED,SGD,1,store.manager,6,Blue Ocean Seafood Traders,BLUEOC-006,SKU-00036,MeadowFresh Cheese,Dairy
972,182,1,64,42,38,31.15,1308.3,2.0,8.0,2024-11-26 09:00:00,PO-00182,2024-11-26,2024-12-04,2024-12-05,RECEIVED,SGD,1,procurement.mgr,5,Sunrise Dairy Supplies,SUNRIS-005,SKU-00064,SeaHarvest Salmon Fillet,Seafood
973,182,2,46,180,166,19.14,3445.2,2.0,8.0,2024-11-26 12:00:00,PO-00182,2024-11-26,2024-12-04,2024-12-05,RECEIVED,SGD,1,procurement.mgr,5,Sunrise Dairy Supplies,SUNRIS-005,SKU-00046,ThirstQuench Apple Juice,Beverages
974,182,3,125,63,62,5.94,374.22,3.0,8.0,2024-11-26 12:00:00,PO-00182,2024-11-26,2024-12-04,2024-12-05,RECEIVED,SGD,1,procurement.mgr,5,Sunrise Dairy Supplies,SUNRIS-005,SKU-00125,GreenFields Apples,Produce
975,182,4,105,39,38,7.65,298.35,3.0,8.0,2024-11-26 09:00:00,PO-00182,2024-11-26,2024-12-04,2024-12-05,RECEIVED,SGD,1,procurement.mgr,5,Sunrise Dairy Supplies,SUNRIS-005,SKU-00105,FrostyFoods Ice Cream,Frozen
976,182,5,26,138,125,4.62,637.56,2.0,8.0,2024-11-26 09:00:00,PO-00182,2024-11-26,2024-12-04,2024-12-05,RECEIVED,SGD,1,procurement.mgr,5,Sunrise Dairy Supplies,SUNRIS-005,SKU-00026,FarmHouse Milk,Dairy
977,182,6,113,16,16,8.52,136.32,0.0,8.0,2024-11-26 16:00:00,PO-00182,2024-11-26,2024-12-04,2024-12-05,RECEIVED,SGD,1,procurement.mgr,5,Sunrise Dairy Supplies,SUNRIS-005,SKU-00113,SeaHarvest Salmon Fillet,Seafood
978,183,1,78,79,75,24.54,1938.66,0.0,8.0,2024-12-02 13:00:00,PO-00183,2024-12-02,2024-12-08,2024-12-09,RECEIVED,SGD,1,store.manager,8,CleanHome Household Products,CLEANH-008,SKU-00078,ButcherSelect Chicken Breast,Meat
979,183,2,128,84,82,8.21,689.64,0.0,8.0,2024-12-02 15:00:00,PO-00183,2024-12-02,2024-12-08,2024-12-09,RECEIVED,SGD,1,store.manager,8,CleanHome Household Products,CLEANH-008,SKU-00128,FarmHouse Milk,Dairy
980,183,3,18,56,55,4.75,266.0,2.0,8.0,2024-12-02 13:00:00,PO-00183,2024-12-02,2024-12-08,2024-12-09,RECEIVED,SGD,1,store.manager,8,CleanHome Household Products,CLEANH-008,SKU-00018,MilkyWay Yogurt,Dairy
981,184,1,22,19,19,4.04,76.76,2.0,8.0,2024-12-02 15:00:00,PO-00184,2024-12-02,2024-12-10,2024-12-10,RECEIVED,SGD,1,inventory.bot,2,Evergreen Produce Importers,EVERGR-002,SKU-00022,HarmonyCare Hand Soap,Personal Care
982,184,2,62,112,111,3.27,366.24,0.0,8.0,2024-12-02 16:00:00,PO-00184,2024-12-02,2024-12-10,2024-12-10,RECEIVED,SGD,1,inventory.bot,2,Evergreen Produce Importers,EVERGR-002,SKU-00062,SparklePro Trash Bags,Household
983,184,3,77,28,25,11.24,314.72,0.0,8.0,2024-12-02 14:00:00,PO-00184,2024-12-02,2024-12-10,2024-12-10,RECEIVED,SGD,1,inventory.bot,2,Evergreen Produce Importers,EVERGR-002,SKU-00077,GreenFields Bananas,Produce
984,184,4,114,27,25,17.58,474.66,5.0,8.0,2024-12-02 10:00:00,PO-00184,2024-12-02,2024-12-10,2024-12-10,RECEIVED,SGD,1,inventory.bot,2,Evergreen Produce Importers,EVERGR-002,SKU-00114,FrostyFoods Frozen Pizza,Frozen
985,185,1,122,53,52,16.69,884.57,0.0,8.0,2024-12-02 08:00:00,PO-00185,2024-12-02,2024-12-13,2024-12-14,CLOSED,SGD,1,inventory.bot,5,Sunrise Dairy Supplies,SUNRIS-005,SKU-00122,PureGlow Shampoo,Personal Care
986,185,2,125,55,54,5.84,321.2,0.0,8.0,2024-12-02 14:00:00,PO-00185,2024-12-02,2024-12-13,2024-12-14,CLOSED,SGD,1,inventory.bot,5,Sunrise Dairy Supplies,SUNRIS-005,SKU-00125,GreenFields Apples,Produce
987,185,3,133,77,74,9.55,735.35,3.0,8.0,2024-12-02 17:00:00,PO-00185,2024-12-02,2024-12-13,2024-12-14,CLOSED,SGD,1,inventory.bot,5,Sunrise Dairy Supplies,SUNRIS-005,SKU-00133,GoldenLoaf White Bread,Bakery
988,186,1,80,93,88,3.2,297.6,0.0,8.0,2024-12-03 10:00:00,PO-00186,2024-12-03,2024-12-11,2024-12-13,RECEIVED,SGD,1,store.manager,3,Pacific Beverages & Co.,PACIFI-003,SKU-00080,CrunchyBite Potato Chips,Snacks
989,186,2,107,22,20,11.55,254.1,3.0,8.0,2024-12-03 12:00:00,PO-00186,2024-12-03,2024-12-11,2024-12-13,RECEIVED,SGD,1,store.manager,3,Pacific Beverages & Co.,PACIFI-003,SKU-00107,GardenFresh Lettuce,Produce
990,186,3,81,141,139,19.1,2693.1,2.0,8.0,2024-12-03 16:00:00,PO-00186,2024-12-03,2024-12-11,2024-12-13,RECEIVED,SGD,1,store.manager,3,Pacific Beverages & Co.,PACIFI-003,SKU-00081,ThirstQuench Cola,Beverages
991,186,4,34,99,96,8.67,858.33,0.0,8.0,2024-12-03 16:00:00,PO-00186,2024-12-03,2024-12-11,2024-12-13,RECEIVED,SGD,1,store.manager,3,Pacific Beverages & Co.,PACIFI-003,SKU-00034,HappySnacks Potato Chips,Snacks
992,186,5,61,65,59,11.82,768.3,0.0,8.0,2024-12-03 15:00:00,PO-00186,2024-12-03,2024-12-11,2024-12-13,RECEIVED,SGD,1,store.manager,3,Pacific Beverages & Co.,PACIFI-003,SKU-00061,FrostyFoods Frozen Pizza,Frozen
993,186,6,12,53,51,4.51,239.03,0.0,8.0,2024-12-03 11:00:00,PO-00186,2024-12-03,2024-12-11,2024-12-13,RECEIVED,SGD,1,store.manager,3,Pacific Beverages & Co.,PACIFI-003,SKU-00012,PureGlow Toothpaste,Personal Care
994,186,7,10,94,90,12.92,1214.48,5.0,8.0,2024-12-03 16:00:00,PO-00186,2024-12-03,2024-12-11,2024-12-13,RECEIVED,SGD,1,store.manager,3,Pacific Beverages & Co.,PACIFI-003,SKU-00010,DailyBake Muffins,Bakery
995,186,8,101,79,74,14.1,1113.9,5.0,8.0,2024-12-03 17:00:00,PO-00186,2024-12-03,2024-12-11,2024-12-13,RECEIVED,SGD,1,store.manager,3,Pacific Beverages & Co.,PACIFI-003,SKU-00101,SparklePro Dishwashing Liquid,Household
996,187,1,81,84,76,19.33,1623.72,0.0,8.0,2024-12-03 15:00:00,PO-00187,2024-12-03,2024-12-13,2024-12-12,RECEIVED,SGD,1,inventory.bot,3,Pacific Beverages & Co.,PACIFI-003,SKU-00081,ThirstQuench Cola,Beverages
997,187,2,101,74,70,14.22,1052.28,3.0,8.0,2024-12-03 14:00:00,PO-00187,2024-12-03,2024-12-13,2024-12-12,RECEIVED,SGD,1,inventory.bot,3,Pacific Beverages & Co.,PACIFI-003,SKU-00101,SparklePro Dishwashing Liquid,Household
998,187,3,34,255,244,8.61,2195.55,0.0,8.0,2024-12-03 17:00:00,PO-00187,2024-12-03,2024-12-13,2024-12-12,RECEIVED,SGD,1,inventory.bot,3,Pacific Beverages & Co.,PACIFI-003,SKU-00034,HappySnacks Potato Chips,Snacks
999,187,4,12,78,75,4.99,389.22,5.0,8.0,2024-12-03 15:00:00,PO-00187,2024-12-03,2024-12-13,2024-12-12,RECEIVED,SGD,1,inventory.bot,3,Pacific Beverages & Co.,PACIFI-003,SKU-00012,PureGlow Toothpaste,Personal Care
1000,187,5,80,302,301,3.37,1017.74,0.0,8.0,2024-12-03 16:00:00,PO-00187,2024-12-03,2024-12-13,2024-12-12,RECEIVED,SGD,1,inventory.bot,3,Pacific Beverages & Co.,PACIFI-003,SKU-00080,CrunchyBite Potato Chips,Snacks
1001,187,6,107,36,34,11.17,402.12,5.0,8.0,2024-12-03 16:00:00,PO-00187,2024-12-03,2024-12-13,2024-12-12,RECEIVED,SGD,1,inventory.bot,3,Pacific Beverages & Co.,PACIFI-003,SKU-00107,GardenFresh Lettuce,Produce
1002,187,7,145,87,79,0.95,82.65,2.0,8.0,2024-12-03 08:00:00,PO-00187,2024-12-03,2024-12-13,2024-12-12,RECEIVED,SGD,1,inventory.bot,3,Pacific Beverages & Co.,PACIFI-003,SKU-00145,GreenFields Tomatoes,Produce
1003,187,8,23,40,40,13.63,545.2,0.0,8.0,2024-12-03 17:00:00,PO-00187,2024-12-03,2024-12-13,2024-12-12,RECEIVED,SGD,1,inventory.bot,3,Pacific Beverages & Co.,PACIFI-003,SKU-00023,FrostyFoods Frozen Peas,Frozen
1004,188,1,21,33,31,27.31,901.23,0.0,8.0,2024-12-09 12:00:00,PO-00188,2024-12-09,2024-12-16,2024-12-15,SENT,SGD,1,procurement.mgr,7,Prime Choice Meats,PRIMEC-007,SKU-00021,SeaHarvest Prawns,Seafood
1005,188,2,44,159,158,11.65,1852.35,0.0,8.0,2024-12-09 10:00:00,PO-00188,2024-12-09,2024-12-16,2024-12-15,SENT,SGD,1,procurement.mgr,7,Prime Choice Meats,PRIMEC-007,SKU-00044,CrunchyBite Potato Chips,Snacks
1006,188,3,53,266,244,8.97,2386.02,0.0,8.0,2024-12-09 12:00:00,PO-00188,2024-12-09,2024-12-16,2024-12-15,SENT,SGD,1,procurement.mgr,7,Prime Choice Meats,PRIMEC-007,SKU-00053,CitrusBurst Orange Juice,Beverages
1007,189,1,119,68,64,2.84,193.12,3.0,8.0,2024-12-09 10:00:00,PO-00189,2024-12-09,2024-12-19,2024-12-22,RECEIVED,SGD,1,inventory.bot,2,Evergreen Produce Importers,EVERGR-002,SKU-00119,FrostyFoods Frozen Peas,Frozen
1008,189,2,7,105,100,18.77,1970.85,2.0,8.0,2024-12-09 15:00:00,PO-00189,2024-12-09,2024-12-19,2024-12-22,RECEIVED,SGD,1,inventory.bot,2,Evergreen Produce Importers,EVERGR-002,SKU-00007,CitrusBurst Orange Juice,Beverages
1009,189,3,38,39,38,13.46,524.94,3.0,8.0,2024-12-09 17:00:00,PO-00189,2024-12-09,2024-12-19,2024-12-22,RECEIVED,SGD,1,inventory.bot,2,Evergreen Produce Importers,EVERGR-002,SKU-00038,DailyBake Croissant,Bakery
1010,189,4,77,72,68,11.91,857.52,0.0,8.0,2024-12-09 16:00:00,PO-00189,2024-12-09,2024-12-19,2024-12-22,RECEIVED,SGD,1,inventory.bot,2,Evergreen Produce Importers,EVERGR-002,SKU-00077,GreenFields Bananas,Produce
1011,189,5,11,31,31,9.51,294.81,5.0,8.0,2024-12-09 12:00:00,PO-00189,2024-12-09,2024-12-19,2024-12-22,RECEIVED,SGD,1,inventory.bot,2,Evergreen Produce Importers,EVERGR-002,SKU-00011,CleanHome Paper Towels,Household
1012,189,6,114,31,31,18.81,583.11,3.0,8.0,2024-12-09 12:00:00,PO-00189,2024-12-09,2024-12-19,2024-12-22,RECEIVED,SGD,1,inventory.bot,2,Evergreen Produce Importers,EVERGR-002,SKU-00114,FrostyFoods Frozen Pizza,Frozen
1013,189,7,137,91,88,6.94,631.54,0.0,8.0,2024-12-09 11:00:00,PO-00189,2024-12-09,2024-12-19,2024-12-22,RECEIVED,SGD,1,inventory.bot,2,Evergreen Produce Importers,EVERGR-002,SKU-00137,GoldenLoaf Wholemeal Bread,Bakery
1014,189,8,50,99,94,2.23,220.77,3.0,8.0,2024-12-09 16:00:00,PO-00189,2024-12-09,2024-12-19,2024-12-22,RECEIVED,SGD,1,inventory.bot,2,Evergreen Produce Importers,EVERGR-002,SKU-00050,GardenFresh Lettuce,Produce
1015,190,1,90,56,52,12.21,683.76,0.0,8.0,2024-12-09 15:00:00,PO-00190,2024-12-09,2024-12-15,2024-12-15,SENT,SGD,1,inventory.bot,4,Golden Harvest Grocers,GOLDEN-004,SKU-00090,PrimeChoice Minced Beef,Meat
1016,190,2,4,22,20,17.03,374.66,0.0,8.0,2024-12-09 14:00:00,PO-00190,2024-12-09,2024-12-15,2024-12-15,SENT,SGD,1,inventory.bot,4,Golden Harvest Grocers,GOLDEN-004,SKU-00004,GoldenLoaf Croissant,Bakery
1017,190,3,6,23,22,15.85,364.55,0.0,8.0,2024-12-09 14:00:00,PO-00190,2024-12-09,2024-12-15,2024-12-15,SENT,SGD,1,inventory.bot,4,Golden Harvest Grocers,GOLDEN-004,SKU-00006,GoldenLoaf White Bread,Bakery
1018,190,4,14,85,84,15.25,1296.25,0.0,8.0,2024-12-09 16:00:00,PO-00190,2024-12-09,2024-12-15,2024-12-15,SENT,SGD,1,inventory.bot,4,Golden Harvest Grocers,GOLDEN-004,SKU-00014,CleanHome Paper Towels,Household
1019,190,5,93,41,38,3.99,163.59,0.0,8.0,2024-12-09 12:00:00,PO-00190,2024-12-09,2024-12-15,2024-12-15,SENT,SGD,1,inventory.bot,4,Golden Harvest Grocers,GOLDEN-004,SKU-00093,FrostyFoods Fish Fillets,Frozen
1020,190,6,68,26,26,12.68,329.68,2.0,8.0,2024-12-09 10:00:00,PO-00190,2024-12-09,2024-12-15,2024-12-15,SENT,SGD,1,inventory.bot,4,Golden Harvest Grocers,GOLDEN-004,SKU-00068,PrimeChoice Chicken Breast,Meat
1021,191,1,78,56,52,24.7,1383.2,0.0,8.0,2024-12-10 08:00:00,PO-00191,2024-12-10,2024-12-19,2024-12-18,RECEIVED,SGD,1,procurement.mgr,8,CleanHome Household Products,CLEANH-008,SKU-00078,ButcherSelect Chicken Breast,Meat
1022,191,2,1,71,66,5.64,400.44,0.0,8.0,2024-12-10 15:00:00,PO-00191,2024-12-10,2024-12-19,2024-12-18,RECEIVED,SGD,1,procurement.mgr,8,CleanHome Household Products,CLEANH-008,SKU-00001,SparklePro Laundry Detergent,Household
1023,191,3,136,111,108,5.47,607.17,0.0,8.0,2024-12-10 12:00:00,PO-00191,2024-12-10,2024-12-19,2024-12-18,RECEIVED,SGD,1,procurement.mgr,8,CleanHome Household Products,CLEANH-008,SKU-00136,MeadowFresh Milk,Dairy
1024,191,4,142,43,40,3.13,134.59,0.0,8.0,2024-12-10 15:00:00,PO-00191,2024-12-10,2024-12-19,2024-12-18,RECEIVED,SGD,1,procurement.mgr,8,CleanHome Household Products,CLEANH-008,SKU-00142,FarmHouse Cheese,Dairy
1025,191,5,99,38,36,14.81,562.78,0.0,8.0,2024-12-10 12:00:00,PO-00191,2024-12-10,2024-12-19,2024-12-18,RECEIVED,SGD,1,procurement.mgr,8,CleanHome Household Products,CLEANH-008,SKU-00099,FarmHouse Butter,Dairy
1026,192,1,83,23,23,14.13,324.99,3.0,8.0,2024-12-16 10:00:00,PO-00192,2024-12-16,2024-12-28,2024-12-30,CLOSED,SGD,1,system.auto,1,Lion City Foods Pte Ltd,LIONCI-001,SKU-00083,SeaHarvest Prawns,Seafood
1027,192,2,30,51,49,7.8,397.8,3.0,8.0,2024-12-16 15:00:00,PO-00192,2024-12-16,2024-12-28,2024-12-30,CLOSED,SGD,1,system.auto,1,Lion City Foods Pte Ltd,LIONCI-001,SKU-00030,DailyBake Muffins,Bakery
1028,192,3,49,76,68,4.54,345.04,3.0,8.0,2024-12-16 12:00:00,PO-00192,2024-12-16,2024-12-28,2024-12-30,CLOSED,SGD,1,system.auto,1,Lion City Foods Pte Ltd,LIONCI-001,SKU-00049,HappySnacks Potato Chips,Snacks
1029,192,4,74,115,104,6.22,715.3,2.0,8.0,2024-12-16 12:00:00,PO-00192,2024-12-16,2024-12-28,2024-12-30,CLOSED,SGD,1,system.auto,1,Lion City Foods Pte Ltd,LIONCI-001,SKU-00074,CitrusBurst Orange Juice,Beverages
1030,192,5,148,259,240,1.7,440.3,0.0,8.0,2024-12-16 11:00:00,PO-00192,2024-12-16,2024-12-28,2024-12-30,CLOSED,SGD,1,system.auto,1,Lion City Foods Pte Ltd,LIONCI-001,SKU-00148,SnackTime Trail Mix,Snacks
1031,192,6,32,94,93,18.45,1734.3,0.0,8.0,2024-12-16 16:00:00,PO-00192,2024-12-16,2024-12-28,2024-12-30,CLOSED,SGD,1,system.auto,1,Lion City Foods Pte Ltd,LIONCI-001,SKU-00032,GoldenLoaf Croissant,Bakery
1032,192,7,54,23,21,14.45,332.35,0.0,8.0,2024-12-16 10:00:00,PO-00192,2024-12-16,2024-12-28,2024-12-30,CLOSED,SGD,1,system.auto,1,Lion City Foods Pte Ltd,LIONCI-001,SKU-00054,ButcherSelect Chicken Breast,Meat
1033,193,1,91,56,52,15.9,890.4,3.0,8.0,2024-12-17 13:00:00,PO-00193,2024-12-17,2024-12-25,2024-12-26,CLOSED,SGD,1,store.manager,6,Blue Ocean Seafood Traders,BLUEOC-006,SKU-00091,PrimeChoice Chicken Breast,Meat
1034,193,2,36,37,37,15.74,582.38,0.0,8.0,2024-12-17 17:00:00,PO-00193,2024-12-17,2024-12-25,2024-12-26,CLOSED,SGD,1,store.manager,6,Blue Ocean Seafood Traders,BLUEOC-006,SKU-00036,MeadowFresh Cheese,Dairy
1035,193,3,112,141,127,15.2,2143.2,0.0,8.0,2024-12-17 14:00:00,PO-00193,2024-12-17,2024-12-25,2024-12-26,CLOSED,SGD,1,store.manager,6,Blue Ocean Seafood Traders,BLUEOC-006,SKU-00112,CleanHome Laundry Detergent,Household
1036,193,4,89,91,90,15.42,1403.22,2.0,8.0,2024-12-17 16:00:00,PO-00193,2024-12-17,2024-12-25,2024-12-26,CLOSED,SGD,1,store.manager,6,Blue Ocean Seafood Traders,BLUEOC-006,SKU-00089,GardenFresh Tomatoes,Produce
1037,193,5,95,47,46,3.82,179.54,0.0,8.0,2024-12-17 16:00:00,PO-00193,2024-12-17,2024-12-25,2024-12-26,CLOSED,SGD,1,store.manager,6,Blue Ocean Seafood Traders,BLUEOC-006,SKU-00095,FarmHouse Yogurt,Dairy
1038,194,1,121,44,42,4.92,216.48,0.0,8.0,2024-12-23 12:00:00,PO-00194,2024-12-23,2025-01-06,2025-01-05,RECEIVED,SGD,1,inventory.bot,8,CleanHome Household Products,CLEANH-008,SKU-00121,GardenFresh Apples,Produce
1039,194,2,128,136,135,8.41,1143.76,0.0,8.0,2024-12-23 17:00:00,PO-00194,2024-12-23,2025-01-06,2025-01-05,RECEIVED,SGD,1,inventory.bot,8,CleanHome Household Products,CLEANH-008,SKU-00128,FarmHouse Milk,Dairy
1040,194,3,18,74,69,5.11,378.14,0.0,8.0,2024-12-23 15:00:00,PO-00194,2024-12-23,2025-01-06,2025-01-05,RECEIVED,SGD,1,inventory.bot,8,CleanHome Household Products,CLEANH-008,SKU-00018,MilkyWay Yogurt,Dairy
1041,194,4,117,66,60,12.22,806.52,5.0,8.0,2024-12-23 17:00:00,PO-00194,2024-12-23,2025-01-06,2025-01-05,RECEIVED,SGD,1,inventory.bot,8,CleanHome Household Products,CLEANH-008,SKU-00117,FrostyFoods Fish Fillets,Frozen
1042,194,5,118,65,59,6.76,439.4,5.0,8.0,2024-12-23 14:00:00,PO-00194,2024-12-23,2025-01-06,2025-01-05,RECEIVED,SGD,1,inventory.bot,8,CleanHome Household Products,CLEANH-008,SKU-00118,MeadowFresh Milk,Dairy
1043,194,6,142,51,50,3.13,159.63,2.0,8.0,2024-12-23 10:00:00,PO-00194,2024-12-23,2025-01-06,2025-01-05,RECEIVED,SGD,1,inventory.bot,8,CleanHome Household Products,CLEANH-008,SKU-00142,FarmHouse Cheese,Dairy
1044,194,7,127,85,78,13.14,1116.9,5.0,8.0,2024-12-23 17:00:00,PO-00194,2024-12-23,2025-01-06,2025-01-05,RECEIVED,SGD,1,inventory.bot,8,CleanHome Household Products,CLEANH-008,SKU-00127,HarmonyCare Body Wash,Personal Care
1045,194,8,136,119,109,5.58,664.02,5.0,8.0,2024-12-23 09:00:00,PO-00194,2024-12-23,2025-01-06,2025-01-05,RECEIVED,SGD,1,inventory.bot,8,CleanHome Household Products,CLEANH-008,SKU-00136,MeadowFresh Milk,Dairy
1046,195,1,37,23,23,23.28,535.44,2.0,8.0,2024-12-23 08:00:00,PO-00195,2024-12-23,2025-01-06,2025-01-09,SENT,SGD,1,store.manager,4,Golden Harvest Grocers,GOLDEN-004,SKU-00037,BlueOcean Salmon Fillet,Seafood
1047,195,2,90,56,53,12.25,686.0,2.0,8.0,2024-12-23 12:00:00,PO-00195,2024-12-23,2025-01-06,2025-01-09,SENT,SGD,1,store.manager,4,Golden Harvest Grocers,GOLDEN-004,SKU-00090,PrimeChoice Minced Beef,Meat
1048,195,3,45,103,102,1.15,118.45,2.0,8.0,2024-12-23 15:00:00,PO-00195,2024-12-23,2025-01-06,2025-01-09,SENT,SGD,1,store.manager,4,Golden Harvest Grocers,GOLDEN-004,SKU-00045,HappySnacks Potato Chips,Snacks
1049,195,4,106,107,106,3.69,394.83,0.0,8.0,2024-12-23 11:00:00,PO-00195,2024-12-23,2025-01-06,2025-01-09,SENT,SGD,1,store.manager,4,Golden Harvest Grocers,GOLDEN-004,SKU-00106,ThirstQuench Green Tea,Beverages
1050,195,5,52,79,75,14.87,1174.73,2.0,8.0,2024-12-23 16:00:00,PO-00195,2024-12-23,2025-01-06,2025-01-09,SENT,SGD,1,store.manager,4,Golden Harvest Grocers,GOLDEN-004,SKU-00052,SnackTime Potato Chips,Snacks
1051,195,6,48,134,123,14.91,1997.94,2.0,8.0,2024-12-23 11:00:00,PO-00195,2024-12-23,2025-01-06,2025-01-09,SENT,SGD,1,store.manager,4,Golden Harvest Grocers,GOLDEN-004,SKU-00048,SparklePro Laundry Detergent,Household
1052,195,7,4,62,56,16.59,1028.58,3.0,8.0,2024-12-23 08:00:00,PO-00195,2024-12-23,2025-01-06,2025-01-09,SENT,SGD,1,store.manager,4,Golden Harvest Grocers,GOLDEN-004,SKU-00004,GoldenLoaf Croissant,Bakery
1053,196,1,125,100,96,5.51,551.0,2.0,8.0,2024-12-23 08:00:00,PO-00196,2024-12-23,2024-12-29,2024-12-29,RECEIVED,SGD,1,store.manager,5,Sunrise Dairy Supplies,SUNRIS-005,SKU-00125,GreenFields Apples,Produce
1054,196,2,72,95,93,19.13,1817.35,0.0,8.0,2024-12-23 11:00:00,PO-00196,2024-12-23,2024-12-29,2024-12-29,RECEIVED,SGD,1,store.manager,5,Sunrise Dairy Supplies,SUNRIS-005,SKU-00072,FrostyFoods Frozen Peas,Frozen
1055,196,3,33,19,18,11.93,226.67,0.0,8.0,2024-12-23 13:00:00,PO-00196,2024-12-23,2024-12-29,2024-12-29,RECEIVED,SGD,1,store.manager,5,Sunrise Dairy Supplies,SUNRIS-005,SKU-00033,GoldenLoaf White Bread,Bakery
1056,196,4,46,140,137,19.86,2780.4,3.0,8.0,2024-12-23 17:00:00,PO-00196,2024-12-23,2024-12-29,2024-12-29,RECEIVED,SGD,1,store.manager,5,Sunrise Dairy Supplies,SUNRIS-005,SKU-00046,ThirstQuench Apple Juice,Beverages
1057,197,1,104,168,166,5.68,954.24,0.0,8.0,2024-12-24 08:00:00,PO-00197,2024-12-24,2024-12-28,2024-12-27,RECEIVED,SGD,1,system.auto,9,Fresh & Crisp Snacks,FRESHC-009,SKU-00104,ThirstQuench Apple Juice,Beverages
1058,197,2,65,71,64,13.98,992.58,2.0,8.0,2024-12-24 09:00:00,PO-00197,2024-12-24,2024-12-28,2024-12-27,RECEIVED,SGD,1,system.auto,9,Fresh & Crisp Snacks,FRESHC-009,SKU-00065,ButcherSelect Pork Chops,Meat
1059,197,3,88,16,15,22.95,367.2,0.0,8.0,2024-12-24 14:00:00,PO-00197,2024-12-24,2024-12-28,2024-12-27,RECEIVED,SGD,1,system.auto,9,Fresh & Crisp Snacks,FRESHC-009,SKU-00088,SeaHarvest Squid Rings,Seafood
1060,198,1,131,23,21,5.58,128.34,0.0,8.0,2024-12-30 17:00:00,PO-00198,2024-12-30,2025-01-09,2025-01-11,SENT,SGD,1,system.auto,9,Fresh & Crisp Snacks,FRESHC-009,SKU-00131,ArcticFresh Frozen Pizza,Frozen
1061,198,2,63,69,65,3.76,259.44,0.0,8.0,2024-12-30 17:00:00,PO-00198,2024-12-30,2025-01-09,2025-01-11,SENT,SGD,1,system.auto,9,Fresh & Crisp Snacks,FRESHC-009,SKU-00063,CleanHome Trash Bags,Household
1062,198,3,28,80,72,0.91,72.8,0.0,8.0,2024-12-30 17:00:00,PO-00198,2024-12-30,2025-01-09,2025-01-11,SENT,SGD,1,system.auto,9,Fresh & Crisp Snacks,FRESHC-009,SKU-00028,CitrusBurst Cola,Beverages
1063,198,4,88,18,17,23.12,416.16,0.0,8.0,2024-12-30 13:00:00,PO-00198,2024-12-30,2025-01-09,2025-01-11,SENT,SGD,1,system.auto,9,Fresh & Crisp Snacks,FRESHC-009,SKU-00088,SeaHarvest Squid Rings,Seafood
1064,198,5,8,68,65,8.22,558.96,3.0,8.0,2024-12-30 15:00:00,PO-00198,2024-12-30,2025-01-09,2025-01-11,SENT,SGD,1,system.auto,9,Fresh & Crisp Snacks,FRESHC-009,SKU-00008,PureGlow Toothpaste,Personal Care
1065,198,6,65,38,35,13.47,511.86,0.0,8.0,2024-12-30 08:00:00,PO-00198,2024-12-30,2025-01-09,2025-01-11,SENT,SGD,1,system.auto,9,Fresh & Crisp Snacks,FRESHC-009,SKU-00065,ButcherSelect Pork Chops,Meat
1066,198,7,104,101,98,5.47,552.47,2.0,8.0,2024-12-30 16:00:00,PO-00198,2024-12-30,2025-01-09,2025-01-11,SENT,SGD,1,system.auto,9,Fresh & Crisp Snacks,FRESHC-009,SKU-00104,ThirstQuench Apple Juice,Beverages
1067,199,1,64,33,32,34.1,1125.3,3.0,8.0,2024-12-31 17:00:00,PO-00199,2024-12-31,2025-01-10,2025-01-11,SENT,SGD,1,store.manager,5,Sunrise Dairy Supplies,SUNRIS-005,SKU-00064,SeaHarvest Salmon Fillet,Seafood
1068,199,2,113,52,50,8.58,446.16,0.0,8.0,2024-12-31 11:00:00,PO-00199,2024-12-31,2025-01-10,2025-01-11,SENT,SGD,1,store.manager,5,Sunrise Dairy Supplies,SUNRIS-005,SKU-00113,SeaHarvest Salmon Fillet,Seafood
1069,199,3,105,84,81,7.61,639.24,3.0,8.0,2024-12-31 08:00:00,PO-00199,2024-12-31,2025-01-10,2025-01-11,SENT,SGD,1,store.manager,5,Sunrise Dairy Supplies,SUNRIS-005,SKU-00105,FrostyFoods Ice Cream,Frozen
1070,199,4,40,98,94,1.76,172.48,0.0,8.0,2024-12-31 11:00:00,PO-00199,2024-12-31,2025-01-10,2025-01-11,SENT,SGD,1,store.manager,5,Sunrise Dairy Supplies,SUNRIS-005,SKU-00040,MeadowFresh Butter,Dairy
1071,199,5,125,120,113,5.53,663.6,0.0,8.0,2024-12-31 15:00:00,PO-00199,2024-12-31,2025-01-10,2025-01-11,SENT,SGD,1,store.manager,5,Sunrise Dairy Supplies,SUNRIS-005,SKU-00125,GreenFields Apples,Produce
1072,200,1,126,134,133,17.57,2354.38,5.0,8.0,2024-12-31 11:00:00,PO-00200,2024-12-31,2025-01-05,2025-01-04,CLOSED,SGD,1,system.auto,6,Blue Ocean Seafood Traders,BLUEOC-006,SKU-00126,ThirstQuench Orange Juice,Beverages
1073,200,2,89,79,76,14.72,1162.88,5.0,8.0,2024-12-31 13:00:00,PO-00200,2024-12-31,2025-01-05,2025-01-04,CLOSED,SGD,1,system.auto,6,Blue Ocean Seafood Traders,BLUEOC-006,SKU-00089,GardenFresh Tomatoes,Produce
1074,200,3,139,155,151,9.9,1534.5,0.0,8.0,2024-12-31 08:00:00,PO-00200,2024-12-31,2025-01-05,2025-01-04,CLOSED,SGD,1,system.auto,6,Blue Ocean Seafood Traders,BLUEOC-006,SKU-00139,MilkyWay Milk,Dairy
1075,200,4,39,66,59,1.53,100.98,3.0,8.0,2024-12-31 09:00:00,PO-00200,2024-12-31,2025-01-05,2025-01-04,CLOSED,SGD,1,system.auto,6,Blue Ocean Seafood Traders,BLUEOC-006,SKU-00039,FrostyFoods Ice Cream,Frozen
1076,200,5,36,56,52,15.84,887.04,3.0,8.0,2024-12-31 13:00:00,PO-00200,2024-12-31,2025-01-05,2025-01-04,CLOSED,SGD,1,system.auto,6,Blue Ocean Seafood Traders,BLUEOC-006,SKU-00036,MeadowFresh Cheese,Dairy
1077,200,6,35,20,20,13.5,270.0,0.0,8.0,2024-12-31 10:00:00,PO-00200,2024-12-31,2025-01-05,2025-01-04,CLOSED,SGD,1,system.auto,6,Blue Ocean Seafood Traders,BLUEOC-006,SKU-00035,PureGlow Hand Soap,Personal Care
1078,201,1,43,53,48,33.55,1778.15,0.0,8.0,2024-12-31 13:00:00,PO-00201,2024-12-31,2025-01-03,2025-01-03,RECEIVED,SGD,1,system.auto,2,Evergreen Produce Importers,EVERGR-002,SKU-00043,SeaHarvest Salmon Fillet,Seafood
1079,201,2,75,46,43,11.1,510.6,0.0,8.0,2024-12-31 10:00:00,PO-00201,2024-12-31,2025-01-03,2025-01-03,RECEIVED,SGD,1,system.auto,2,Evergreen Produce Importers,EVERGR-002,SKU-00075,FrostyFoods Frozen Pizza,Frozen
1080,201,3,59,82,82,5.64,462.48,2.0,8.0,2024-12-31 09:00:00,PO-00201,2024-12-31,2025-01-03,2025-01-03,RECEIVED,SGD,1,system.auto,2,Evergreen Produce Importers,EVERGR-002,SKU-00059,PureGlow Shampoo,Personal Care
1081,201,4,144,52,48,20.65,1073.8,0.0,8.0,2024-12-31 11:00:00,PO-00201,2024-12-31,2025-01-03,2025-01-03,RECEIVED,SGD,1,system.auto,2,Evergreen Produce Importers,EVERGR-002,SKU-00144,MeadowFresh Yogurt,Dairy
1082,201,5,38,88,83,13.53,1190.64,3.0,8.0,2024-12-31 14:00:00,PO-00201,2024-12-31,2025-01-03,2025-01-03,RECEIVED,SGD,1,system.auto,2,Evergreen Produce Importers,EVERGR-002,SKU-00038,DailyBake Croissant,Bakery
1083,202,1,26,36,35,4.32,155.52,0.0,8.0,2025-01-06 16:00:00,PO-00202,2025-01-06,2025-01-17,2025-01-18,RECEIVED,SGD,1,store.manager,5,Sunrise Dairy Supplies,SUNRIS-005,SKU-00026,FarmHouse Milk,Dairy
1084,202,2,113,73,72,8.18,597.14,0.0,8.0,2025-01-06 15:00:00,PO-00202,2025-01-06,2025-01-17,2025-01-18,RECEIVED,SGD,1,store.manager,5,Sunrise Dairy Supplies,SUNRIS-005,SKU-00113,SeaHarvest Salmon Fillet,Seafood
1085,202,3,125,104,100,5.59,581.36,2.0,8.0,2025-01-06 16:00:00,PO-00202,2025-01-06,2025-01-17,2025-01-18,RECEIVED,SGD,1,store.manager,5,Sunrise Dairy Supplies,SUNRIS-005,SKU-00125,GreenFields Apples,Produce
1086,202,4,46,135,128,18.95,2558.25,0.0,8.0,2025-01-06 13:00:00,PO-00202,2025-01-06,2025-01-17,2025-01-18,RECEIVED,SGD,1,store.manager,5,Sunrise Dairy Supplies,SUNRIS-005,SKU-00046,ThirstQuench Apple Juice,Beverages
1087,203,1,84,45,43,15.85,713.25,0.0,8.0,2025-01-06 12:00:00,PO-00203,2025-01-06,2025-01-19,2025-01-22,RECEIVED,SGD,1,procurement.mgr,1,Lion City Foods Pte Ltd,LIONCI-001,SKU-00084,ArcticFresh Fish Fillets,Frozen
1088,203,2,73,57,56,11.23,640.11,0.0,8.0,2025-01-06 12:00:00,PO-00203,2025-01-06,2025-01-19,2025-01-22,RECEIVED,SGD,1,procurement.mgr,1,Lion City Foods Pte Ltd,LIONCI-001,SKU-00073,SeaHarvest Fish Fingers,Seafood
1089,203,3,138,70,64,34.6,2422.0,0.0,8.0,2025-01-06 15:00:00,PO-00203,2025-01-06,2025-01-19,2025-01-22,RECEIVED,SGD,1,procurement.mgr,1,Lion City Foods Pte Ltd,LIONCI-001,SKU-00138,BlueOcean Fish Fingers,Seafood
1090,203,4,54,60,55,13.93,835.8,3.0,8.0,2025-01-06 17:00:00,PO-00203,2025-01-06,2025-01-19,2025-01-22,RECEIVED,SGD,1,procurement.mgr,1,Lion City Foods Pte Ltd,LIONCI-001,SKU-00054,ButcherSelect Chicken Breast,Meat
1091,203,5,79,126,119,5.74,723.24,2.0,8.0,2025-01-06 13:00:00,PO-00203,2025-01-06,2025-01-19,2025-01-22,RECEIVED,SGD,1,procurement.mgr,1,Lion City Foods Pte Ltd,LIONCI-001,SKU-00079,CitrusBurst Green Tea,Beverages
1092,203,6,71,78,73,18.84,1469.52,0.0,8.0,2025-01-06 15:00:00,PO-00203,2025-01-06,2025-01-19,2025-01-22,RECEIVED,SGD,1,procurement.mgr,1,Lion City Foods Pte Ltd,LIONCI-001,SKU-00071,ButcherSelect Pork Chops,Meat
1093,204,1,22,30,27,3.89,116.7,0.0,8.0,2025-01-07 13:00:00,PO-00204,2025-01-07,2025-01-20,2025-01-19,RECEIVED,SGD,1,procurement.mgr,2,Evergreen Produce Importers,EVERGR-002,SKU-00022,HarmonyCare Hand Soap,Personal Care
1094,204,2,77,45,44,11.16,502.2,5.0,8.0,2025-01-07 12:00:00,PO-00204,2025-01-07,2025-01-20,2025-01-19,RECEIVED,SGD,1,procurement.mgr,2,Evergreen Produce Importers,EVERGR-002,SKU-00077,GreenFields Bananas,Produce
1095,204,3,144,54,52,20.8,1123.2,5.0,8.0,2025-01-07 16:00:00,PO-00204,2025-01-07,2025-01-20,2025-01-19,RECEIVED,SGD,1,procurement.mgr,2,Evergreen Produce Importers,EVERGR-002,SKU-00144,MeadowFresh Yogurt,Dairy
1096,204,4,67,40,36,15.49,619.6,0.0,8.0,2025-01-07 14:00:00,PO-00204,2025-01-07,2025-01-20,2025-01-19,RECEIVED,SGD,1,procurement.mgr,2,Evergreen Produce Importers,EVERGR-002,SKU-00067,SeaHarvest Prawns,Seafood
1097,204,5,114,71,70,18.91,1342.61,0.0,8.0,2025-01-07 15:00:00,PO-00204,2025-01-07,2025-01-20,2025-01-19,RECEIVED,SGD,1,procurement.mgr,2,Evergreen Produce Importers,EVERGR-002,SKU-00114,FrostyFoods Frozen Pizza,Frozen
1098,204,6,62,58,57,3.2,185.6,5.0,8.0,2025-01-07 11:00:00,PO-00204,2025-01-07,2025-01-20,2025-01-19,RECEIVED,SGD,1,procurement.mgr,2,Evergreen Produce Importers,EVERGR-002,SKU-00062,SparklePro Trash Bags,Household
1099,204,7,116,80,74,4.26,340.8,3.0,8.0,2025-01-07 15:00:00,PO-00204,2025-01-07,2025-01-20,2025-01-19,RECEIVED,SGD,1,procurement.mgr,2,Evergreen Produce Importers,EVERGR-002,SKU-00116,FrostyFoods Fish Fillets,Frozen
1100,204,8,98,122,120,19.51,2380.22,0.0,8.0,2025-01-07 13:00:00,PO-00204,2025-01-07,2025-01-20,2025-01-19,RECEIVED,SGD,1,procurement.mgr,2,Evergreen Produce Importers,EVERGR-002,SKU-00098,MeadowFresh Yogurt,Dairy
1101,205,1,102,93,91,2.15,199.95,0.0,8.0,2025-01-13 11:00:00,PO-00205,2025-01-13,2025-01-18,2025-01-21,RECEIVED,SGD,1,store.manager,7,Prime Choice Meats,PRIMEC-007,SKU-00102,MeadowFresh Cheese,Dairy
1102,205,2,21,56,53,28.55,1598.8,5.0,8.0,2025-01-13 16:00:00,PO-00205,2025-01-13,2025-01-18,2025-01-21,RECEIVED,SGD,1,store.manager,7,Prime Choice Meats,PRIMEC-007,SKU-00021,SeaHarvest Prawns,Seafood
1103,205,3,51,58,54,13.5,783.0,0.0,8.0,2025-01-13 10:00:00,PO-00205,2025-01-13,2025-01-18,2025-01-21,RECEIVED,SGD,1,store.manager,7,Prime Choice Meats,PRIMEC-007,SKU-00051,GardenFresh Apples,Produce
1104,205,4,76,34,34,25.38,862.92,3.0,8.0,2025-01-13 17:00:00,PO-00205,2025-01-13,2025-01-18,2025-01-21,RECEIVED,SGD,1,store.manager,7,Prime Choice Meats,PRIMEC-007,SKU-00076,PrimeChoice Sausages,Meat
1105,205,5,19,146,140,6.82,995.72,2.0,8.0,2025-01-13 11:00:00,PO-00205,2025-01-13,2025-01-18,2025-01-21,RECEIVED,SGD,1,store.manager,7,Prime Choice Meats,PRIMEC-007,SKU-00019,FarmHouse Butter,Dairy
1106,205,6,143,65,59,9.14,594.1,2.0,8.0,2025-01-13 09:00:00,PO-00205,2025-01-13,2025-01-18,2025-01-21,RECEIVED,SGD,1,store.manager,7,Prime Choice Meats,PRIMEC-007,SKU-00143,PureGlow Toothpaste,Personal Care
1107,206,1,67,33,30,15.33,505.89,2.0,8.0,2025-01-13 12:00:00,PO-00206,2025-01-13,2025-01-18,2025-01-17,SENT,SGD,1,inventory.bot,2,Evergreen Produce Importers,EVERGR-002,SKU-00067,SeaHarvest Prawns,Seafood
1108,206,2,22,41,39,3.97,162.77,5.0,8.0,2025-01-13 16:00:00,PO-00206,2025-01-13,2025-01-18,2025-01-17,SENT,SGD,1,inventory.bot,2,Evergreen Produce Importers,EVERGR-002,SKU-00022,HarmonyCare Hand Soap,Personal Care
1109,206,3,43,22,20,32.89,723.58,0.0,8.0,2025-01-13 16:00:00,PO-00206,2025-01-13,2025-01-18,2025-01-17,SENT,SGD,1,inventory.bot,2,Evergreen Produce Importers,EVERGR-002,SKU-00043,SeaHarvest Salmon Fillet,Seafood
1110,206,4,38,21,19,13.25,278.25,2.0,8.0,2025-01-13 14:00:00,PO-00206,2025-01-13,2025-01-18,2025-01-17,SENT,SGD,1,inventory.bot,2,Evergreen Produce Importers,EVERGR-002,SKU-00038,DailyBake Croissant,Bakery
1111,206,5,75,40,37,11.96,478.4,0.0,8.0,2025-01-13 16:00:00,PO-00206,2025-01-13,2025-01-18,2025-01-17,SENT,SGD,1,inventory.bot,2,Evergreen Produce Importers,EVERGR-002,SKU-00075,FrostyFoods Frozen Pizza,Frozen
1112,206,6,62,127,117,3.28,416.56,0.0,8.0,2025-01-13 14:00:00,PO-00206,2025-01-13,2025-01-18,2025-01-17,SENT,SGD,1,inventory.bot,2,Evergreen Produce Importers,EVERGR-002,SKU-00062,SparklePro Trash Bags,Household
1113,207,1,40,55,52,1.82,100.1,0.0,8.0,2025-01-14 11:00:00,PO-00207,2025-01-14,2025-01-28,2025-01-30,RECEIVED,SGD,1,store.manager,5,Sunrise Dairy Supplies,SUNRIS-005,SKU-00040,MeadowFresh Butter,Dairy
1114,207,2,46,41,41,18.92,775.72,2.0,8.0,2025-01-14 17:00:00,PO-00207,2025-01-14,2025-01-28,2025-01-30,RECEIVED,SGD,1,store.manager,5,Sunrise Dairy Supplies,SUNRIS-005,SKU-00046,ThirstQuench Apple Juice,Beverages
1115,207,3,64,39,37,33.91,1322.49,2.0,8.0,2025-01-14 15:00:00,PO-00207,2025-01-14,2025-01-28,2025-01-30,RECEIVED,SGD,1,store.manager,5,Sunrise Dairy Supplies,SUNRIS-005,SKU-00064,SeaHarvest Salmon Fillet,Seafood
1116,207,4,72,79,76,18.76,1482.04,0.0,8.0,2025-01-14 15:00:00,PO-00207,2025-01-14,2025-01-28,2025-01-30,RECEIVED,SGD,1,store.manager,5,Sunrise Dairy Supplies,SUNRIS-005,SKU-00072,FrostyFoods Frozen Peas,Frozen
1117,208,1,67,25,23,16.51,412.75,0.0,8.0,2025-01-20 10:00:00,PO-00208,2025-01-20,2025-01-29,2025-01-31,CLOSED,SGD,1,procurement.mgr,2,Evergreen Produce Importers,EVERGR-002,SKU-00067,SeaHarvest Prawns,Seafood
1118,208,2,98,65,64,19.9,1293.5,5.0,8.0,2025-01-20 09:00:00,PO-00208,2025-01-20,2025-01-29,2025-01-31,CLOSED,SGD,1,procurement.mgr,2,Evergreen Produce Importers,EVERGR-002,SKU-00098,MeadowFresh Yogurt,Dairy
1119,208,3,43,84,82,34.37,2887.08,2.0,8.0,2025-01-20 14:00:00,PO-00208,2025-01-20,2025-01-29,2025-01-31,CLOSED,SGD,1,procurement.mgr,2,Evergreen Produce Importers,EVERGR-002,SKU-00043,SeaHarvest Salmon Fillet,Seafood
1120,208,4,114,90,82,18.19,1637.1,0.0,8.0,2025-01-20 16:00:00,PO-00208,2025-01-20,2025-01-29,2025-01-31,CLOSED,SGD,1,procurement.mgr,2,Evergreen Produce Importers,EVERGR-002,SKU-00114,FrostyFoods Frozen Pizza,Frozen
1121,208,5,38,61,57,13.24,807.64,0.0,8.0,2025-01-20 16:00:00,PO-00208,2025-01-20,2025-01-29,2025-01-31,CLOSED,SGD,1,procurement.mgr,2,Evergreen Produce Importers,EVERGR-002,SKU-00038,DailyBake Croissant,Bakery
1122,208,6,22,20,19,3.91,78.2,5.0,8.0,2025-01-20 15:00:00,PO-00208,2025-01-20,2025-01-29,2025-01-31,CLOSED,SGD,1,procurement.mgr,2,Evergreen Produce Importers,EVERGR-002,SKU-00022,HarmonyCare Hand Soap,Personal Care
1123,208,7,144,78,73,19.61,1529.58,0.0,8.0,2025-01-20 14:00:00,PO-00208,2025-01-20,2025-01-29,2025-01-31,CLOSED,SGD,1,procurement.mgr,2,Evergreen Produce Importers,EVERGR-002,SKU-00144,MeadowFresh Yogurt,Dairy
1124,208,8,77,24,22,11.01,264.24,0.0,8.0,2025-01-20 13:00:00,PO-00208,2025-01-20,2025-01-29,2025-01-31,CLOSED,SGD,1,procurement.mgr,2,Evergreen Produce Importers,EVERGR-002,SKU-00077,GreenFields Bananas,Produce
1125,209,1,86,35,32,2.57,89.95,0.0,8.0,2025-01-20 10:00:00,PO-00209,2025-01-20,2025-02-03,2025-02-05,RECEIVED,SGD,1,inventory.bot,3,Pacific Beverages & Co.,PACIFI-003,SKU-00086,HarmonyCare Toothpaste,Personal Care
1126,209,2,145,57,52,1.0,57.0,0.0,8.0,2025-01-20 09:00:00,PO-00209,2025-01-20,2025-02-03,2025-02-05,RECEIVED,SGD,1,inventory.bot,3,Pacific Beverages & Co.,PACIFI-003,SKU-00145,GreenFields Tomatoes,Produce
1127,209,3,12,100,98,4.83,483.0,0.0,8.0,2025-01-20 15:00:00,PO-00209,2025-01-20,2025-02-03,2025-02-05,RECEIVED,SGD,1,inventory.bot,3,Pacific Beverages & Co.,PACIFI-003,SKU-00012,PureGlow Toothpaste,Personal Care
1128,209,4,107,65,60,11.46,744.9,5.0,8.0,2025-01-20 16:00:00,PO-00209,2025-01-20,2025-02-03,2025-02-05,RECEIVED,SGD,1,inventory.bot,3,Pacific Beverages & Co.,PACIFI-003,SKU-00107,GardenFresh Lettuce,Produce
1129,209,5,101,75,71,13.76,1032.0,5.0,8.0,2025-01-20 16:00:00,PO-00209,2025-01-20,2025-02-03,2025-02-05,RECEIVED,SGD,1,inventory.bot,3,Pacific Beverages & Co.,PACIFI-003,SKU-00101,SparklePro Dishwashing Liquid,Household
1130,209,6,34,214,207,8.51,1821.14,0.0,8.0,2025-01-20 14:00:00,PO-00209,2025-01-20,2025-02-03,2025-02-05,RECEIVED,SGD,1,inventory.bot,3,Pacific Beverages & Co.,PACIFI-003,SKU-00034,HappySnacks Potato Chips,Snacks
1131,210,1,15,43,39,15.59,670.37,0.0,8.0,2025-01-21 13:00:00,PO-00210,2025-01-21,2025-01-27,2025-01-27,RECEIVED,SGD,1,procurement.mgr,6,Blue Ocean Seafood Traders,BLUEOC-006,SKU-00015,CleanHome Trash Bags,Household
1132,210,2,126,89,86,16.57,1474.73,0.0,8.0,2025-01-21 10:00:00,PO-00210,2025-01-21,2025-01-27,2025-01-27,RECEIVED,SGD,1,procurement.mgr,6,Blue Ocean Seafood Traders,BLUEOC-006,SKU-00126,ThirstQuench Orange Juice,Beverages
1133,210,3,139,122,112,10.11,1233.42,0.0,8.0,2025-01-21 13:00:00,PO-00210,2025-01-21,2025-01-27,2025-01-27,RECEIVED,SGD,1,procurement.mgr,6,Blue Ocean Seafood Traders,BLUEOC-006,SKU-00139,MilkyWay Milk,Dairy
1134,210,4,112,102,98,15.48,1578.96,0.0,8.0,2025-01-21 16:00:00,PO-00210,2025-01-21,2025-01-27,2025-01-27,RECEIVED,SGD,1,procurement.mgr,6,Blue Ocean Seafood Traders,BLUEOC-006,SKU-00112,CleanHome Laundry Detergent,Household
1135,210,5,91,65,65,15.35,997.75,0.0,8.0,2025-01-21 09:00:00,PO-00210,2025-01-21,2025-01-27,2025-01-27,RECEIVED,SGD,1,procurement.mgr,6,Blue Ocean Seafood Traders,BLUEOC-006,SKU-00091,PrimeChoice Chicken Breast,Meat
1136,210,6,36,75,70,15.55,1166.25,5.0,8.0,2025-01-21 13:00:00,PO-00210,2025-01-21,2025-01-27,2025-01-27,RECEIVED,SGD,1,procurement.mgr,6,Blue Ocean Seafood Traders,BLUEOC-006,SKU-00036,MeadowFresh Cheese,Dairy
1137,211,1,121,47,44,5.2,244.4,2.0,8.0,2025-01-21 09:00:00,PO-00211,2025-01-21,2025-01-28,2025-01-31,RECEIVED,SGD,1,system.auto,8,CleanHome Household Products,CLEANH-008,SKU-00121,GardenFresh Apples,Produce
1138,211,2,96,121,115,2.12,256.52,3.0,8.0,2025-01-21 10:00:00,PO-00211,2025-01-21,2025-01-28,2025-01-31,RECEIVED,SGD,1,system.auto,8,CleanHome Household Products,CLEANH-008,SKU-00096,FarmHouse Yogurt,Dairy
1139,211,3,18,62,62,5.05,313.1,5.0,8.0,2025-01-21 14:00:00,PO-00211,2025-01-21,2025-01-28,2025-01-31,RECEIVED,SGD,1,system.auto,8,CleanHome Household Products,CLEANH-008,SKU-00018,MilkyWay Yogurt,Dairy
1140,211,4,128,116,115,8.76,1016.16,0.0,8.0,2025-01-21 13:00:00,PO-00211,2025-01-21,2025-01-28,2025-01-31,RECEIVED,SGD,1,system.auto,8,CleanHome Household Products,CLEANH-008,SKU-00128,FarmHouse Milk,Dairy
1141,212,1,48,25,24,15.79,394.75,0.0,8.0,2025-01-21 11:00:00,PO-00212,2025-01-21,2025-01-30,2025-02-02,RECEIVED,SGD,1,system.auto,4,Golden Harvest Grocers,GOLDEN-004,SKU-00048,SparklePro Laundry Detergent,Household
1142,212,2,68,69,67,13.29,917.01,0.0,8.0,2025-01-21 10:00:00,PO-00212,2025-01-21,2025-01-30,2025-02-02,RECEIVED,SGD,1,system.auto,4,Golden Harvest Grocers,GOLDEN-004,SKU-00068,PrimeChoice Chicken Breast,Meat
1143,212,3,6,67,64,14.84,994.28,2.0,8.0,2025-01-21 11:00:00,PO-00212,2025-01-21,2025-01-30,2025-02-02,RECEIVED,SGD,1,system.auto,4,Golden Harvest Grocers,GOLDEN-004,SKU-00006,GoldenLoaf White Bread,Bakery
1144,212,4,106,49,45,3.76,184.24,2.0,8.0,2025-01-21 13:00:00,PO-00212,2025-01-21,2025-01-30,2025-02-02,RECEIVED,SGD,1,system.auto,4,Golden Harvest Grocers,GOLDEN-004,SKU-00106,ThirstQuench Green Tea,Beverages
1145,212,5,4,37,34,17.56,649.72,0.0,8.0,2025-01-21 16:00:00,PO-00212,2025-01-21,2025-01-30,2025-02-02,RECEIVED,SGD,1,system.auto,4,Golden Harvest Grocers,GOLDEN-004,SKU-00004,GoldenLoaf Croissant,Bakery
1146,212,6,45,252,251,1.15,289.8,0.0,8.0,2025-01-21 08:00:00,PO-00212,2025-01-21,2025-01-30,2025-02-02,RECEIVED,SGD,1,system.auto,4,Golden Harvest Grocers,GOLDEN-004,SKU-00045,HappySnacks Potato Chips,Snacks
1147,212,7,93,49,48,4.01,196.49,0.0,8.0,2025-01-21 11:00:00,PO-00212,2025-01-21,2025-01-30,2025-02-02,RECEIVED,SGD,1,system.auto,4,Golden Harvest Grocers,GOLDEN-004,SKU-00093,FrostyFoods Fish Fillets,Frozen
1148,212,8,37,106,96,25.52,2705.12,0.0,8.0,2025-01-21 11:00:00,PO-00212,2025-01-21,2025-01-30,2025-02-02,RECEIVED,SGD,1,system.auto,4,Golden Harvest Grocers,GOLDEN-004,SKU-00037,BlueOcean Salmon Fillet,Seafood
1149,213,1,101,72,66,13.94,1003.68,3.0,8.0,2025-01-27 11:00:00,PO-00213,2025-01-27,2025-02-06,2025-02-05,RECEIVED,SGD,1,system.auto,3,Pacific Beverages & Co.,PACIFI-003,SKU-00101,SparklePro Dishwashing Liquid,Household
1150,213,2,80,110,105,3.24,356.4,2.0,8.0,2025-01-27 12:00:00,PO-00213,2025-01-27,2025-02-06,2025-02-05,RECEIVED,SGD,1,system.auto,3,Pacific Beverages & Co.,PACIFI-003,SKU-00080,CrunchyBite Potato Chips,Snacks
1151,213,3,23,41,40,13.46,551.86,0.0,8.0,2025-01-27 17:00:00,PO-00213,2025-01-27,2025-02-06,2025-02-05,RECEIVED,SGD,1,system.auto,3,Pacific Beverages & Co.,PACIFI-003,SKU-00023,FrostyFoods Frozen Peas,Frozen
1152,213,4,86,46,43,2.72,125.12,5.0,8.0,2025-01-27 11:00:00,PO-00213,2025-01-27,2025-02-06,2025-02-05,RECEIVED,SGD,1,system.auto,3,Pacific Beverages & Co.,PACIFI-003,SKU-00086,HarmonyCare Toothpaste,Personal Care
1153,213,5,10,54,53,12.41,670.14,0.0,8.0,2025-01-27 14:00:00,PO-00213,2025-01-27,2025-02-06,2025-02-05,RECEIVED,SGD,1,system.auto,3,Pacific Beverages & Co.,PACIFI-003,SKU-00010,DailyBake Muffins,Bakery
1154,213,6,12,63,58,4.72,297.36,3.0,8.0,2025-01-27 17:00:00,PO-00213,2025-01-27,2025-02-06,2025-02-05,RECEIVED,SGD,1,system.auto,3,Pacific Beverages & Co.,PACIFI-003,SKU-00012,PureGlow Toothpaste,Personal Care
1155,214,1,95,123,120,3.64,447.72,2.0,8.0,2025-01-27 15:00:00,PO-00214,2025-01-27,2025-01-31,2025-02-01,SENT,SGD,1,procurement.mgr,6,Blue Ocean Seafood Traders,BLUEOC-006,SKU-00095,FarmHouse Yogurt,Dairy
1156,214,2,15,98,90,16.28,1595.44,2.0,8.0,2025-01-27 16:00:00,PO-00214,2025-01-27,2025-01-31,2025-02-01,SENT,SGD,1,procurement.mgr,6,Blue Ocean Seafood Traders,BLUEOC-006,SKU-00015,CleanHome Trash Bags,Household
1157,214,3,91,76,72,15.28,1161.28,0.0,8.0,2025-01-27 15:00:00,PO-00214,2025-01-27,2025-01-31,2025-02-01,SENT,SGD,1,procurement.mgr,6,Blue Ocean Seafood Traders,BLUEOC-006,SKU-00091,PrimeChoice Chicken Breast,Meat
1158,214,4,112,70,68,15.43,1080.1,0.0,8.0,2025-01-27 08:00:00,PO-00214,2025-01-27,2025-01-31,2025-02-01,SENT,SGD,1,procurement.mgr,6,Blue Ocean Seafood Traders,BLUEOC-006,SKU-00112,CleanHome Laundry Detergent,Household
1159,215,1,136,112,112,5.29,592.48,0.0,8.0,2025-01-28 09:00:00,PO-00215,2025-01-28,2025-02-11,2025-02-12,CLOSED,SGD,1,inventory.bot,8,CleanHome Household Products,CLEANH-008,SKU-00136,MeadowFresh Milk,Dairy
1160,215,2,146,148,147,8.16,1207.68,2.0,8.0,2025-01-28 12:00:00,PO-00215,2025-01-28,2025-02-11,2025-02-12,CLOSED,SGD,1,inventory.bot,8,CleanHome Household Products,CLEANH-008,SKU-00146,SnackTime Trail Mix,Snacks
1161,215,3,117,64,61,12.22,782.08,5.0,8.0,2025-01-28 13:00:00,PO-00215,2025-01-28,2025-02-11,2025-02-12,CLOSED,SGD,1,inventory.bot,8,CleanHome Household Products,CLEANH-008,SKU-00117,FrostyFoods Fish Fillets,Frozen
1162,215,4,121,109,99,5.0,545.0,2.0,8.0,2025-01-28 11:00:00,PO-00215,2025-01-28,2025-02-11,2025-02-12,CLOSED,SGD,1,inventory.bot,8,CleanHome Household Products,CLEANH-008,SKU-00121,GardenFresh Apples,Produce
1163,215,5,118,61,58,6.72,409.92,0.0,8.0,2025-01-28 08:00:00,PO-00215,2025-01-28,2025-02-11,2025-02-12,CLOSED,SGD,1,inventory.bot,8,CleanHome Household Products,CLEANH-008,SKU-00118,MeadowFresh Milk,Dairy
1164,215,6,127,100,96,12.52,1252.0,2.0,8.0,2025-01-28 10:00:00,PO-00215,2025-01-28,2025-02-11,2025-02-12,CLOSED,SGD,1,inventory.bot,8,CleanHome Household Products,CLEANH-008,SKU-00127,HarmonyCare Body Wash,Personal Care
1165,215,7,123,47,43,23.91,1123.77,5.0,8.0,2025-01-28 10:00:00,PO-00215,2025-01-28,2025-02-11,2025-02-12,CLOSED,SGD,1,inventory.bot,8,CleanHome Household Products,CLEANH-008,SKU-00123,PureGlow Hand Soap,Personal Care
1166,216,1,128,51,50,8.32,424.32,0.0,8.0,2025-01-28 16:00:00,PO-00216,2025-01-28,2025-02-06,2025-02-09,RECEIVED,SGD,1,procurement.mgr,8,CleanHome Household Products,CLEANH-008,SKU-00128,FarmHouse Milk,Dairy
1167,216,2,136,98,95,5.47,536.06,0.0,8.0,2025-01-28 14:00:00,PO-00216,2025-01-28,2025-02-06,2025-02-09,RECEIVED,SGD,1,procurement.mgr,8,CleanHome Household Products,CLEANH-008,SKU-00136,MeadowFresh Milk,Dairy
1168,216,3,118,126,124,6.6,831.6,0.0,8.0,2025-01-28 09:00:00,PO-00216,2025-01-28,2025-02-06,2025-02-09,RECEIVED,SGD,1,procurement.mgr,8,CleanHome Household Products,CLEANH-008,SKU-00118,MeadowFresh Milk,Dairy
1169,217,1,23,28,27,13.7,383.6,2.0,8.0,2025-02-04 12:00:00,PO-00217,2025-02-04,2025-02-07,2025-02-07,CLOSED,SGD,1,system.auto,3,Pacific Beverages & Co.,PACIFI-003,SKU-00023,FrostyFoods Frozen Peas,Frozen
1170,217,2,61,75,69,11.38,853.5,5.0,8.0,2025-02-04 10:00:00,PO-00217,2025-02-04,2025-02-07,2025-02-07,CLOSED,SGD,1,system.auto,3,Pacific Beverages & Co.,PACIFI-003,SKU-00061,FrostyFoods Frozen Pizza,Frozen
1171,217,3,34,102,97,8.38,854.76,0.0,8.0,2025-02-04 15:00:00,PO-00217,2025-02-04,2025-02-07,2025-02-07,CLOSED,SGD,1,system.auto,3,Pacific Beverages & Co.,PACIFI-003,SKU-00034,HappySnacks Potato Chips,Snacks
1172,217,4,81,185,182,18.87,3490.95,0.0,8.0,2025-02-04 10:00:00,PO-00217,2025-02-04,2025-02-07,2025-02-07,CLOSED,SGD,1,system.auto,3,Pacific Beverages & Co.,PACIFI-003,SKU-00081,ThirstQuench Cola,Beverages
1173,217,5,141,263,257,18.47,4857.61,2.0,8.0,2025-02-04 15:00:00,PO-00217,2025-02-04,2025-02-07,2025-02-07,CLOSED,SGD,1,system.auto,3,Pacific Beverages & Co.,PACIFI-003,SKU-00141,HappySnacks Potato Chips,Snacks
1174,218,1,12,89,82,4.74,421.86,0.0,8.0,2025-02-04 08:00:00,PO-00218,2025-02-04,2025-02-08,2025-02-09,RECEIVED,SGD,1,store.manager,3,Pacific Beverages & Co.,PACIFI-003,SKU-00012,PureGlow Toothpaste,Personal Care
1175,218,2,107,19,18,11.73,222.87,5.0,8.0,2025-02-04 17:00:00,PO-00218,2025-02-04,2025-02-08,2025-02-09,RECEIVED,SGD,1,store.manager,3,Pacific Beverages & Co.,PACIFI-003,SKU-00107,GardenFresh Lettuce,Produce
1176,218,3,23,25,23,13.84,346.0,0.0,8.0,2025-02-04 14:00:00,PO-00218,2025-02-04,2025-02-08,2025-02-09,RECEIVED,SGD,1,store.manager,3,Pacific Beverages & Co.,PACIFI-003,SKU-00023,FrostyFoods Frozen Peas,Frozen
1177,218,4,145,68,65,1.03,70.04,0.0,8.0,2025-02-04 15:00:00,PO-00218,2025-02-04,2025-02-08,2025-02-09,RECEIVED,SGD,1,store.manager,3,Pacific Beverages & Co.,PACIFI-003,SKU-00145,GreenFields Tomatoes,Produce
1178,218,5,61,80,78,11.64,931.2,0.0,8.0,2025-02-04 13:00:00,PO-00218,2025-02-04,2025-02-08,2025-02-09,RECEIVED,SGD,1,store.manager,3,Pacific Beverages & Co.,PACIFI-003,SKU-00061,FrostyFoods Frozen Pizza,Frozen
1179,218,6,103,63,63,16.56,1043.28,0.0,8.0,2025-02-04 14:00:00,PO-00218,2025-02-04,2025-02-08,2025-02-09,RECEIVED,SGD,1,store.manager,3,Pacific Beverages & Co.,PACIFI-003,SKU-00103,ArcticFresh Frozen Pizza,Frozen
1180,218,7,34,150,144,8.78,1317.0,0.0,8.0,2025-02-04 09:00:00,PO-00218,2025-02-04,2025-02-08,2025-02-09,RECEIVED,SGD,1,store.manager,3,Pacific Beverages & Co.,PACIFI-003,SKU-00034,HappySnacks Potato Chips,Snacks
1181,219,1,118,83,80,6.13,508.79,5.0,8.0,2025-02-11 13:00:00,PO-00219,2025-02-11,2025-02-17,2025-02-18,CLOSED,SGD,1,inventory.bot,8,CleanHome Household Products,CLEANH-008,SKU-00118,MeadowFresh Milk,Dairy
1182,219,2,136,32,31,5.74,183.68,5.0,8.0,2025-02-11 13:00:00,PO-00219,2025-02-11,2025-02-17,2025-02-18,CLOSED,SGD,1,inventory.bot,8,CleanHome Household Products,CLEANH-008,SKU-00136,MeadowFresh Milk,Dairy
1183,219,3,78,71,66,23.62,1677.02,5.0,8.0,2025-02-11 17:00:00,PO-00219,2025-02-11,2025-02-17,2025-02-18,CLOSED,SGD,1,inventory.bot,8,CleanHome Household Products,CLEANH-008,SKU-00078,ButcherSelect Chicken Breast,Meat
1184,219,4,1,40,37,5.84,233.6,2.0,8.0,2025-02-11 09:00:00,PO-00219,2025-02-11,2025-02-17,2025-02-18,CLOSED,SGD,1,inventory.bot,8,CleanHome Household Products,CLEANH-008,SKU-00001,SparklePro Laundry Detergent,Household
1185,219,5,127,64,59,12.44,796.16,0.0,8.0,2025-02-11 16:00:00,PO-00219,2025-02-11,2025-02-17,2025-02-18,CLOSED,SGD,1,inventory.bot,8,CleanHome Household Products,CLEANH-008,SKU-00127,HarmonyCare Body Wash,Personal Care
1186,219,6,18,146,140,5.18,756.28,3.0,8.0,2025-02-11 08:00:00,PO-00219,2025-02-11,2025-02-17,2025-02-18,CLOSED,SGD,1,inventory.bot,8,CleanHome Household Products,CLEANH-008,SKU-00018,MilkyWay Yogurt,Dairy
1187,219,7,99,47,45,14.58,685.26,5.0,8.0,2025-02-11 16:00:00,PO-00219,2025-02-11,2025-02-17,2025-02-18,CLOSED,SGD,1,inventory.bot,8,CleanHome Household Products,CLEANH-008,SKU-00099,FarmHouse Butter,Dairy
1188,219,8,117,79,72,12.16,960.64,0.0,8.0,2025-02-11 15:00:00,PO-00219,2025-02-11,2025-02-17,2025-02-18,CLOSED,SGD,1,inventory.bot,8,CleanHome Household Products,CLEANH-008,SKU-00117,FrostyFoods Fish Fillets,Frozen
1189,220,1,34,288,270,8.2,2361.6,5.0,8.0,2025-02-11 12:00:00,PO-00220,2025-02-11,2025-02-15,2025-02-17,RECEIVED,SGD,1,procurement.mgr,3,Pacific Beverages & Co.,PACIFI-003,SKU-00034,HappySnacks Potato Chips,Snacks
1190,220,2,145,74,70,1.02,75.48,0.0,8.0,2025-02-11 10:00:00,PO-00220,2025-02-11,2025-02-15,2025-02-17,RECEIVED,SGD,1,procurement.mgr,3,Pacific Beverages & Co.,PACIFI-003,SKU-00145,GreenFields Tomatoes,Produce
1191,220,3,23,88,85,13.8,1214.4,5.0,8.0,2025-02-11 13:00:00,PO-00220,2025-02-11,2025-02-15,2025-02-17,RECEIVED,SGD,1,procurement.mgr,3,Pacific Beverages & Co.,PACIFI-003,SKU-00023,FrostyFoods Frozen Peas,Frozen
1192,220,4,12,43,43,4.88,209.84,3.0,8.0,2025-02-11 09:00:00,PO-00220,2025-02-11,2025-02-15,2025-02-17,RECEIVED,SGD,1,procurement.mgr,3,Pacific Beverages & Co.,PACIFI-003,SKU-00012,PureGlow Toothpaste,Personal Care
1193,221,1,141,80,73,19.39,1551.2,0.0,8.0,2025-02-11 09:00:00,PO-00221,2025-02-11,2025-02-17,2025-02-18,RECEIVED,SGD,1,store.manager,3,Pacific Beverages & Co.,PACIFI-003,SKU-00141,HappySnacks Potato Chips,Snacks
1194,221,2,145,65,61,1.01,65.65,2.0,8.0,2025-02-11 17:00:00,PO-00221,2025-02-11,2025-02-17,2025-02-18,RECEIVED,SGD,1,store.manager,3,Pacific Beverages & Co.,PACIFI-003,SKU-00145,GreenFields Tomatoes,Produce
1195,221,3,81,40,37,19.66,786.4,0.0,8.0,2025-02-11 14:00:00,PO-00221,2025-02-11,2025-02-17,2025-02-18,RECEIVED,SGD,1,store.manager,3,Pacific Beverages & Co.,PACIFI-003,SKU-00081,ThirstQuench Cola,Beverages
1196,221,4,101,128,119,14.22,1820.16,5.0,8.0,2025-02-11 10:00:00,PO-00221,2025-02-11,2025-02-17,2025-02-18,RECEIVED,SGD,1,store.manager,3,Pacific Beverages & Co.,PACIFI-003,SKU-00101,SparklePro Dishwashing Liquid,Household
1197,221,5,107,60,58,11.32,679.2,0.0,8.0,2025-02-11 14:00:00,PO-00221,2025-02-11,2025-02-17,2025-02-18,RECEIVED,SGD,1,store.manager,3,Pacific Beverages & Co.,PACIFI-003,SKU-00107,GardenFresh Lettuce,Produce
1198,221,6,34,53,51,8.35,442.55,0.0,8.0,2025-02-11 12:00:00,PO-00221,2025-02-11,2025-02-17,2025-02-18,RECEIVED,SGD,1,store.manager,3,Pacific Beverages & Co.,PACIFI-003,SKU-00034,HappySnacks Potato Chips,Snacks
1199,222,1,143,79,74,9.7,766.3,0.0,8.0,2025-02-11 12:00:00,PO-00222,2025-02-11,2025-02-24,2025-02-23,SENT,SGD,1,store.manager,7,Prime Choice Meats,PRIMEC-007,SKU-00143,PureGlow Toothpaste,Personal Care
1200,222,2,21,55,54,28.06,1543.3,5.0,8.0,2025-02-11 11:00:00,PO-00222,2025-02-11,2025-02-24,2025-02-23,SENT,SGD,1,store.manager,7,Prime Choice Meats,PRIMEC-007,SKU-00021,SeaHarvest Prawns,Seafood
1201,222,3,53,166,151,8.85,1469.1,2.0,8.0,2025-02-11 08:00:00,PO-00222,2025-02-11,2025-02-24,2025-02-23,SENT,SGD,1,store.manager,7,Prime Choice Meats,PRIMEC-007,SKU-00053,CitrusBurst Orange Juice,Beverages
1202,222,4,44,263,241,11.48,3019.24,5.0,8.0,2025-02-11 11:00:00,PO-00222,2025-02-11,2025-02-24,2025-02-23,SENT,SGD,1,store.manager,7,Prime Choice Meats,PRIMEC-007,SKU-00044,CrunchyBite Potato Chips,Snacks
1203,222,5,102,140,130,2.13,298.2,0.0,8.0,2025-02-11 08:00:00,PO-00222,2025-02-11,2025-02-24,2025-02-23,SENT,SGD,1,store.manager,7,Prime Choice Meats,PRIMEC-007,SKU-00102,MeadowFresh Cheese,Dairy
1204,222,6,76,37,35,25.04,926.48,5.0,8.0,2025-02-11 14:00:00,PO-00222,2025-02-11,2025-02-24,2025-02-23,SENT,SGD,1,store.manager,7,Prime Choice Meats,PRIMEC-007,SKU-00076,PrimeChoice Sausages,Meat
1205,223,1,43,54,54,33.7,1819.8,3.0,8.0,2025-02-17 14:00:00,PO-00223,2025-02-17,2025-02-26,2025-02-28,RECEIVED,SGD,1,store.manager,2,Evergreen Produce Importers,EVERGR-002,SKU-00043,SeaHarvest Salmon Fillet,Seafood
1206,223,2,7,64,58,19.32,1236.48,3.0,8.0,2025-02-17 08:00:00,PO-00223,2025-02-17,2025-02-26,2025-02-28,RECEIVED,SGD,1,store.manager,2,Evergreen Produce Importers,EVERGR-002,SKU-00007,CitrusBurst Orange Juice,Beverages
1207,223,3,98,140,139,19.44,2721.6,5.0,8.0,2025-02-17 10:00:00,PO-00223,2025-02-17,2025-02-26,2025-02-28,RECEIVED,SGD,1,store.manager,2,Evergreen Produce Importers,EVERGR-002,SKU-00098,MeadowFresh Yogurt,Dairy
1208,223,4,75,93,85,11.62,1080.66,0.0,8.0,2025-02-17 10:00:00,PO-00223,2025-02-17,2025-02-26,2025-02-28,RECEIVED,SGD,1,store.manager,2,Evergreen Produce Importers,EVERGR-002,SKU-00075,FrostyFoods Frozen Pizza,Frozen
1209,223,5,50,32,29,2.22,71.04,5.0,8.0,2025-02-17 08:00:00,PO-00223,2025-02-17,2025-02-26,2025-02-28,RECEIVED,SGD,1,store.manager,2,Evergreen Produce Importers,EVERGR-002,SKU-00050,GardenFresh Lettuce,Produce
1210,223,6,119,66,64,2.8,184.8,5.0,8.0,2025-02-17 10:00:00,PO-00223,2025-02-17,2025-02-26,2025-02-28,RECEIVED,SGD,1,store.manager,2,Evergreen Produce Importers,EVERGR-002,SKU-00119,FrostyFoods Frozen Peas,Frozen
1211,223,7,59,63,63,5.33,335.79,0.0,8.0,2025-02-17 08:00:00,PO-00223,2025-02-17,2025-02-26,2025-02-28,RECEIVED,SGD,1,store.manager,2,Evergreen Produce Importers,EVERGR-002,SKU-00059,PureGlow Shampoo,Personal Care
1212,223,8,144,43,40,19.76,849.68,0.0,8.0,2025-02-17 09:00:00,PO-00223,2025-02-17,2025-02-26,2025-02-28,RECEIVED,SGD,1,store.manager,2,Evergreen Produce Importers,EVERGR-002,SKU-00144,MeadowFresh Yogurt,Dairy
1213,224,1,69,42,41,2.36,99.12,5.0,8.0,2025-02-18 09:00:00,PO-00224,2025-02-18,2025-02-24,2025-02-26,CLOSED,SGD,1,store.manager,5,Sunrise Dairy Supplies,SUNRIS-005,SKU-00069,FrostyFoods Frozen Pizza,Frozen
1214,224,2,113,59,56,8.7,513.3,2.0,8.0,2025-02-18 12:00:00,PO-00224,2025-02-18,2025-02-24,2025-02-26,CLOSED,SGD,1,store.manager,5,Sunrise Dairy Supplies,SUNRIS-005,SKU-00113,SeaHarvest Salmon Fillet,Seafood
1215,224,3,72,100,97,18.09,1809.0,0.0,8.0,2025-02-18 09:00:00,PO-00224,2025-02-18,2025-02-24,2025-02-26,CLOSED,SGD,1,store.manager,5,Sunrise Dairy Supplies,SUNRIS-005,SKU-00072,FrostyFoods Frozen Peas,Frozen
1216,224,4,40,41,37,1.82,74.62,3.0,8.0,2025-02-18 11:00:00,PO-00224,2025-02-18,2025-02-24,2025-02-26,CLOSED,SGD,1,store.manager,5,Sunrise Dairy Supplies,SUNRIS-005,SKU-00040,MeadowFresh Butter,Dairy
1217,224,5,122,17,16,17.84,303.28,2.0,8.0,2025-02-18 12:00:00,PO-00224,2025-02-18,2025-02-24,2025-02-26,CLOSED,SGD,1,store.manager,5,Sunrise Dairy Supplies,SUNRIS-005,SKU-00122,PureGlow Shampoo,Personal Care
1218,224,6,46,64,63,18.41,1178.24,2.0,8.0,2025-02-18 14:00:00,PO-00224,2025-02-18,2025-02-24,2025-02-26,CLOSED,SGD,1,store.manager,5,Sunrise Dairy Supplies,SUNRIS-005,SKU-00046,ThirstQuench Apple Juice,Beverages
1219,224,7,26,69,66,4.24,292.56,0.0,8.0,2025-02-18 16:00:00,PO-00224,2025-02-18,2025-02-24,2025-02-26,CLOSED,SGD,1,store.manager,5,Sunrise Dairy Supplies,SUNRIS-005,SKU-00026,FarmHouse Milk,Dairy
1220,224,8,105,43,40,7.52,323.36,2.0,8.0,2025-02-18 16:00:00,PO-00224,2025-02-18,2025-02-24,2025-02-26,CLOSED,SGD,1,store.manager,5,Sunrise Dairy Supplies,SUNRIS-005,SKU-00105,FrostyFoods Ice Cream,Frozen
1221,225,1,140,38,37,20.85,792.3,0.0,8.0,2025-02-18 17:00:00,PO-00225,2025-02-18,2025-02-23,2025-02-26,RECEIVED,SGD,1,system.auto,10,Harmony Personal Care,HARMON-010,SKU-00140,BlueOcean Squid Rings,Seafood
1222,225,2,16,92,89,6.63,609.96,0.0,8.0,2025-02-18 08:00:00,PO-00225,2025-02-18,2025-02-23,2025-02-26,RECEIVED,SGD,1,system.auto,10,Harmony Personal Care,HARMON-010,SKU-00016,CitrusBurst Apple Juice,Beverages
1223,225,3,110,25,25,10.62,265.5,0.0,8.0,2025-02-18 16:00:00,PO-00225,2025-02-18,2025-02-23,2025-02-26,RECEIVED,SGD,1,system.auto,10,Harmony Personal Care,HARMON-010,SKU-00110,HarmonyCare Hand Soap,Personal Care
1224,225,4,120,41,39,11.4,467.4,0.0,8.0,2025-02-18 11:00:00,PO-00225,2025-02-18,2025-02-23,2025-02-26,RECEIVED,SGD,1,system.auto,10,Harmony Personal Care,HARMON-010,SKU-00120,GoldenLoaf Wholemeal Bread,Bakery
1225,225,5,132,69,62,20.07,1384.83,0.0,8.0,2025-02-18 16:00:00,PO-00225,2025-02-18,2025-02-23,2025-02-26,RECEIVED,SGD,1,system.auto,10,Harmony Personal Care,HARMON-010,SKU-00132,FarmHouse Milk,Dairy
1226,225,6,85,71,65,14.21,1008.91,0.0,8.0,2025-02-18 16:00:00,PO-00225,2025-02-18,2025-02-23,2025-02-26,RECEIVED,SGD,1,system.auto,10,Harmony Personal Care,HARMON-010,SKU-00085,PureGlow Body Wash,Personal Care
1227,225,7,82,290,290,2.46,713.4,3.0,8.0,2025-02-18 16:00:00,PO-00225,2025-02-18,2025-02-23,2025-02-26,RECEIVED,SGD,1,system.auto,10,Harmony Personal Care,HARMON-010,SKU-00082,CrunchyBite Trail Mix,Snacks
1228,226,1,11,75,72,8.95,671.25,5.0,8.0,2025-02-25 17:00:00,PO-00226,2025-02-25,2025-03-03,2025-03-03,RECEIVED,SGD,1,procurement.mgr,2,Evergreen Produce Importers,EVERGR-002,SKU-00011,CleanHome Paper Towels,Household
1229,226,2,59,69,63,5.24,361.56,2.0,8.0,2025-02-25 10:00:00,PO-00226,2025-02-25,2025-03-03,2025-03-03,RECEIVED,SGD,1,procurement.mgr,2,Evergreen Produce Importers,EVERGR-002,SKU-00059,PureGlow Shampoo,Personal Care
1230,226,3,144,82,78,20.69,1696.58,5.0,8.0,2025-02-25 14:00:00,PO-00226,2025-02-25,2025-03-03,2025-03-03,RECEIVED,SGD,1,procurement.mgr,2,Evergreen Produce Importers,EVERGR-002,SKU-00144,MeadowFresh Yogurt,Dairy
1231,227,1,105,39,36,7.58,295.62,2.0,8.0,2025-02-25 08:00:00,PO-00227,2025-02-25,2025-03-10,2025-03-10,RECEIVED,SGD,1,procurement.mgr,5,Sunrise Dairy Supplies,SUNRIS-005,SKU-00105,FrostyFoods Ice Cream,Frozen
1232,227,2,46,194,179,18.58,3604.52,3.0,8.0,2025-02-25 09:00:00,PO-00227,2025-02-25,2025-03-10,2025-03-10,RECEIVED,SGD,1,procurement.mgr,5,Sunrise Dairy Supplies,SUNRIS-005,SKU-00046,ThirstQuench Apple Juice,Beverages
1233,227,3,33,90,85,11.22,1009.8,0.0,8.0,2025-02-25 13:00:00,PO-00227,2025-02-25,2025-03-10,2025-03-10,RECEIVED,SGD,1,procurement.mgr,5,Sunrise Dairy Supplies,SUNRIS-005,SKU-00033,GoldenLoaf White Bread,Bakery
1234,227,4,64,31,30,31.42,974.02,0.0,8.0,2025-02-25 12:00:00,PO-00227,2025-02-25,2025-03-10,2025-03-10,RECEIVED,SGD,1,procurement.mgr,5,Sunrise Dairy Supplies,SUNRIS-005,SKU-00064,SeaHarvest Salmon Fillet,Seafood
1235,228,1,96,98,94,1.99,195.02,3.0,8.0,2025-02-25 12:00:00,PO-00228,2025-02-25,2025-03-11,2025-03-12,SENT,SGD,1,inventory.bot,8,CleanHome Household Products,CLEANH-008,SKU-00096,FarmHouse Yogurt,Dairy
1236,228,2,118,101,93,6.3,636.3,0.0,8.0,2025-02-25 08:00:00,PO-00228,2025-02-25,2025-03-11,2025-03-12,SENT,SGD,1,inventory.bot,8,CleanHome Household Products,CLEANH-008,SKU-00118,MeadowFresh Milk,Dairy
1237,228,3,18,53,51,4.91,260.23,2.0,8.0,2025-02-25 10:00:00,PO-00228,2025-02-25,2025-03-11,2025-03-12,SENT,SGD,1,inventory.bot,8,CleanHome Household Products,CLEANH-008,SKU-00018,MilkyWay Yogurt,Dairy
1238,228,4,136,75,73,5.7,427.5,5.0,8.0,2025-02-25 16:00:00,PO-00228,2025-02-25,2025-03-11,2025-03-12,SENT,SGD,1,inventory.bot,8,CleanHome Household Products,CLEANH-008,SKU-00136,MeadowFresh Milk,Dairy
1239,228,5,78,66,64,23.61,1558.26,0.0,8.0,2025-02-25 12:00:00,PO-00228,2025-02-25,2025-03-11,2025-03-12,SENT,SGD,1,inventory.bot,8,CleanHome Household Products,CLEANH-008,SKU-00078,ButcherSelect Chicken Breast,Meat
1240,228,6,123,16,16,24.16,386.56,5.0,8.0,2025-02-25 10:00:00,PO-00228,2025-02-25,2025-03-11,2025-03-12,SENT,SGD,1,inventory.bot,8,CleanHome Household Products,CLEANH-008,SKU-00123,PureGlow Hand Soap,Personal Care
1241,229,1,81,86,81,19.2,1651.2,2.0,8.0,2025-03-03 16:00:00,PO-00229,2025-03-03,2025-03-17,2025-03-18,RECEIVED,SGD,1,inventory.bot,3,Pacific Beverages & Co.,PACIFI-003,SKU-00081,ThirstQuench Cola,Beverages
1242,229,2,103,56,52,15.93,892.08,5.0,8.0,2025-03-03 11:00:00,PO-00229,2025-03-03,2025-03-17,2025-03-18,RECEIVED,SGD,1,inventory.bot,3,Pacific Beverages & Co.,PACIFI-003,SKU-00103,ArcticFresh Frozen Pizza,Frozen
1243,229,3,61,59,57,11.04,651.36,0.0,8.0,2025-03-03 14:00:00,PO-00229,2025-03-03,2025-03-17,2025-03-18,RECEIVED,SGD,1,inventory.bot,3,Pacific Beverages & Co.,PACIFI-003,SKU-00061,FrostyFoods Frozen Pizza,Frozen
1244,229,4,10,60,59,12.6,756.0,0.0,8.0,2025-03-03 11:00:00,PO-00229,2025-03-03,2025-03-17,2025-03-18,RECEIVED,SGD,1,inventory.bot,3,Pacific Beverages & Co.,PACIFI-003,SKU-00010,DailyBake Muffins,Bakery
1245,230,1,113,56,51,8.43,472.08,5.0,8.0,2025-03-03 16:00:00,PO-00230,2025-03-03,2025-03-14,2025-03-16,RECEIVED,SGD,1,inventory.bot,5,Sunrise Dairy Supplies,SUNRIS-005,SKU-00113,SeaHarvest Salmon Fillet,Seafood
1246,230,2,26,123,112,4.21,517.83,0.0,8.0,2025-03-03 08:00:00,PO-00230,2025-03-03,2025-03-14,2025-03-16,RECEIVED,SGD,1,inventory.bot,5,Sunrise Dairy Supplies,SUNRIS-005,SKU-00026,FarmHouse Milk,Dairy
1247,230,3,33,74,72,11.69,865.06,0.0,8.0,2025-03-03 16:00:00,PO-00230,2025-03-03,2025-03-14,2025-03-16,RECEIVED,SGD,1,inventory.bot,5,Sunrise Dairy Supplies,SUNRIS-005,SKU-00033,GoldenLoaf White Bread,Bakery
1248,230,4,64,53,51,32.92,1744.76,0.0,8.0,2025-03-03 16:00:00,PO-00230,2025-03-03,2025-03-14,2025-03-16,RECEIVED,SGD,1,inventory.bot,5,Sunrise Dairy Supplies,SUNRIS-005,SKU-00064,SeaHarvest Salmon Fillet,Seafood
1249,231,1,33,41,38,10.97,449.77,5.0,8.0,2025-03-04 11:00:00,PO-00231,2025-03-04,2025-03-12,2025-03-11,CLOSED,SGD,1,inventory.bot,5,Sunrise Dairy Supplies,SUNRIS-005,SKU-00033,GoldenLoaf White Bread,Bakery
1250,231,2,69,89,88,2.48,220.72,0.0,8.0,2025-03-04 12:00:00,PO-00231,2025-03-04,2025-03-12,2025-03-11,CLOSED,SGD,1,inventory.bot,5,Sunrise Dairy Supplies,SUNRIS-005,SKU-00069,FrostyFoods Frozen Pizza,Frozen
1251,231,3,40,94,87,1.74,163.56,5.0,8.0,2025-03-04 17:00:00,PO-00231,2025-03-04,2025-03-12,2025-03-11,CLOSED,SGD,1,inventory.bot,5,Sunrise Dairy Supplies,SUNRIS-005,SKU-00040,MeadowFresh Butter,Dairy
1252,231,4,105,70,65,7.23,506.1,5.0,8.0,2025-03-04 16:00:00,PO-00231,2025-03-04,2025-03-12,2025-03-11,CLOSED,SGD,1,inventory.bot,5,Sunrise Dairy Supplies,SUNRIS-005,SKU-00105,FrostyFoods Ice Cream,Frozen
1253,232,1,140,29,27,20.6,597.4,5.0,8.0,2025-03-04 10:00:00,PO-00232,2025-03-04,2025-03-07,2025-03-08,RECEIVED,SGD,1,inventory.bot,10,Harmony Personal Care,HARMON-010,SKU-00140,BlueOcean Squid Rings,Seafood
1254,232,2,110,66,62,10.19,672.54,2.0,8.0,2025-03-04 11:00:00,PO-00232,2025-03-04,2025-03-07,2025-03-08,RECEIVED,SGD,1,inventory.bot,10,Harmony Personal Care,HARMON-010,SKU-00110,HarmonyCare Hand Soap,Personal Care
1255,232,3,85,25,24,14.79,369.75,2.0,8.0,2025-03-04 09:00:00,PO-00232,2025-03-04,2025-03-07,2025-03-08,RECEIVED,SGD,1,inventory.bot,10,Harmony Personal Care,HARMON-010,SKU-00085,PureGlow Body Wash,Personal Care
1256,233,1,40,78,74,1.73,134.94,0.0,8.0,2025-03-11 09:00:00,PO-00233,2025-03-11,2025-03-17,2025-03-19,CLOSED,SGD,1,store.manager,5,Sunrise Dairy Supplies,SUNRIS-005,SKU-00040,MeadowFresh Butter,Dairy
1257,233,2,122,71,69,16.91,1200.61,0.0,8.0,2025-03-11 13:00:00,PO-00233,2025-03-11,2025-03-17,2025-03-19,CLOSED,SGD,1,store.manager,5,Sunrise Dairy Supplies,SUNRIS-005,SKU-00122,PureGlow Shampoo,Personal Care
1258,233,3,64,57,54,32.11,1830.27,5.0,8.0,2025-03-11 11:00:00,PO-00233,2025-03-11,2025-03-17,2025-03-19,CLOSED,SGD,1,store.manager,5,Sunrise Dairy Supplies,SUNRIS-005,SKU-00064,SeaHarvest Salmon Fillet,Seafood
1259,234,1,1,50,47,5.62,281.0,5.0,8.0,2025-03-11 10:00:00,PO-00234,2025-03-11,2025-03-14,2025-03-14,RECEIVED,SGD,1,inventory.bot,8,CleanHome Household Products,CLEANH-008,SKU-00001,SparklePro Laundry Detergent,Household
1260,234,2,78,56,55,24.32,1361.92,2.0,8.0,2025-03-11 16:00:00,PO-00234,2025-03-11,2025-03-14,2025-03-14,RECEIVED,SGD,1,inventory.bot,8,CleanHome Household Products,CLEANH-008,SKU-00078,ButcherSelect Chicken Breast,Meat
1261,234,3,118,126,125,6.67,840.42,2.0,8.0,2025-03-11 10:00:00,PO-00234,2025-03-11,2025-03-14,2025-03-14,RECEIVED,SGD,1,inventory.bot,8,CleanHome Household Products,CLEANH-008,SKU-00118,MeadowFresh Milk,Dairy
1262,234,4,136,45,45,5.69,256.05,0.0,8.0,2025-03-11 10:00:00,PO-00234,2025-03-11,2025-03-14,2025-03-14,RECEIVED,SGD,1,inventory.bot,8,CleanHome Household Products,CLEANH-008,SKU-00136,MeadowFresh Milk,Dairy
1263,234,5,117,64,61,12.56,803.84,0.0,8.0,2025-03-11 08:00:00,PO-00234,2025-03-11,2025-03-14,2025-03-14,RECEIVED,SGD,1,inventory.bot,8,CleanHome Household Products,CLEANH-008,SKU-00117,FrostyFoods Fish Fillets,Frozen
1264,235,1,81,103,99,19.93,2052.79,0.0,8.0,2025-03-17 11:00:00,PO-00235,2025-03-17,2025-03-24,2025-03-25,CLOSED,SGD,1,system.auto,3,Pacific Beverages & Co.,PACIFI-003,SKU-00081,ThirstQuench Cola,Beverages
1265,235,2,103,55,54,16.63,914.65,5.0,8.0,2025-03-17 11:00:00,PO-00235,2025-03-17,2025-03-24,2025-03-25,CLOSED,SGD,1,system.auto,3,Pacific Beverages & Co.,PACIFI-003,SKU-00103,ArcticFresh Frozen Pizza,Frozen
1266,235,3,10,74,68,12.69,939.06,0.0,8.0,2025-03-17 16:00:00,PO-00235,2025-03-17,2025-03-24,2025-03-25,CLOSED,SGD,1,system.auto,3,Pacific Beverages & Co.,PACIFI-003,SKU-00010,DailyBake Muffins,Bakery
1267,235,4,145,69,63,1.03,71.07,3.0,8.0,2025-03-17 10:00:00,PO-00235,2025-03-17,2025-03-24,2025-03-25,CLOSED,SGD,1,system.auto,3,Pacific Beverages & Co.,PACIFI-003,SKU-00145,GreenFields Tomatoes,Produce
1268,235,5,86,44,40,2.67,117.48,0.0,8.0,2025-03-17 11:00:00,PO-00235,2025-03-17,2025-03-24,2025-03-25,CLOSED,SGD,1,system.auto,3,Pacific Beverages & Co.,PACIFI-003,SKU-00086,HarmonyCare Toothpaste,Personal Care
1269,236,1,26,75,71,4.23,317.25,2.0,8.0,2025-03-17 08:00:00,PO-00236,2025-03-17,2025-03-26,2025-03-29,RECEIVED,SGD,1,procurement.mgr,5,Sunrise Dairy Supplies,SUNRIS-005,SKU-00026,FarmHouse Milk,Dairy
1270,236,2,113,29,26,8.31,240.99,0.0,8.0,2025-03-17 14:00:00,PO-00236,2025-03-17,2025-03-26,2025-03-29,RECEIVED,SGD,1,procurement.mgr,5,Sunrise Dairy Supplies,SUNRIS-005,SKU-00113,SeaHarvest Salmon Fillet,Seafood
1271,236,3,46,103,96,18.16,1870.48,0.0,8.0,2025-03-17 08:00:00,PO-00236,2025-03-17,2025-03-26,2025-03-29,RECEIVED,SGD,1,procurement.mgr,5,Sunrise Dairy Supplies,SUNRIS-005,SKU-00046,ThirstQuench Apple Juice,Beverages
1272,236,4,33,26,25,11.21,291.46,0.0,8.0,2025-03-17 15:00:00,PO-00236,2025-03-17,2025-03-26,2025-03-29,RECEIVED,SGD,1,procurement.mgr,5,Sunrise Dairy Supplies,SUNRIS-005,SKU-00033,GoldenLoaf White Bread,Bakery
1273,236,5,133,55,54,8.82,485.1,0.0,8.0,2025-03-17 12:00:00,PO-00236,2025-03-17,2025-03-26,2025-03-29,RECEIVED,SGD,1,procurement.mgr,5,Sunrise Dairy Supplies,SUNRIS-005,SKU-00133,GoldenLoaf White Bread,Bakery
1274,236,6,72,82,77,17.97,1473.54,0.0,8.0,2025-03-17 08:00:00,PO-00236,2025-03-17,2025-03-26,2025-03-29,RECEIVED,SGD,1,procurement.mgr,5,Sunrise Dairy Supplies,SUNRIS-005,SKU-00072,FrostyFoods Frozen Peas,Frozen
1275,237,1,89,23,21,15.48,356.04,0.0,8.0,2025-03-18 08:00:00,PO-00237,2025-03-18,2025-03-24,2025-03-25,RECEIVED,SGD,1,inventory.bot,6,Blue Ocean Seafood Traders,BLUEOC-006,SKU-00089,GardenFresh Tomatoes,Produce
1276,237,2,139,108,108,10.59,1143.72,0.0,8.0,2025-03-18 11:00:00,PO-00237,2025-03-18,2025-03-24,2025-03-25,RECEIVED,SGD,1,inventory.bot,6,Blue Ocean Seafood Traders,BLUEOC-006,SKU-00139,MilkyWay Milk,Dairy
1277,237,3,126,154,153,16.59,2554.86,3.0,8.0,2025-03-18 17:00:00,PO-00237,2025-03-18,2025-03-24,2025-03-25,RECEIVED,SGD,1,inventory.bot,6,Blue Ocean Seafood Traders,BLUEOC-006,SKU-00126,ThirstQuench Orange Juice,Beverages
1278,237,4,112,107,100,15.94,1705.58,0.0,8.0,2025-03-18 16:00:00,PO-00237,2025-03-18,2025-03-24,2025-03-25,RECEIVED,SGD,1,inventory.bot,6,Blue Ocean Seafood Traders,BLUEOC-006,SKU-00112,CleanHome Laundry Detergent,Household
1279,238,1,35,72,65,14.1,1015.2,0.0,8.0,2025-03-24 14:00:00,PO-00238,2025-03-24,2025-04-04,2025-04-05,SENT,SGD,1,store.manager,6,Blue Ocean Seafood Traders,BLUEOC-006,SKU-00035,PureGlow Hand Soap,Personal Care
1280,238,2,36,39,38,16.31,636.09,3.0,8.0,2025-03-24 16:00:00,PO-00238,2025-03-24,2025-04-04,2025-04-05,SENT,SGD,1,store.manager,6,Blue Ocean Seafood Traders,BLUEOC-006,SKU-00036,MeadowFresh Cheese,Dairy
1281,238,3,91,17,17,15.43,262.31,0.0,8.0,2025-03-24 10:00:00,PO-00238,2025-03-24,2025-04-04,2025-04-05,SENT,SGD,1,store.manager,6,Blue Ocean Seafood Traders,BLUEOC-006,SKU-00091,PrimeChoice Chicken Breast,Meat
1282,239,1,11,119,112,8.94,1063.86,0.0,8.0,2025-03-24 08:00:00,PO-00239,2025-03-24,2025-03-28,2025-03-28,CLOSED,SGD,1,inventory.bot,2,Evergreen Produce Importers,EVERGR-002,SKU-00011,CleanHome Paper Towels,Household
1283,239,2,50,28,27,2.19,61.32,0.0,8.0,2025-03-24 16:00:00,PO-00239,2025-03-24,2025-03-28,2025-03-28,CLOSED,SGD,1,inventory.bot,2,Evergreen Produce Importers,EVERGR-002,SKU-00050,GardenFresh Lettuce,Produce
1284,239,3,98,91,86,20.27,1844.57,0.0,8.0,2025-03-24 12:00:00,PO-00239,2025-03-24,2025-03-28,2025-03-28,CLOSED,SGD,1,inventory.bot,2,Evergreen Produce Importers,EVERGR-002,SKU-00098,MeadowFresh Yogurt,Dairy
1285,239,4,119,48,45,2.72,130.56,0.0,8.0,2025-03-24 10:00:00,PO-00239,2025-03-24,2025-03-28,2025-03-28,CLOSED,SGD,1,inventory.bot,2,Evergreen Produce Importers,EVERGR-002,SKU-00119,FrostyFoods Frozen Peas,Frozen
1286,239,5,75,48,43,11.1,532.8,0.0,8.0,2025-03-24 10:00:00,PO-00239,2025-03-24,2025-03-28,2025-03-28,CLOSED,SGD,1,inventory.bot,2,Evergreen Produce Importers,EVERGR-002,SKU-00075,FrostyFoods Frozen Pizza,Frozen
1287,239,6,62,91,90,3.21,292.11,0.0,8.0,2025-03-24 11:00:00,PO-00239,2025-03-24,2025-03-28,2025-03-28,CLOSED,SGD,1,inventory.bot,2,Evergreen Produce Importers,EVERGR-002,SKU-00062,SparklePro Trash Bags,Household
1288,239,7,114,46,44,17.51,805.46,0.0,8.0,2025-03-24 17:00:00,PO-00239,2025-03-24,2025-03-28,2025-03-28,CLOSED,SGD,1,inventory.bot,2,Evergreen Produce Importers,EVERGR-002,SKU-00114,FrostyFoods Frozen Pizza,Frozen
1289,240,1,33,100,98,11.78,1178.0,0.0,8.0,2025-03-24 12:00:00,PO-00240,2025-03-24,2025-04-02,2025-04-05,RECEIVED,SGD,1,store.manager,5,Sunrise Dairy Supplies,SUNRIS-005,SKU-00033,GoldenLoaf White Bread,Bakery
1290,240,2,125,29,27,5.5,159.5,5.0,8.0,2025-03-24 17:00:00,PO-00240,2025-03-24,2025-04-02,2025-04-05,RECEIVED,SGD,1,store.manager,5,Sunrise Dairy Supplies,SUNRIS-005,SKU-00125,GreenFields Apples,Produce
1291,240,3,105,33,32,7.51,247.83,5.0,8.0,2025-03-24 12:00:00,PO-00240,2025-03-24,2025-04-02,2025-04-05,RECEIVED,SGD,1,store.manager,5,Sunrise Dairy Supplies,SUNRIS-005,SKU-00105,FrostyFoods Ice Cream,Frozen
1292,240,4,64,50,48,32.74,1637.0,2.0,8.0,2025-03-24 11:00:00,PO-00240,2025-03-24,2025-04-02,2025-04-05,RECEIVED,SGD,1,store.manager,5,Sunrise Dairy Supplies,SUNRIS-005,SKU-00064,SeaHarvest Salmon Fillet,Seafood
1293,240,5,40,73,68,1.8,131.4,2.0,8.0,2025-03-24 10:00:00,PO-00240,2025-03-24,2025-04-02,2025-04-05,RECEIVED,SGD,1,store.manager,5,Sunrise Dairy Supplies,SUNRIS-005,SKU-00040,MeadowFresh Butter,Dairy
1294,241,1,115,82,82,1.4,114.8,0.0,8.0,2025-03-25 08:00:00,PO-00241,2025-03-25,2025-04-04,2025-04-04,RECEIVED,SGD,1,procurement.mgr,9,Fresh & Crisp Snacks,FRESHC-009,SKU-00115,GoldenLoaf Muffins,Bakery
1295,241,2,63,99,91,3.78,374.22,2.0,8.0,2025-03-25 17:00:00,PO-00241,2025-03-25,2025-04-04,2025-04-04,RECEIVED,SGD,1,procurement.mgr,9,Fresh & Crisp Snacks,FRESHC-009,SKU-00063,CleanHome Trash Bags,Household
1296,241,3,58,31,28,12.13,376.03,0.0,8.0,2025-03-25 15:00:00,PO-00241,2025-03-25,2025-04-04,2025-04-04,RECEIVED,SGD,1,procurement.mgr,9,Fresh & Crisp Snacks,FRESHC-009,SKU-00058,GardenFresh Tomatoes,Produce
1297,241,4,24,143,130,8.25,1179.75,5.0,8.0,2025-03-25 08:00:00,PO-00241,2025-03-25,2025-04-04,2025-04-04,RECEIVED,SGD,1,procurement.mgr,9,Fresh & Crisp Snacks,FRESHC-009,SKU-00024,CoolSip Green Tea,Beverages
1298,241,5,65,27,25,13.17,355.59,0.0,8.0,2025-03-25 08:00:00,PO-00241,2025-03-25,2025-04-04,2025-04-04,RECEIVED,SGD,1,procurement.mgr,9,Fresh & Crisp Snacks,FRESHC-009,SKU-00065,ButcherSelect Pork Chops,Meat
1299,241,6,17,31,29,9.53,295.43,0.0,8.0,2025-03-25 17:00:00,PO-00241,2025-03-25,2025-04-04,2025-04-04,RECEIVED,SGD,1,procurement.mgr,9,Fresh & Crisp Snacks,FRESHC-009,SKU-00017,ButcherSelect Chicken Breast,Meat
1300,241,7,28,43,42,0.86,36.98,0.0,8.0,2025-03-25 16:00:00,PO-00241,2025-03-25,2025-04-04,2025-04-04,RECEIVED,SGD,1,procurement.mgr,9,Fresh & Crisp Snacks,FRESHC-009,SKU-00028,CitrusBurst Cola,Beverages
1301,241,8,87,63,62,1.14,71.82,0.0,8.0,2025-03-25 15:00:00,PO-00241,2025-03-25,2025-04-04,2025-04-04,RECEIVED,SGD,1,procurement.mgr,9,Fresh & Crisp Snacks,FRESHC-009,SKU-00087,DailyBake Muffins,Bakery
1302,242,1,35,20,18,13.64,272.8,3.0,8.0,2025-03-31 14:00:00,PO-00242,2025-03-31,2025-04-03,2025-04-06,RECEIVED,SGD,1,system.auto,6,Blue Ocean Seafood Traders,BLUEOC-006,SKU-00035,PureGlow Hand Soap,Personal Care
1303,242,2,39,38,34,1.51,57.38,0.0,8.0,2025-03-31 14:00:00,PO-00242,2025-03-31,2025-04-03,2025-04-06,RECEIVED,SGD,1,system.auto,6,Blue Ocean Seafood Traders,BLUEOC-006,SKU-00039,FrostyFoods Ice Cream,Frozen
1304,242,3,89,48,44,15.34,736.32,0.0,8.0,2025-03-31 14:00:00,PO-00242,2025-03-31,2025-04-03,2025-04-06,RECEIVED,SGD,1,system.auto,6,Blue Ocean Seafood Traders,BLUEOC-006,SKU-00089,GardenFresh Tomatoes,Produce
1305,242,4,95,121,120,3.88,469.48,0.0,8.0,2025-03-31 15:00:00,PO-00242,2025-03-31,2025-04-03,2025-04-06,RECEIVED,SGD,1,system.auto,6,Blue Ocean Seafood Traders,BLUEOC-006,SKU-00095,FarmHouse Yogurt,Dairy
1306,242,5,20,53,53,12.62,668.86,0.0,8.0,2025-03-31 13:00:00,PO-00242,2025-03-31,2025-04-03,2025-04-06,RECEIVED,SGD,1,system.auto,6,Blue Ocean Seafood Traders,BLUEOC-006,SKU-00020,FarmHouse Yogurt,Dairy
1307,242,6,91,24,23,15.35,368.4,0.0,8.0,2025-03-31 08:00:00,PO-00242,2025-03-31,2025-04-03,2025-04-06,RECEIVED,SGD,1,system.auto,6,Blue Ocean Seafood Traders,BLUEOC-006,SKU-00091,PrimeChoice Chicken Breast,Meat
1308,243,1,81,113,106,18.71,2114.23,2.0,8.0,2025-03-31 13:00:00,PO-00243,2025-03-31,2025-04-05,2025-04-07,RECEIVED,SGD,1,store.manager,3,Pacific Beverages & Co.,PACIFI-003,SKU-00081,ThirstQuench Cola,Beverages
1309,243,2,101,87,85,14.71,1279.77,0.0,8.0,2025-03-31 08:00:00,PO-00243,2025-03-31,2025-04-05,2025-04-07,RECEIVED,SGD,1,store.manager,3,Pacific Beverages & Co.,PACIFI-003,SKU-00101,SparklePro Dishwashing Liquid,Household
1310,243,3,80,284,282,3.15,894.6,5.0,8.0,2025-03-31 10:00:00,PO-00243,2025-03-31,2025-04-05,2025-04-07,RECEIVED,SGD,1,store.manager,3,Pacific Beverages & Co.,PACIFI-003,SKU-00080,CrunchyBite Potato Chips,Snacks
1311,243,4,103,60,55,15.96,957.6,2.0,8.0,2025-03-31 09:00:00,PO-00243,2025-03-31,2025-04-05,2025-04-07,RECEIVED,SGD,1,store.manager,3,Pacific Beverages & Co.,PACIFI-003,SKU-00103,ArcticFresh Frozen Pizza,Frozen
1312,244,1,45,182,176,1.12,203.84,5.0,8.0,2025-03-31 13:00:00,PO-00244,2025-03-31,2025-04-09,2025-04-10,RECEIVED,SGD,1,inventory.bot,4,Golden Harvest Grocers,GOLDEN-004,SKU-00045,HappySnacks Potato Chips,Snacks
1313,244,2,14,55,54,16.14,887.7,0.0,8.0,2025-03-31 14:00:00,PO-00244,2025-03-31,2025-04-09,2025-04-10,RECEIVED,SGD,1,inventory.bot,4,Golden Harvest Grocers,GOLDEN-004,SKU-00014,CleanHome Paper Towels,Household
1314,244,3,6,73,70,15.36,1121.28,2.0,8.0,2025-03-31 16:00:00,PO-00244,2025-03-31,2025-04-09,2025-04-10,RECEIVED,SGD,1,inventory.bot,4,Golden Harvest Grocers,GOLDEN-004,SKU-00006,GoldenLoaf White Bread,Bakery
1315,244,4,48,78,73,15.31,1194.18,2.0,8.0,2025-03-31 16:00:00,PO-00244,2025-03-31,2025-04-09,2025-04-10,RECEIVED,SGD,1,inventory.bot,4,Golden Harvest Grocers,GOLDEN-004,SKU-00048,SparklePro Laundry Detergent,Household
1316,244,5,90,43,42,12.0,516.0,0.0,8.0,2025-03-31 11:00:00,PO-00244,2025-03-31,2025-04-09,2025-04-10,RECEIVED,SGD,1,inventory.bot,4,Golden Harvest Grocers,GOLDEN-004,SKU-00090,PrimeChoice Minced Beef,Meat
1317,244,6,52,280,252,15.3,4284.0,0.0,8.0,2025-03-31 09:00:00,PO-00244,2025-03-31,2025-04-09,2025-04-10,RECEIVED,SGD,1,inventory.bot,4,Golden Harvest Grocers,GOLDEN-004,SKU-00052,SnackTime Potato Chips,Snacks
1318,245,1,117,48,43,11.79,565.92,5.0,8.0,2025-04-01 10:00:00,PO-00245,2025-04-01,2025-04-06,2025-04-09,CLOSED,SGD,1,procurement.mgr,8,CleanHome Household Products,CLEANH-008,SKU-00117,FrostyFoods Fish Fillets,Frozen
1319,245,2,142,82,80,3.17,259.94,2.0,8.0,2025-04-01 13:00:00,PO-00245,2025-04-01,2025-04-06,2025-04-09,CLOSED,SGD,1,procurement.mgr,8,CleanHome Household Products,CLEANH-008,SKU-00142,FarmHouse Cheese,Dairy
1320,245,3,78,21,20,24.05,505.05,0.0,8.0,2025-04-01 15:00:00,PO-00245,2025-04-01,2025-04-06,2025-04-09,CLOSED,SGD,1,procurement.mgr,8,CleanHome Household Products,CLEANH-008,SKU-00078,ButcherSelect Chicken Breast,Meat
1321,245,4,99,143,137,14.69,2100.67,0.0,8.0,2025-04-01 13:00:00,PO-00245,2025-04-01,2025-04-06,2025-04-09,CLOSED,SGD,1,procurement.mgr,8,CleanHome Household Products,CLEANH-008,SKU-00099,FarmHouse Butter,Dairy
1322,245,5,121,38,35,4.85,184.3,3.0,8.0,2025-04-01 14:00:00,PO-00245,2025-04-01,2025-04-06,2025-04-09,CLOSED,SGD,1,procurement.mgr,8,CleanHome Household Products,CLEANH-008,SKU-00121,GardenFresh Apples,Produce
1323,246,1,68,51,46,12.55,640.05,5.0,8.0,2025-04-01 08:00:00,PO-00246,2025-04-01,2025-04-11,2025-04-13,RECEIVED,SGD,1,inventory.bot,4,Golden Harvest Grocers,GOLDEN-004,SKU-00068,PrimeChoice Chicken Breast,Meat
1324,246,2,14,64,61,15.12,967.68,2.0,8.0,2025-04-01 15:00:00,PO-00246,2025-04-01,2025-04-11,2025-04-13,RECEIVED,SGD,1,inventory.bot,4,Golden Harvest Grocers,GOLDEN-004,SKU-00014,CleanHome Paper Towels,Household
1325,246,3,90,48,48,12.33,591.84,5.0,8.0,2025-04-01 11:00:00,PO-00246,2025-04-01,2025-04-11,2025-04-13,RECEIVED,SGD,1,inventory.bot,4,Golden Harvest Grocers,GOLDEN-004,SKU-00090,PrimeChoice Minced Beef,Meat
1326,246,4,45,170,169,1.1,187.0,0.0,8.0,2025-04-01 16:00:00,PO-00246,2025-04-01,2025-04-11,2025-04-13,RECEIVED,SGD,1,inventory.bot,4,Golden Harvest Grocers,GOLDEN-004,SKU-00045,HappySnacks Potato Chips,Snacks
1327,247,1,115,97,95,1.5,145.5,2.0,8.0,2025-04-07 15:00:00,PO-00247,2025-04-07,2025-04-10,2025-04-10,CLOSED,SGD,1,procurement.mgr,9,Fresh & Crisp Snacks,FRESHC-009,SKU-00115,GoldenLoaf Muffins,Bakery
1328,247,2,28,120,116,0.89,106.8,2.0,8.0,2025-04-07 10:00:00,PO-00247,2025-04-07,2025-04-10,2025-04-10,CLOSED,SGD,1,procurement.mgr,9,Fresh & Crisp Snacks,FRESHC-009,SKU-00028,CitrusBurst Cola,Beverages
1329,247,3,63,33,32,3.97,131.01,0.0,8.0,2025-04-07 12:00:00,PO-00247,2025-04-07,2025-04-10,2025-04-10,CLOSED,SGD,1,procurement.mgr,9,Fresh & Crisp Snacks,FRESHC-009,SKU-00063,CleanHome Trash Bags,Household
1330,247,4,88,16,15,22.5,360.0,0.0,8.0,2025-04-07 08:00:00,PO-00247,2025-04-07,2025-04-10,2025-04-10,CLOSED,SGD,1,procurement.mgr,9,Fresh & Crisp Snacks,FRESHC-009,SKU-00088,SeaHarvest Squid Rings,Seafood
1331,248,1,137,45,43,6.52,293.4,0.0,8.0,2025-04-07 09:00:00,PO-00248,2025-04-07,2025-04-19,2025-04-18,RECEIVED,SGD,1,procurement.mgr,2,Evergreen Produce Importers,EVERGR-002,SKU-00137,GoldenLoaf Wholemeal Bread,Bakery
1332,248,2,38,92,88,13.79,1268.68,2.0,8.0,2025-04-07 08:00:00,PO-00248,2025-04-07,2025-04-19,2025-04-18,RECEIVED,SGD,1,procurement.mgr,2,Evergreen Produce Importers,EVERGR-002,SKU-00038,DailyBake Croissant,Bakery
1333,248,3,22,21,20,4.26,89.46,0.0,8.0,2025-04-07 13:00:00,PO-00248,2025-04-07,2025-04-19,2025-04-18,RECEIVED,SGD,1,procurement.mgr,2,Evergreen Produce Importers,EVERGR-002,SKU-00022,HarmonyCare Hand Soap,Personal Care
1334,248,4,50,116,108,2.15,249.4,0.0,8.0,2025-04-07 13:00:00,PO-00248,2025-04-07,2025-04-19,2025-04-18,RECEIVED,SGD,1,procurement.mgr,2,Evergreen Produce Importers,EVERGR-002,SKU-00050,GardenFresh Lettuce,Produce
1335,249,1,89,95,94,14.41,1368.95,0.0,8.0,2025-04-07 10:00:00,PO-00249,2025-04-07,2025-04-18,2025-04-18,RECEIVED,SGD,1,inventory.bot,6,Blue Ocean Seafood Traders,BLUEOC-006,SKU-00089,GardenFresh Tomatoes,Produce
1336,249,2,35,74,67,14.1,1043.4,5.0,8.0,2025-04-07 11:00:00,PO-00249,2025-04-07,2025-04-18,2025-04-18,RECEIVED,SGD,1,inventory.bot,6,Blue Ocean Seafood Traders,BLUEOC-006,SKU-00035,PureGlow Hand Soap,Personal Care
1337,249,3,20,149,137,13.22,1969.78,0.0,8.0,2025-04-07 10:00:00,PO-00249,2025-04-07,2025-04-18,2025-04-18,RECEIVED,SGD,1,inventory.bot,6,Blue Ocean Seafood Traders,BLUEOC-006,SKU-00020,FarmHouse Yogurt,Dairy
1338,249,4,139,98,93,10.43,1022.14,5.0,8.0,2025-04-07 16:00:00,PO-00249,2025-04-07,2025-04-18,2025-04-18,RECEIVED,SGD,1,inventory.bot,6,Blue Ocean Seafood Traders,BLUEOC-006,SKU-00139,MilkyWay Milk,Dairy
1339,249,5,36,156,152,16.25,2535.0,0.0,8.0,2025-04-07 13:00:00,PO-00249,2025-04-07,2025-04-18,2025-04-18,RECEIVED,SGD,1,inventory.bot,6,Blue Ocean Seafood Traders,BLUEOC-006,SKU-00036,MeadowFresh Cheese,Dairy
1340,249,6,95,70,66,3.89,272.3,2.0,8.0,2025-04-07 08:00:00,PO-00249,2025-04-07,2025-04-18,2025-04-18,RECEIVED,SGD,1,inventory.bot,6,Blue Ocean Seafood Traders,BLUEOC-006,SKU-00095,FarmHouse Yogurt,Dairy
1341,249,7,39,69,64,1.63,112.47,3.0,8.0,2025-04-07 09:00:00,PO-00249,2025-04-07,2025-04-18,2025-04-18,RECEIVED,SGD,1,inventory.bot,6,Blue Ocean Seafood Traders,BLUEOC-006,SKU-00039,FrostyFoods Ice Cream,Frozen
1342,249,8,15,59,56,17.17,1013.03,0.0,8.0,2025-04-07 08:00:00,PO-00249,2025-04-07,2025-04-18,2025-04-18,RECEIVED,SGD,1,inventory.bot,6,Blue Ocean Seafood Traders,BLUEOC-006,SKU-00015,CleanHome Trash Bags,Household
1343,250,1,90,50,48,12.15,607.5,0.0,8.0,2025-04-08 10:00:00,PO-00250,2025-04-08,2025-04-16,2025-04-16,RECEIVED,SGD,1,procurement.mgr,4,Golden Harvest Grocers,GOLDEN-004,SKU-00090,PrimeChoice Minced Beef,Meat
1344,250,2,6,78,72,15.26,1190.28,0.0,8.0,2025-04-08 15:00:00,PO-00250,2025-04-08,2025-04-16,2025-04-16,RECEIVED,SGD,1,procurement.mgr,4,Golden Harvest Grocers,GOLDEN-004,SKU-00006,GoldenLoaf White Bread,Bakery
1345,250,3,68,32,32,13.75,440.0,2.0,8.0,2025-04-08 08:00:00,PO-00250,2025-04-08,2025-04-16,2025-04-16,RECEIVED,SGD,1,procurement.mgr,4,Golden Harvest Grocers,GOLDEN-004,SKU-00068,PrimeChoice Chicken Breast,Meat
1346,250,4,93,66,65,4.04,266.64,3.0,8.0,2025-04-08 10:00:00,PO-00250,2025-04-08,2025-04-16,2025-04-16,RECEIVED,SGD,1,procurement.mgr,4,Golden Harvest Grocers,GOLDEN-004,SKU-00093,FrostyFoods Fish Fillets,Frozen
1347,250,5,37,38,36,25.34,962.92,0.0,8.0,2025-04-08 13:00:00,PO-00250,2025-04-08,2025-04-16,2025-04-16,RECEIVED,SGD,1,procurement.mgr,4,Golden Harvest Grocers,GOLDEN-004,SKU-00037,BlueOcean Salmon Fillet,Seafood
1348,251,1,123,28,28,23.22,650.16,0.0,8.0,2025-04-14 17:00:00,PO-00251,2025-04-14,2025-04-28,2025-04-28,SENT,SGD,1,system.auto,8,CleanHome Household Products,CLEANH-008,SKU-00123,PureGlow Hand Soap,Personal Care
1349,251,2,121,71,65,5.24,372.04,0.0,8.0,2025-04-14 14:00:00,PO-00251,2025-04-14,2025-04-28,2025-04-28,SENT,SGD,1,system.auto,8,CleanHome Household Products,CLEANH-008,SKU-00121,GardenFresh Apples,Produce
1350,251,3,99,147,134,15.15,2227.05,0.0,8.0,2025-04-14 13:00:00,PO-00251,2025-04-14,2025-04-28,2025-04-28,SENT,SGD,1,system.auto,8,CleanHome Household Products,CLEANH-008,SKU-00099,FarmHouse Butter,Dairy
1351,251,4,128,93,91,8.5,790.5,3.0,8.0,2025-04-14 15:00:00,PO-00251,2025-04-14,2025-04-28,2025-04-28,SENT,SGD,1,system.auto,8,CleanHome Household Products,CLEANH-008,SKU-00128,FarmHouse Milk,Dairy
1352,251,5,1,47,45,5.36,251.92,5.0,8.0,2025-04-14 09:00:00,PO-00251,2025-04-14,2025-04-28,2025-04-28,SENT,SGD,1,system.auto,8,CleanHome Household Products,CLEANH-008,SKU-00001,SparklePro Laundry Detergent,Household
1353,251,6,127,65,60,13.17,856.05,0.0,8.0,2025-04-14 14:00:00,PO-00251,2025-04-14,2025-04-28,2025-04-28,SENT,SGD,1,system.auto,8,CleanHome Household Products,CLEANH-008,SKU-00127,HarmonyCare Body Wash,Personal Care
1354,252,1,75,38,37,11.2,425.6,0.0,8.0,2025-04-15 17:00:00,PO-00252,2025-04-15,2025-04-22,2025-04-24,RECEIVED,SGD,1,procurement.mgr,2,Evergreen Produce Importers,EVERGR-002,SKU-00075,FrostyFoods Frozen Pizza,Frozen
1355,252,2,119,68,62,2.87,195.16,2.0,8.0,2025-04-15 15:00:00,PO-00252,2025-04-15,2025-04-22,2025-04-24,RECEIVED,SGD,1,procurement.mgr,2,Evergreen Produce Importers,EVERGR-002,SKU-00119,FrostyFoods Frozen Peas,Frozen
1356,252,3,50,47,43,2.25,105.75,5.0,8.0,2025-04-15 14:00:00,PO-00252,2025-04-15,2025-04-22,2025-04-24,RECEIVED,SGD,1,procurement.mgr,2,Evergreen Produce Importers,EVERGR-002,SKU-00050,GardenFresh Lettuce,Produce
1357,252,4,137,54,50,6.62,357.48,0.0,8.0,2025-04-15 09:00:00,PO-00252,2025-04-15,2025-04-22,2025-04-24,RECEIVED,SGD,1,procurement.mgr,2,Evergreen Produce Importers,EVERGR-002,SKU-00137,GoldenLoaf Wholemeal Bread,Bakery
1358,252,5,11,90,85,8.97,807.3,5.0,8.0,2025-04-15 15:00:00,PO-00252,2025-04-15,2025-04-22,2025-04-24,RECEIVED,SGD,1,procurement.mgr,2,Evergreen Produce Importers,EVERGR-002,SKU-00011,CleanHome Paper Towels,Household
1359,253,1,51,73,69,14.23,1038.79,0.0,8.0,2025-04-15 14:00:00,PO-00253,2025-04-15,2025-04-23,2025-04-24,RECEIVED,SGD,1,procurement.mgr,7,Prime Choice Meats,PRIMEC-007,SKU-00051,GardenFresh Apples,Produce
1360,253,2,76,60,59,24.35,1461.0,0.0,8.0,2025-04-15 16:00:00,PO-00253,2025-04-15,2025-04-23,2025-04-24,RECEIVED,SGD,1,procurement.mgr,7,Prime Choice Meats,PRIMEC-007,SKU-00076,PrimeChoice Sausages,Meat
1361,253,3,44,269,266,11.32,3045.08,5.0,8.0,2025-04-15 17:00:00,PO-00253,2025-04-15,2025-04-23,2025-04-24,RECEIVED,SGD,1,procurement.mgr,7,Prime Choice Meats,PRIMEC-007,SKU-00044,CrunchyBite Potato Chips,Snacks
1362,253,4,21,49,45,28.31,1387.19,5.0,8.0,2025-04-15 13:00:00,PO-00253,2025-04-15,2025-04-23,2025-04-24,RECEIVED,SGD,1,procurement.mgr,7,Prime Choice Meats,PRIMEC-007,SKU-00021,SeaHarvest Prawns,Seafood
1363,253,5,19,32,29,6.55,209.6,0.0,8.0,2025-04-15 15:00:00,PO-00253,2025-04-15,2025-04-23,2025-04-24,RECEIVED,SGD,1,procurement.mgr,7,Prime Choice Meats,PRIMEC-007,SKU-00019,FarmHouse Butter,Dairy
1364,253,6,143,55,50,9.68,532.4,2.0,8.0,2025-04-15 12:00:00,PO-00253,2025-04-15,2025-04-23,2025-04-24,RECEIVED,SGD,1,procurement.mgr,7,Prime Choice Meats,PRIMEC-007,SKU-00143,PureGlow Toothpaste,Personal Care
1365,253,7,53,173,168,9.48,1640.04,0.0,8.0,2025-04-15 15:00:00,PO-00253,2025-04-15,2025-04-23,2025-04-24,RECEIVED,SGD,1,procurement.mgr,7,Prime Choice Meats,PRIMEC-007,SKU-00053,CitrusBurst Orange Juice,Beverages
1366,254,1,12,88,88,4.69,412.72,0.0,8.0,2025-04-15 08:00:00,PO-00254,2025-04-15,2025-04-24,2025-04-24,RECEIVED,SGD,1,procurement.mgr,3,Pacific Beverages & Co.,PACIFI-003,SKU-00012,PureGlow Toothpaste,Personal Care
1367,254,2,10,58,57,12.43,720.94,0.0,8.0,2025-04-15 15:00:00,PO-00254,2025-04-15,2025-04-24,2025-04-24,RECEIVED,SGD,1,procurement.mgr,3,Pacific Beverages & Co.,PACIFI-003,SKU-00010,DailyBake Muffins,Bakery
1368,254,3,34,232,232,8.31,1927.92,0.0,8.0,2025-04-15 13:00:00,PO-00254,2025-04-15,2025-04-24,2025-04-24,RECEIVED,SGD,1,procurement.mgr,3,Pacific Beverages & Co.,PACIFI-003,SKU-00034,HappySnacks Potato Chips,Snacks
1369,254,4,107,89,84,11.75,1045.75,0.0,8.0,2025-04-15 09:00:00,PO-00254,2025-04-15,2025-04-24,2025-04-24,RECEIVED,SGD,1,procurement.mgr,3,Pacific Beverages & Co.,PACIFI-003,SKU-00107,GardenFresh Lettuce,Produce
1370,254,5,81,85,80,19.23,1634.55,3.0,8.0,2025-04-15 17:00:00,PO-00254,2025-04-15,2025-04-24,2025-04-24,RECEIVED,SGD,1,procurement.mgr,3,Pacific Beverages & Co.,PACIFI-003,SKU-00081,ThirstQuench Cola,Beverages
1371,254,6,23,40,38,13.65,546.0,5.0,8.0,2025-04-15 14:00:00,PO-00254,2025-04-15,2025-04-24,2025-04-24,RECEIVED,SGD,1,procurement.mgr,3,Pacific Beverages & Co.,PACIFI-003,SKU-00023,FrostyFoods Frozen Peas,Frozen
1372,254,7,61,56,54,12.02,673.12,0.0,8.0,2025-04-15 09:00:00,PO-00254,2025-04-15,2025-04-24,2025-04-24,RECEIVED,SGD,1,procurement.mgr,3,Pacific Beverages & Co.,PACIFI-003,SKU-00061,FrostyFoods Frozen Pizza,Frozen
1373,255,1,57,45,43,24.92,1121.4,0.0,8.0,2025-04-21 12:00:00,PO-00255,2025-04-21,2025-05-03,2025-05-05,RECEIVED,SGD,1,inventory.bot,10,Harmony Personal Care,HARMON-010,SKU-00057,CleanHome Laundry Detergent,Household
1374,255,2,120,73,67,11.21,818.33,3.0,8.0,2025-04-21 14:00:00,PO-00255,2025-04-21,2025-05-03,2025-05-05,RECEIVED,SGD,1,inventory.bot,10,Harmony Personal Care,HARMON-010,SKU-00120,GoldenLoaf Wholemeal Bread,Bakery
1375,255,3,16,69,63,6.89,475.41,0.0,8.0,2025-04-21 13:00:00,PO-00255,2025-04-21,2025-05-03,2025-05-05,RECEIVED,SGD,1,inventory.bot,10,Harmony Personal Care,HARMON-010,SKU-00016,CitrusBurst Apple Juice,Beverages
1376,256,1,72,73,71,17.42,1271.66,2.0,8.0,2025-04-21 08:00:00,PO-00256,2025-04-21,2025-05-02,2025-05-03,RECEIVED,SGD,1,store.manager,5,Sunrise Dairy Supplies,SUNRIS-005,SKU-00072,FrostyFoods Frozen Peas,Frozen
1377,256,2,122,16,14,17.5,280.0,3.0,8.0,2025-04-21 17:00:00,PO-00256,2025-04-21,2025-05-02,2025-05-03,RECEIVED,SGD,1,store.manager,5,Sunrise Dairy Supplies,SUNRIS-005,SKU-00122,PureGlow Shampoo,Personal Care
1378,256,3,133,60,56,9.61,576.6,2.0,8.0,2025-04-21 11:00:00,PO-00256,2025-04-21,2025-05-02,2025-05-03,RECEIVED,SGD,1,store.manager,5,Sunrise Dairy Supplies,SUNRIS-005,SKU-00133,GoldenLoaf White Bread,Bakery
1379,256,4,26,106,106,4.28,453.68,5.0,8.0,2025-04-21 14:00:00,PO-00256,2025-04-21,2025-05-02,2025-05-03,RECEIVED,SGD,1,store.manager,5,Sunrise Dairy Supplies,SUNRIS-005,SKU-00026,FarmHouse Milk,Dairy
1380,256,5,69,26,25,2.41,62.66,0.0,8.0,2025-04-21 14:00:00,PO-00256,2025-04-21,2025-05-02,2025-05-03,RECEIVED,SGD,1,store.manager,5,Sunrise Dairy Supplies,SUNRIS-005,SKU-00069,FrostyFoods Frozen Pizza,Frozen
1381,256,6,46,84,79,18.67,1568.28,0.0,8.0,2025-04-21 14:00:00,PO-00256,2025-04-21,2025-05-02,2025-05-03,RECEIVED,SGD,1,store.manager,5,Sunrise Dairy Supplies,SUNRIS-005,SKU-00046,ThirstQuench Apple Juice,Beverages
1382,257,1,41,43,39,8.97,385.71,3.0,8.0,2025-04-22 10:00:00,PO-00257,2025-04-22,2025-05-03,2025-05-03,RECEIVED,SGD,1,procurement.mgr,2,Evergreen Produce Importers,EVERGR-002,SKU-00041,SparklePro Paper Towels,Household
1383,257,2,129,47,45,16.66,783.02,0.0,8.0,2025-04-22 17:00:00,PO-00257,2025-04-22,2025-05-03,2025-05-03,RECEIVED,SGD,1,procurement.mgr,2,Evergreen Produce Importers,EVERGR-002,SKU-00129,CitrusBurst Apple Juice,Beverages
1384,257,3,38,68,61,14.02,953.36,2.0,8.0,2025-04-22 13:00:00,PO-00257,2025-04-22,2025-05-03,2025-05-03,RECEIVED,SGD,1,procurement.mgr,2,Evergreen Produce Importers,EVERGR-002,SKU-00038,DailyBake Croissant,Bakery
1385,257,4,98,55,51,20.62,1134.1,0.0,8.0,2025-04-22 11:00:00,PO-00257,2025-04-22,2025-05-03,2025-05-03,RECEIVED,SGD,1,procurement.mgr,2,Evergreen Produce Importers,EVERGR-002,SKU-00098,MeadowFresh Yogurt,Dairy
1386,257,5,114,88,87,18.85,1658.8,2.0,8.0,2025-04-22 12:00:00,PO-00257,2025-04-22,2025-05-03,2025-05-03,RECEIVED,SGD,1,procurement.mgr,2,Evergreen Produce Importers,EVERGR-002,SKU-00114,FrostyFoods Frozen Pizza,Frozen
1387,257,6,119,26,24,2.9,75.4,5.0,8.0,2025-04-22 08:00:00,PO-00257,2025-04-22,2025-05-03,2025-05-03,RECEIVED,SGD,1,procurement.mgr,2,Evergreen Produce Importers,EVERGR-002,SKU-00119,FrostyFoods Frozen Peas,Frozen
1388,257,7,75,94,93,10.96,1030.24,3.0,8.0,2025-04-22 09:00:00,PO-00257,2025-04-22,2025-05-03,2025-05-03,RECEIVED,SGD,1,procurement.mgr,2,Evergreen Produce Importers,EVERGR-002,SKU-00075,FrostyFoods Frozen Pizza,Frozen
1389,257,8,144,45,41,19.34,870.3,0.0,8.0,2025-04-22 09:00:00,PO-00257,2025-04-22,2025-05-03,2025-05-03,RECEIVED,SGD,1,procurement.mgr,2,Evergreen Produce Importers,EVERGR-002,SKU-00144,MeadowFresh Yogurt,Dairy
1390,258,1,146,111,108,8.34,925.74,0.0,8.0,2025-04-22 15:00:00,PO-00258,2025-04-22,2025-04-25,2025-04-27,RECEIVED,SGD,1,inventory.bot,8,CleanHome Household Products,CLEANH-008,SKU-00146,SnackTime Trail Mix,Snacks
1391,258,2,96,139,127,1.98,275.22,0.0,8.0,2025-04-22 17:00:00,PO-00258,2025-04-22,2025-04-25,2025-04-27,RECEIVED,SGD,1,inventory.bot,8,CleanHome Household Products,CLEANH-008,SKU-00096,FarmHouse Yogurt,Dairy
1392,258,3,118,115,110,6.15,707.25,0.0,8.0,2025-04-22 13:00:00,PO-00258,2025-04-22,2025-04-25,2025-04-27,RECEIVED,SGD,1,inventory.bot,8,CleanHome Household Products,CLEANH-008,SKU-00118,MeadowFresh Milk,Dairy
1393,258,4,18,99,99,5.05,499.95,0.0,8.0,2025-04-22 10:00:00,PO-00258,2025-04-22,2025-04-25,2025-04-27,RECEIVED,SGD,1,inventory.bot,8,CleanHome Household Products,CLEANH-008,SKU-00018,MilkyWay Yogurt,Dairy
1394,258,5,121,86,84,5.28,454.08,0.0,8.0,2025-04-22 17:00:00,PO-00258,2025-04-22,2025-04-25,2025-04-27,RECEIVED,SGD,1,inventory.bot,8,CleanHome Household Products,CLEANH-008,SKU-00121,GardenFresh Apples,Produce
1395,259,1,123,56,51,22.73,1272.88,5.0,8.0,2025-04-28 10:00:00,PO-00259,2025-04-28,2025-05-04,2025-05-05,RECEIVED,SGD,1,procurement.mgr,8,CleanHome Household Products,CLEANH-008,SKU-00123,PureGlow Hand Soap,Personal Care
1396,259,2,146,127,118,8.2,1041.4,0.0,8.0,2025-04-28 13:00:00,PO-00259,2025-04-28,2025-05-04,2025-05-05,RECEIVED,SGD,1,procurement.mgr,8,CleanHome Household Products,CLEANH-008,SKU-00146,SnackTime Trail Mix,Snacks
1397,259,3,78,52,49,24.39,1268.28,2.0,8.0,2025-04-28 16:00:00,PO-00259,2025-04-28,2025-05-04,2025-05-05,RECEIVED,SGD,1,procurement.mgr,8,CleanHome Household Products,CLEANH-008,SKU-00078,ButcherSelect Chicken Breast,Meat
1398,260,1,64,60,59,31.61,1896.6,5.0,8.0,2025-04-29 15:00:00,PO-00260,2025-04-29,2025-05-08,2025-05-07,SENT,SGD,1,store.manager,5,Sunrise Dairy Supplies,SUNRIS-005,SKU-00064,SeaHarvest Salmon Fillet,Seafood
1399,260,2,40,89,86,1.86,165.54,2.0,8.0,2025-04-29 17:00:00,PO-00260,2025-04-29,2025-05-08,2025-05-07,SENT,SGD,1,store.manager,5,Sunrise Dairy Supplies,SUNRIS-005,SKU-00040,MeadowFresh Butter,Dairy
1400,260,3,46,109,105,19.62,2138.58,3.0,8.0,2025-04-29 09:00:00,PO-00260,2025-04-29,2025-05-08,2025-05-07,SENT,SGD,1,store.manager,5,Sunrise Dairy Supplies,SUNRIS-005,SKU-00046,ThirstQuench Apple Juice,Beverages
1401,260,4,133,97,95,9.08,880.76,0.0,8.0,2025-04-29 17:00:00,PO-00260,2025-04-29,2025-05-08,2025-05-07,SENT,SGD,1,store.manager,5,Sunrise Dairy Supplies,SUNRIS-005,SKU-00133,GoldenLoaf White Bread,Bakery
1402,261,1,17,18,17,9.56,172.08,0.0,8.0,2025-04-29 14:00:00,PO-00261,2025-04-29,2025-05-06,2025-05-09,SENT,SGD,1,store.manager,9,Fresh & Crisp Snacks,FRESHC-009,SKU-00017,ButcherSelect Chicken Breast,Meat
1403,261,2,65,38,35,13.63,517.94,0.0,8.0,2025-04-29 11:00:00,PO-00261,2025-04-29,2025-05-06,2025-05-09,SENT,SGD,1,store.manager,9,Fresh & Crisp Snacks,FRESHC-009,SKU-00065,ButcherSelect Pork Chops,Meat
1404,261,3,24,135,122,8.12,1096.2,0.0,8.0,2025-04-29 09:00:00,PO-00261,2025-04-29,2025-05-06,2025-05-09,SENT,SGD,1,store.manager,9,Fresh & Crisp Snacks,FRESHC-009,SKU-00024,CoolSip Green Tea,Beverages
1405,261,4,8,16,15,8.09,129.44,0.0,8.0,2025-04-29 13:00:00,PO-00261,2025-04-29,2025-05-06,2025-05-09,SENT,SGD,1,store.manager,9,Fresh & Crisp Snacks,FRESHC-009,SKU-00008,PureGlow Toothpaste,Personal Care
1406,261,5,87,47,45,1.19,55.93,0.0,8.0,2025-04-29 11:00:00,PO-00261,2025-04-29,2025-05-06,2025-05-09,SENT,SGD,1,store.manager,9,Fresh & Crisp Snacks,FRESHC-009,SKU-00087,DailyBake Muffins,Bakery
1407,261,6,55,23,21,25.01,575.23,3.0,8.0,2025-04-29 11:00:00,PO-00261,2025-04-29,2025-05-06,2025-05-09,SENT,SGD,1,store.manager,9,Fresh & Crisp Snacks,FRESHC-009,SKU-00055,PrimeChoice Sausages,Meat
1408,261,7,115,87,80,1.41,122.67,3.0,8.0,2025-04-29 12:00:00,PO-00261,2025-04-29,2025-05-06,2025-05-09,SENT,SGD,1,store.manager,9,Fresh & Crisp Snacks,FRESHC-009,SKU-00115,GoldenLoaf Muffins,Bakery
1409,261,8,28,195,178,0.94,183.3,5.0,8.0,2025-04-29 09:00:00,PO-00261,2025-04-29,2025-05-06,2025-05-09,SENT,SGD,1,store.manager,9,Fresh & Crisp Snacks,FRESHC-009,SKU-00028,CitrusBurst Cola,Beverages
1410,262,1,71,68,62,18.97,1289.96,3.0,8.0,2025-05-05 13:00:00,PO-00262,2025-05-05,2025-05-08,2025-05-10,CLOSED,SGD,1,system.auto,1,Lion City Foods Pte Ltd,LIONCI-001,SKU-00071,ButcherSelect Pork Chops,Meat
1411,262,2,83,47,44,14.76,693.72,0.0,8.0,2025-05-05 08:00:00,PO-00262,2025-05-05,2025-05-08,2025-05-10,CLOSED,SGD,1,system.auto,1,Lion City Foods Pte Ltd,LIONCI-001,SKU-00083,SeaHarvest Prawns,Seafood
1412,262,3,130,15,15,19.49,292.35,2.0,8.0,2025-05-05 08:00:00,PO-00262,2025-05-05,2025-05-08,2025-05-10,CLOSED,SGD,1,system.auto,1,Lion City Foods Pte Ltd,LIONCI-001,SKU-00130,ButcherSelect Minced Beef,Meat
1413,262,4,148,307,293,1.67,512.69,0.0,8.0,2025-05-05 08:00:00,PO-00262,2025-05-05,2025-05-08,2025-05-10,CLOSED,SGD,1,system.auto,1,Lion City Foods Pte Ltd,LIONCI-001,SKU-00148,SnackTime Trail Mix,Snacks
1414,262,5,70,74,70,20.41,1510.34,2.0,8.0,2025-05-05 12:00:00,PO-00262,2025-05-05,2025-05-08,2025-05-10,CLOSED,SGD,1,system.auto,1,Lion City Foods Pte Ltd,LIONCI-001,SKU-00070,HappySnacks Trail Mix,Snacks
1415,262,6,138,27,25,33.23,897.21,0.0,8.0,2025-05-05 16:00:00,PO-00262,2025-05-05,2025-05-08,2025-05-10,CLOSED,SGD,1,system.auto,1,Lion City Foods Pte Ltd,LIONCI-001,SKU-00138,BlueOcean Fish Fingers,Seafood
1416,262,7,49,273,254,4.61,1258.53,2.0,8.0,2025-05-05 12:00:00,PO-00262,2025-05-05,2025-05-08,2025-05-10,CLOSED,SGD,1,system.auto,1,Lion City Foods Pte Ltd,LIONCI-001,SKU-00049,HappySnacks Potato Chips,Snacks
1417,262,8,74,156,148,6.04,942.24,0.0,8.0,2025-05-05 13:00:00,PO-00262,2025-05-05,2025-05-08,2025-05-10,CLOSED,SGD,1,system.auto,1,Lion City Foods Pte Ltd,LIONCI-001,SKU-00074,CitrusBurst Orange Juice,Beverages
1418,263,1,26,61,56,4.28,261.08,0.0,8.0,2025-05-06 16:00:00,PO-00263,2025-05-06,2025-05-09,2025-05-09,RECEIVED,SGD,1,store.manager,5,Sunrise Dairy Supplies,SUNRIS-005,SKU-00026,FarmHouse Milk,Dairy
1419,263,2,46,41,41,19.72,808.52,0.0,8.0,2025-05-06 08:00:00,PO-00263,2025-05-06,2025-05-09,2025-05-09,RECEIVED,SGD,1,store.manager,5,Sunrise Dairy Supplies,SUNRIS-005,SKU-00046,ThirstQuench Apple Juice,Beverages
1420,263,3,133,34,31,9.01,306.34,0.0,8.0,2025-05-06 13:00:00,PO-00263,2025-05-06,2025-05-09,2025-05-09,RECEIVED,SGD,1,store.manager,5,Sunrise Dairy Supplies,SUNRIS-005,SKU-00133,GoldenLoaf White Bread,Bakery
1421,264,1,39,46,44,1.55,71.3,0.0,8.0,2025-05-12 17:00:00,PO-00264,2025-05-12,2025-05-20,2025-05-20,SENT,SGD,1,inventory.bot,6,Blue Ocean Seafood Traders,BLUEOC-006,SKU-00039,FrostyFoods Ice Cream,Frozen
1422,264,2,35,76,76,14.14,1074.64,0.0,8.0,2025-05-12 13:00:00,PO-00264,2025-05-12,2025-05-20,2025-05-20,SENT,SGD,1,inventory.bot,6,Blue Ocean Seafood Traders,BLUEOC-006,SKU-00035,PureGlow Hand Soap,Personal Care
1423,264,3,126,163,159,16.85,2746.55,0.0,8.0,2025-05-12 12:00:00,PO-00264,2025-05-12,2025-05-20,2025-05-20,SENT,SGD,1,inventory.bot,6,Blue Ocean Seafood Traders,BLUEOC-006,SKU-00126,ThirstQuench Orange Juice,Beverages
1424,264,4,95,128,115,3.6,460.8,3.0,8.0,2025-05-12 11:00:00,PO-00264,2025-05-12,2025-05-20,2025-05-20,SENT,SGD,1,inventory.bot,6,Blue Ocean Seafood Traders,BLUEOC-006,SKU-00095,FarmHouse Yogurt,Dairy
1425,264,5,15,72,68,16.68,1200.96,0.0,8.0,2025-05-12 15:00:00,PO-00264,2025-05-12,2025-05-20,2025-05-20,SENT,SGD,1,inventory.bot,6,Blue Ocean Seafood Traders,BLUEOC-006,SKU-00015,CleanHome Trash Bags,Household
1426,264,6,20,39,38,12.61,491.79,5.0,8.0,2025-05-12 11:00:00,PO-00264,2025-05-12,2025-05-20,2025-05-20,SENT,SGD,1,inventory.bot,6,Blue Ocean Seafood Traders,BLUEOC-006,SKU-00020,FarmHouse Yogurt,Dairy
1427,265,1,49,239,219,4.56,1089.84,0.0,8.0,2025-05-13 11:00:00,PO-00265,2025-05-13,2025-05-24,2025-05-27,RECEIVED,SGD,1,store.manager,1,Lion City Foods Pte Ltd,LIONCI-001,SKU-00049,HappySnacks Potato Chips,Snacks
1428,265,2,73,33,31,11.1,366.3,3.0,8.0,2025-05-13 16:00:00,PO-00265,2025-05-13,2025-05-24,2025-05-27,RECEIVED,SGD,1,store.manager,1,Lion City Foods Pte Ltd,LIONCI-001,SKU-00073,SeaHarvest Fish Fingers,Seafood
1429,265,3,30,45,44,7.61,342.45,0.0,8.0,2025-05-13 14:00:00,PO-00265,2025-05-13,2025-05-24,2025-05-27,RECEIVED,SGD,1,store.manager,1,Lion City Foods Pte Ltd,LIONCI-001,SKU-00030,DailyBake Muffins,Bakery
1430,265,4,70,101,98,20.65,2085.65,3.0,8.0,2025-05-13 09:00:00,PO-00265,2025-05-13,2025-05-24,2025-05-27,RECEIVED,SGD,1,store.manager,1,Lion City Foods Pte Ltd,LIONCI-001,SKU-00070,HappySnacks Trail Mix,Snacks
1431,265,5,148,96,91,1.6,153.6,0.0,8.0,2025-05-13 11:00:00,PO-00265,2025-05-13,2025-05-24,2025-05-27,RECEIVED,SGD,1,store.manager,1,Lion City Foods Pte Ltd,LIONCI-001,SKU-00148,SnackTime Trail Mix,Snacks
1432,265,6,79,44,44,5.58,245.52,0.0,8.0,2025-05-13 15:00:00,PO-00265,2025-05-13,2025-05-24,2025-05-27,RECEIVED,SGD,1,store.manager,1,Lion City Foods Pte Ltd,LIONCI-001,SKU-00079,CitrusBurst Green Tea,Beverages
1433,266,1,80,176,167,3.11,547.36,0.0,8.0,2025-05-13 13:00:00,PO-00266,2025-05-13,2025-05-22,2025-05-22,RECEIVED,SGD,1,inventory.bot,3,Pacific Beverages & Co.,PACIFI-003,SKU-00080,CrunchyBite Potato Chips,Snacks
1434,266,2,61,42,38,11.38,477.96,2.0,8.0,2025-05-13 11:00:00,PO-00266,2025-05-13,2025-05-22,2025-05-22,RECEIVED,SGD,1,inventory.bot,3,Pacific Beverages & Co.,PACIFI-003,SKU-00061,FrostyFoods Frozen Pizza,Frozen
1435,266,3,12,52,48,4.6,239.2,0.0,8.0,2025-05-13 16:00:00,PO-00266,2025-05-13,2025-05-22,2025-05-22,RECEIVED,SGD,1,inventory.bot,3,Pacific Beverages & Co.,PACIFI-003,SKU-00012,PureGlow Toothpaste,Personal Care
1436,266,4,101,146,139,13.85,2022.1,0.0,8.0,2025-05-13 11:00:00,PO-00266,2025-05-13,2025-05-22,2025-05-22,RECEIVED,SGD,1,inventory.bot,3,Pacific Beverages & Co.,PACIFI-003,SKU-00101,SparklePro Dishwashing Liquid,Household
1437,266,5,107,34,31,10.72,364.48,0.0,8.0,2025-05-13 17:00:00,PO-00266,2025-05-13,2025-05-22,2025-05-22,RECEIVED,SGD,1,inventory.bot,3,Pacific Beverages & Co.,PACIFI-003,SKU-00107,GardenFresh Lettuce,Produce
1438,266,6,145,54,50,0.98,52.92,0.0,8.0,2025-05-13 11:00:00,PO-00266,2025-05-13,2025-05-22,2025-05-22,RECEIVED,SGD,1,inventory.bot,3,Pacific Beverages & Co.,PACIFI-003,SKU-00145,GreenFields Tomatoes,Produce
1439,267,1,102,127,122,2.13,270.51,0.0,8.0,2025-05-13 10:00:00,PO-00267,2025-05-13,2025-05-19,2025-05-19,RECEIVED,SGD,1,store.manager,7,Prime Choice Meats,PRIMEC-007,SKU-00102,MeadowFresh Cheese,Dairy
1440,267,2,51,84,83,14.35,1205.4,5.0,8.0,2025-05-13 12:00:00,PO-00267,2025-05-13,2025-05-19,2025-05-19,RECEIVED,SGD,1,store.manager,7,Prime Choice Meats,PRIMEC-007,SKU-00051,GardenFresh Apples,Produce
1441,267,3,143,45,41,9.42,423.9,0.0,8.0,2025-05-13 10:00:00,PO-00267,2025-05-13,2025-05-19,2025-05-19,RECEIVED,SGD,1,store.manager,7,Prime Choice Meats,PRIMEC-007,SKU-00143,PureGlow Toothpaste,Personal Care
1442,267,4,19,76,75,6.34,481.84,0.0,8.0,2025-05-13 15:00:00,PO-00267,2025-05-13,2025-05-19,2025-05-19,RECEIVED,SGD,1,store.manager,7,Prime Choice Meats,PRIMEC-007,SKU-00019,FarmHouse Butter,Dairy
1443,267,5,21,37,35,26.95,997.15,0.0,8.0,2025-05-13 09:00:00,PO-00267,2025-05-13,2025-05-19,2025-05-19,RECEIVED,SGD,1,store.manager,7,Prime Choice Meats,PRIMEC-007,SKU-00021,SeaHarvest Prawns,Seafood
1444,267,6,44,102,99,12.08,1232.16,3.0,8.0,2025-05-13 13:00:00,PO-00267,2025-05-13,2025-05-19,2025-05-19,RECEIVED,SGD,1,store.manager,7,Prime Choice Meats,PRIMEC-007,SKU-00044,CrunchyBite Potato Chips,Snacks
1445,267,7,76,75,72,24.15,1811.25,0.0,8.0,2025-05-13 15:00:00,PO-00267,2025-05-13,2025-05-19,2025-05-19,RECEIVED,SGD,1,store.manager,7,Prime Choice Meats,PRIMEC-007,SKU-00076,PrimeChoice Sausages,Meat
1446,267,8,53,68,62,8.6,584.8,5.0,8.0,2025-05-13 12:00:00,PO-00267,2025-05-13,2025-05-19,2025-05-19,RECEIVED,SGD,1,store.manager,7,Prime Choice Meats,PRIMEC-007,SKU-00053,CitrusBurst Orange Juice,Beverages
1447,268,1,44,125,117,11.1,1387.5,0.0,8.0,2025-05-19 12:00:00,PO-00268,2025-05-19,2025-05-29,2025-05-31,RECEIVED,SGD,1,store.manager,7,Prime Choice Meats,PRIMEC-007,SKU-00044,CrunchyBite Potato Chips,Snacks
1448,268,2,102,127,119,2.08,264.16,5.0,8.0,2025-05-19 17:00:00,PO-00268,2025-05-19,2025-05-29,2025-05-31,RECEIVED,SGD,1,store.manager,7,Prime Choice Meats,PRIMEC-007,SKU-00102,MeadowFresh Cheese,Dairy
1449,268,3,21,40,36,28.37,1134.8,5.0,8.0,2025-05-19 08:00:00,PO-00268,2025-05-19,2025-05-29,2025-05-31,RECEIVED,SGD,1,store.manager,7,Prime Choice Meats,PRIMEC-007,SKU-00021,SeaHarvest Prawns,Seafood
1450,268,4,19,51,51,6.81,347.31,5.0,8.0,2025-05-19 10:00:00,PO-00268,2025-05-19,2025-05-29,2025-05-31,RECEIVED,SGD,1,store.manager,7,Prime Choice Meats,PRIMEC-007,SKU-00019,FarmHouse Butter,Dairy
1451,268,5,53,131,124,8.81,1154.11,5.0,8.0,2025-05-19 14:00:00,PO-00268,2025-05-19,2025-05-29,2025-05-31,RECEIVED,SGD,1,store.manager,7,Prime Choice Meats,PRIMEC-007,SKU-00053,CitrusBurst Orange Juice,Beverages
1452,268,6,76,61,56,23.19,1414.59,2.0,8.0,2025-05-19 09:00:00,PO-00268,2025-05-19,2025-05-29,2025-05-31,RECEIVED,SGD,1,store.manager,7,Prime Choice Meats,PRIMEC-007,SKU-00076,PrimeChoice Sausages,Meat
1453,268,7,143,50,49,9.42,471.0,2.0,8.0,2025-05-19 16:00:00,PO-00268,2025-05-19,2025-05-29,2025-05-31,RECEIVED,SGD,1,store.manager,7,Prime Choice Meats,PRIMEC-007,SKU-00143,PureGlow Toothpaste,Personal Care
1454,269,1,48,136,130,15.63,2125.68,0.0,8.0,2025-05-19 12:00:00,PO-00269,2025-05-19,2025-05-31,2025-06-03,RECEIVED,SGD,1,system.auto,4,Golden Harvest Grocers,GOLDEN-004,SKU-00048,SparklePro Laundry Detergent,Household
1455,269,2,106,68,68,3.68,250.24,5.0,8.0,2025-05-19 10:00:00,PO-00269,2025-05-19,2025-05-31,2025-06-03,RECEIVED,SGD,1,system.auto,4,Golden Harvest Grocers,GOLDEN-004,SKU-00106,ThirstQuench Green Tea,Beverages
1456,269,3,52,186,180,15.25,2836.5,0.0,8.0,2025-05-19 17:00:00,PO-00269,2025-05-19,2025-05-31,2025-06-03,RECEIVED,SGD,1,system.auto,4,Golden Harvest Grocers,GOLDEN-004,SKU-00052,SnackTime Potato Chips,Snacks
1457,269,4,90,35,33,12.07,422.45,0.0,8.0,2025-05-19 08:00:00,PO-00269,2025-05-19,2025-05-31,2025-06-03,RECEIVED,SGD,1,system.auto,4,Golden Harvest Grocers,GOLDEN-004,SKU-00090,PrimeChoice Minced Beef,Meat
1458,269,5,14,136,123,15.55,2114.8,3.0,8.0,2025-05-19 09:00:00,PO-00269,2025-05-19,2025-05-31,2025-06-03,RECEIVED,SGD,1,system.auto,4,Golden Harvest Grocers,GOLDEN-004,SKU-00014,CleanHome Paper Towels,Household
1459,269,6,68,21,20,12.48,262.08,0.0,8.0,2025-05-19 08:00:00,PO-00269,2025-05-19,2025-05-31,2025-06-03,RECEIVED,SGD,1,system.auto,4,Golden Harvest Grocers,GOLDEN-004,SKU-00068,PrimeChoice Chicken Breast,Meat
1460,269,7,6,26,24,15.07,391.82,0.0,8.0,2025-05-19 16:00:00,PO-00269,2025-05-19,2025-05-31,2025-06-03,RECEIVED,SGD,1,system.auto,4,Golden Harvest Grocers,GOLDEN-004,SKU-00006,GoldenLoaf White Bread,Bakery
1461,269,8,4,91,83,16.59,1509.69,0.0,8.0,2025-05-19 10:00:00,PO-00269,2025-05-19,2025-05-31,2025-06-03,RECEIVED,SGD,1,system.auto,4,Golden Harvest Grocers,GOLDEN-004,SKU-00004,GoldenLoaf Croissant,Bakery
1462,270,1,72,90,85,19.19,1727.1,0.0,8.0,2025-05-19 12:00:00,PO-00270,2025-05-19,2025-05-25,2025-05-24,CLOSED,SGD,1,store.manager,5,Sunrise Dairy Supplies,SUNRIS-005,SKU-00072,FrostyFoods Frozen Peas,Frozen
1463,270,2,113,29,28,8.15,236.35,2.0,8.0,2025-05-19 13:00:00,PO-00270,2025-05-19,2025-05-25,2025-05-24,CLOSED,SGD,1,store.manager,5,Sunrise Dairy Supplies,SUNRIS-005,SKU-00113,SeaHarvest Salmon Fillet,Seafood
1464,270,3,33,94,86,11.72,1101.68,0.0,8.0,2025-05-19 10:00:00,PO-00270,2025-05-19,2025-05-25,2025-05-24,CLOSED,SGD,1,store.manager,5,Sunrise Dairy Supplies,SUNRIS-005,SKU-00033,GoldenLoaf White Bread,Bakery
1465,270,4,64,36,34,31.92,1149.12,0.0,8.0,2025-05-19 12:00:00,PO-00270,2025-05-19,2025-05-25,2025-05-24,CLOSED,SGD,1,store.manager,5,Sunrise Dairy Supplies,SUNRIS-005,SKU-00064,SeaHarvest Salmon Fillet,Seafood
1466,271,1,73,32,29,11.07,354.24,2.0,8.0,2025-05-20 14:00:00,PO-00271,2025-05-20,2025-06-03,2025-06-04,SENT,SGD,1,store.manager,1,Lion City Foods Pte Ltd,LIONCI-001,SKU-00073,SeaHarvest Fish Fingers,Seafood
1467,271,2,74,158,155,5.68,897.44,3.0,8.0,2025-05-20 08:00:00,PO-00271,2025-05-20,2025-06-03,2025-06-04,SENT,SGD,1,store.manager,1,Lion City Foods Pte Ltd,LIONCI-001,SKU-00074,CitrusBurst Orange Juice,Beverages
1468,271,3,32,73,67,18.08,1319.84,0.0,8.0,2025-05-20 17:00:00,PO-00271,2025-05-20,2025-06-03,2025-06-04,SENT,SGD,1,store.manager,1,Lion City Foods Pte Ltd,LIONCI-001,SKU-00032,GoldenLoaf Croissant,Bakery
1469,271,4,71,53,50,19.61,1039.33,3.0,8.0,2025-05-20 16:00:00,PO-00271,2025-05-20,2025-06-03,2025-06-04,SENT,SGD,1,store.manager,1,Lion City Foods Pte Ltd,LIONCI-001,SKU-00071,ButcherSelect Pork Chops,Meat
1470,271,5,84,87,85,15.67,1363.29,3.0,8.0,2025-05-20 17:00:00,PO-00271,2025-05-20,2025-06-03,2025-06-04,SENT,SGD,1,store.manager,1,Lion City Foods Pte Ltd,LIONCI-001,SKU-00084,ArcticFresh Fish Fillets,Frozen
1471,271,6,30,57,56,7.51,428.07,2.0,8.0,2025-05-20 10:00:00,PO-00271,2025-05-20,2025-06-03,2025-06-04,SENT,SGD,1,store.manager,1,Lion City Foods Pte Ltd,LIONCI-001,SKU-00030,DailyBake Muffins,Bakery
1472,271,7,130,66,60,20.26,1337.16,2.0,8.0,2025-05-20 16:00:00,PO-00271,2025-05-20,2025-06-03,2025-06-04,SENT,SGD,1,store.manager,1,Lion City Foods Pte Ltd,LIONCI-001,SKU-00130,ButcherSelect Minced Beef,Meat
1473,271,8,148,184,181,1.73,318.32,0.0,8.0,2025-05-20 08:00:00,PO-00271,2025-05-20,2025-06-03,2025-06-04,SENT,SGD,1,store.manager,1,Lion City Foods Pte Ltd,LIONCI-001,SKU-00148,SnackTime Trail Mix,Snacks
1474,272,1,38,86,85,13.21,1136.06,5.0,8.0,2025-05-20 15:00:00,PO-00272,2025-05-20,2025-05-23,2025-05-22,SENT,SGD,1,system.auto,2,Evergreen Produce Importers,EVERGR-002,SKU-00038,DailyBake Croissant,Bakery
1475,272,2,75,48,47,11.08,531.84,5.0,8.0,2025-05-20 10:00:00,PO-00272,2025-05-20,2025-05-23,2025-05-22,SENT,SGD,1,system.auto,2,Evergreen Produce Importers,EVERGR-002,SKU-00075,FrostyFoods Frozen Pizza,Frozen
1476,272,3,144,72,70,20.06,1444.32,5.0,8.0,2025-05-20 08:00:00,PO-00272,2025-05-20,2025-05-23,2025-05-22,SENT,SGD,1,system.auto,2,Evergreen Produce Importers,EVERGR-002,SKU-00144,MeadowFresh Yogurt,Dairy
1477,272,4,67,41,38,16.01,656.41,0.0,8.0,2025-05-20 09:00:00,PO-00272,2025-05-20,2025-05-23,2025-05-22,SENT,SGD,1,system.auto,2,Evergreen Produce Importers,EVERGR-002,SKU-00067,SeaHarvest Prawns,Seafood
1478,272,5,119,36,34,2.64,95.04,3.0,8.0,2025-05-20 09:00:00,PO-00272,2025-05-20,2025-05-23,2025-05-22,SENT,SGD,1,system.auto,2,Evergreen Produce Importers,EVERGR-002,SKU-00119,FrostyFoods Frozen Peas,Frozen
1479,272,6,59,81,73,5.15,417.15,0.0,8.0,2025-05-20 09:00:00,PO-00272,2025-05-20,2025-05-23,2025-05-22,SENT,SGD,1,system.auto,2,Evergreen Produce Importers,EVERGR-002,SKU-00059,PureGlow Shampoo,Personal Care
1480,272,7,77,80,75,10.91,872.8,3.0,8.0,2025-05-20 15:00:00,PO-00272,2025-05-20,2025-05-23,2025-05-22,SENT,SGD,1,system.auto,2,Evergreen Produce Importers,EVERGR-002,SKU-00077,GreenFields Bananas,Produce
1481,272,8,43,35,33,31.57,1104.95,0.0,8.0,2025-05-20 12:00:00,PO-00272,2025-05-20,2025-05-23,2025-05-22,SENT,SGD,1,system.auto,2,Evergreen Produce Importers,EVERGR-002,SKU-00043,SeaHarvest Salmon Fillet,Seafood
1482,273,1,28,77,71,0.91,70.07,0.0,8.0,2025-05-26 10:00:00,PO-00273,2025-05-26,2025-06-08,2025-06-10,SENT,SGD,1,system.auto,9,Fresh & Crisp Snacks,FRESHC-009,SKU-00028,CitrusBurst Cola,Beverages
1483,273,2,87,50,50,1.15,57.5,5.0,8.0,2025-05-26 16:00:00,PO-00273,2025-05-26,2025-06-08,2025-06-10,SENT,SGD,1,system.auto,9,Fresh & Crisp Snacks,FRESHC-009,SKU-00087,DailyBake Muffins,Bakery
1484,273,3,55,40,40,25.24,1009.6,0.0,8.0,2025-05-26 12:00:00,PO-00273,2025-05-26,2025-06-08,2025-06-10,SENT,SGD,1,system.auto,9,Fresh & Crisp Snacks,FRESHC-009,SKU-00055,PrimeChoice Sausages,Meat
1485,273,4,88,52,51,21.9,1138.8,3.0,8.0,2025-05-26 15:00:00,PO-00273,2025-05-26,2025-06-08,2025-06-10,SENT,SGD,1,system.auto,9,Fresh & Crisp Snacks,FRESHC-009,SKU-00088,SeaHarvest Squid Rings,Seafood
1486,274,1,63,50,48,3.72,186.0,0.0,8.0,2025-05-26 08:00:00,PO-00274,2025-05-26,2025-06-04,2025-06-04,RECEIVED,SGD,1,store.manager,9,Fresh & Crisp Snacks,FRESHC-009,SKU-00063,CleanHome Trash Bags,Household
1487,274,2,131,129,122,5.84,753.36,0.0,8.0,2025-05-26 10:00:00,PO-00274,2025-05-26,2025-06-04,2025-06-04,RECEIVED,SGD,1,store.manager,9,Fresh & Crisp Snacks,FRESHC-009,SKU-00131,ArcticFresh Frozen Pizza,Frozen
1488,274,3,17,74,73,9.9,732.6,0.0,8.0,2025-05-26 10:00:00,PO-00274,2025-05-26,2025-06-04,2025-06-04,RECEIVED,SGD,1,store.manager,9,Fresh & Crisp Snacks,FRESHC-009,SKU-00017,ButcherSelect Chicken Breast,Meat
1489,274,4,65,60,57,14.33,859.8,0.0,8.0,2025-05-26 13:00:00,PO-00274,2025-05-26,2025-06-04,2025-06-04,RECEIVED,SGD,1,store.manager,9,Fresh & Crisp Snacks,FRESHC-009,SKU-00065,ButcherSelect Pork Chops,Meat
1490,274,5,115,87,82,1.39,120.93,5.0,8.0,2025-05-26 10:00:00,PO-00274,2025-05-26,2025-06-04,2025-06-04,RECEIVED,SGD,1,store.manager,9,Fresh & Crisp Snacks,FRESHC-009,SKU-00115,GoldenLoaf Muffins,Bakery
1491,275,1,144,95,91,19.18,1822.1,5.0,8.0,2025-05-27 16:00:00,PO-00275,2025-05-27,2025-06-03,2025-06-05,RECEIVED,SGD,1,inventory.bot,2,Evergreen Produce Importers,EVERGR-002,SKU-00144,MeadowFresh Yogurt,Dairy
1492,275,2,75,113,105,11.63,1314.19,3.0,8.0,2025-05-27 17:00:00,PO-00275,2025-05-27,2025-06-03,2025-06-05,RECEIVED,SGD,1,inventory.bot,2,Evergreen Produce Importers,EVERGR-002,SKU-00075,FrostyFoods Frozen Pizza,Frozen
1493,275,3,116,83,80,4.36,361.88,0.0,8.0,2025-05-27 08:00:00,PO-00275,2025-05-27,2025-06-03,2025-06-05,RECEIVED,SGD,1,inventory.bot,2,Evergreen Produce Importers,EVERGR-002,SKU-00116,FrostyFoods Fish Fillets,Frozen
1494,275,4,41,27,27,9.11,245.97,0.0,8.0,2025-05-27 09:00:00,PO-00275,2025-05-27,2025-06-03,2025-06-05,RECEIVED,SGD,1,inventory.bot,2,Evergreen Produce Importers,EVERGR-002,SKU-00041,SparklePro Paper Towels,Household
1495,275,5,119,108,107,2.77,299.16,0.0,8.0,2025-05-27 11:00:00,PO-00275,2025-05-27,2025-06-03,2025-06-05,RECEIVED,SGD,1,inventory.bot,2,Evergreen Produce Importers,EVERGR-002,SKU-00119,FrostyFoods Frozen Peas,Frozen
1496,275,6,98,46,46,19.18,882.28,2.0,8.0,2025-05-27 14:00:00,PO-00275,2025-05-27,2025-06-03,2025-06-05,RECEIVED,SGD,1,inventory.bot,2,Evergreen Produce Importers,EVERGR-002,SKU-00098,MeadowFresh Yogurt,Dairy
1497,275,7,114,36,33,17.97,646.92,0.0,8.0,2025-05-27 09:00:00,PO-00275,2025-05-27,2025-06-03,2025-06-05,RECEIVED,SGD,1,inventory.bot,2,Evergreen Produce Importers,EVERGR-002,SKU-00114,FrostyFoods Frozen Pizza,Frozen
1498,275,8,137,76,74,6.91,525.16,0.0,8.0,2025-05-27 10:00:00,PO-00275,2025-05-27,2025-06-03,2025-06-05,RECEIVED,SGD,1,inventory.bot,2,Evergreen Produce Importers,EVERGR-002,SKU-00137,GoldenLoaf Wholemeal Bread,Bakery
1499,276,1,116,68,63,4.22,286.96,5.0,8.0,2025-05-27 12:00:00,PO-00276,2025-05-27,2025-06-01,2025-06-04,SENT,SGD,1,procurement.mgr,2,Evergreen Produce Importers,EVERGR-002,SKU-00116,FrostyFoods Fish Fillets,Frozen
1500,276,2,98,61,56,19.24,1173.64,0.0,8.0,2025-05-27 14:00:00,PO-00276,2025-05-27,2025-06-01,2025-06-04,SENT,SGD,1,procurement.mgr,2,Evergreen Produce Importers,EVERGR-002,SKU-00098,MeadowFresh Yogurt,Dairy
