txn_id,txn_number,store_id,txn_datetime,customer_id,payment_method,total_items,subtotal_amount,tax_amount,discount_amount,total_amount,created_at
1,TXN-000001,1,2024-09-15 13:15:12,491,CARD,7,240.25,19.01,2.56,256.7,2024-09-15 13:15:12
2,TXN-000002,1,2024-04-30 10:49:16,424,CARD,9,196.08,15.3,4.81,206.57,2024-04-30 10:49:16
3,TXN-000003,1,2025-04-28 14:08:49,242,CASH,12,114.56,8.86,3.82,119.6,2025-04-28 14:08:49
4,TXN-000004,1,2024-01-01 09:30:09,,CARD,5,150.28,12.02,0.0,162.3,2024-01-01 09:30:09
5,TXN-000005,1,2024-09-24 12:53:05,,CASH,9,59.18,4.52,2.69,61.01,2024-09-24 12:53:05
6,TXN-000006,1,2024-04-15 15:26:18,,CARD,18,189.45,15.13,0.24,204.34,2024-04-15 15:26:18
7,TXN-000007,1,2024-10-17 19:55:05,,CASH,9,205.65,16.3,1.83,220.12,2024-10-17 19:55:05
8,TXN-000008,1,2024-02-28 15:54:46,233,CARD,10,225.82,17.87,2.25,241.44,2024-02-28 15:54:46
9,TXN-000009,1,2024-02-02 14:08:02,291,CASH,18,470.96,36.65,12.68,494.93,2024-02-02 14:08:02
10,TXN-000010,1,2024-04-08 12:39:41,,CARD,17,284.03,22.54,2.2,304.37,2024-04-08 12:39:41
11,TXN-000011,1,2024-10-29 16:27:33,284,CASH,17,269.9,21.07,6.48,284.49,2024-10-29 16:27:33
12,TXN-000012,1,2024-03-19 14:58:23,,CARD,13,316.29,24.92,4.78,336.43,2024-03-19 14:58:23
13,TXN-000013,1,2024-02-06 21:59:30,184,CARD,6,155.56,12.44,0.0,168.0,2024-02-06 21:59:30
14,TXN-000014,1,2024-03-19 19:32:23,156,CARD,11,159.82,12.56,2.89,169.49,2024-03-19 19:32:23
15,TXN-000015,1,2025-01-27 17:37:29,,CARD,5,85.06,6.81,0.0,91.87,2025-01-27 17:37:29
16,TXN-000016,1,2025-01-09 17:14:57,,EWALLET,2,13.53,1.08,0.0,14.61,2025-01-09 17:14:57
17,TXN-000017,1,2025-03-12 12:31:45,255,CASH,4,106.86,8.55,0.0,115.41,2025-03-12 12:31:45
18,TXN-000018,1,2024-01-31 18:03:10,47,EWALLET,3,22.11,1.74,0.25,23.6,2024-01-31 18:03:10
19,TXN-000019,1,2025-04-24 09:59:23,149,CARD,8,145.97,11.68,0.0,157.65,2025-04-24 09:59:23
20,TXN-000020,1,2024-02-03 18:01:50,,CARD,12,231.59,18.05,6.04,243.6,2024-02-03 18:01:50
21,TXN-000021,1,2025-02-12 14:25:01,448,EWALLET,7,79.35,6.35,0.0,85.7,2025-02-12 14:25:01
22,TXN-000022,1,2024-05-21 20:34:04,269,CARD,3,51.51,4.12,0.0,55.63,2024-05-21 20:34:04
23,TXN-000023,1,2025-04-12 14:16:23,,CARD,21,456.43,34.74,22.02,469.15,2025-04-12 14:16:23
24,TXN-000024,1,2025-01-21 19:15:42,,CARD,15,321.01,25.34,4.35,342.0,2025-01-21 19:15:42
25,TXN-000025,1,2025-03-09 14:00:38,,EWALLET,7,121.89,9.76,0.0,131.65,2025-03-09 14:00:38
26,TXN-000026,1,2025-03-09 14:25:11,438,CARD,11,196.56,15.73,0.0,212.29,2025-03-09 14:25:11
27,TXN-000027,1,2024-12-22 12:49:15,51,CARD,15,119.09,9.32,2.54,125.87,2024-12-22 12:49:15
28,TXN-000028,1,2024-04-26 12:26:31,14,CARD,9,189.75,15.18,0.0,204.93,2024-04-26 12:26:31
29,TXN-000029,1,2025-03-26 15:20:06,454,CARD,13,213.39,16.92,1.77,228.54,2025-03-26 15:20:06
30,TXN-000030,1,2025-01-18 14:12:51,,CARD,16,410.78,31.58,15.96,426.4,2025-01-18 14:12:51
31,TXN-000031,1,2025-04-22 14:46:42,,CASH,4,46.82,3.6,1.9,48.52,2025-04-22 14:46:42
32,TXN-000032,1,2025-03-24 14:33:28,269,CARD,17,263.7,20.59,6.2,278.09,2025-03-24 14:33:28
33,TXN-000033,1,2024-06-16 08:45:54,,EWALLET,15,284.27,22.31,5.4,301.18,2024-06-16 08:45:54
34,TXN-000034,1,2024-09-21 15:15:31,94,CARD,21,380.38,28.97,18.36,390.99,2024-09-21 15:15:31
35,TXN-000035,1,2024-03-26 19:50:50,32,EWALLET,9,105.82,8.47,0.0,114.29,2024-03-26 19:50:50
36,TXN-000036,1,2025-04-09 13:48:14,209,CASH,10,138.43,11.02,0.66,148.79,2025-04-09 13:48:14
37,TXN-000037,1,2024-12-06 22:01:42,,CARD,14,203.29,16.27,0.0,219.56,2024-12-06 22:01:42
38,TXN-000038,1,2024-07-07 12:06:25,,CASH,11,231.46,17.23,16.16,232.53,2024-07-07 12:06:25
39,TXN-000039,1,2024-01-10 13:52:23,,CASH,7,185.17,14.82,0.0,199.99,2024-01-10 13:52:23
40,TXN-000040,1,2024-01-31 11:19:12,,CARD,7,168.16,13.32,1.57,179.91,2024-01-31 11:19:12
41,TXN-000041,1,2024-07-03 15:16:17,,EWALLET,13,225.59,17.93,1.46,242.06,2024-07-03 15:16:17
42,TXN-000042,1,2025-02-17 18:00:58,,EWALLET,10,168.65,13.19,3.84,178.0,2025-02-17 18:00:58
43,TXN-000043,1,2024-05-23 14:39:27,364,CARD,10,131.79,10.55,0.0,142.34,2024-05-23 14:39:27
44,TXN-000044,1,2024-01-03 11:35:07,206,CARD,4,111.4,8.91,0.0,120.31,2024-01-03 11:35:07
45,TXN-000045,1,2025-01-28 17:39:21,423,CARD,20,279.32,21.89,5.76,295.45,2025-01-28 17:39:21
46,TXN-000046,1,2025-05-25 19:34:52,161,CARD,22,366.09,27.7,19.95,373.84,2025-05-25 19:34:52
47,TXN-000047,1,2024-11-13 19:16:59,,CASH,13,348.63,27.21,8.56,367.28,2024-11-13 19:16:59
48,TXN-000048,1,2024-03-27 15:37:11,347,CARD,11,250.04,19.83,2.07,267.8,2024-03-27 15:37:11
49,TXN-000049,1,2024-02-17 09:05:16,127,CARD,6,150.59,11.78,3.38,158.99,2024-02-17 09:05:16
50,TXN-000050,1,2024-05-24 22:29:22,,CARD,6,58.27,4.63,0.37,62.53,2024-05-24 22:29:22
51,TXN-000051,1,2024-07-11 15:24:53,151,CARD,11,233.44,18.5,2.32,249.62,2024-07-11 15:24:53
52,TXN-000052,1,2024-06-11 10:20:52,61,CARD,7,147.09,11.77,0.0,158.86,2024-06-11 10:20:52
53,TXN-000053,1,2024-04-19 15:38:06,19,CARD,8,149.91,12.0,0.0,161.91,2024-04-19 15:38:06
54,TXN-000054,1,2024-06-13 13:01:54,218,CARD,6,87.68,7.02,0.0,94.7,2024-06-13 13:01:54
55,TXN-000055,1,2024-07-12 17:35:57,27,CARD,6,176.08,13.94,1.82,188.2,2024-07-12 17:35:57
56,TXN-000056,1,2025-05-30 18:57:53,45,CASH,2,71.46,5.43,3.57,73.32,2025-05-30 18:57:53
57,TXN-000057,1,2024-03-27 09:58:34,242,CASH,15,290.98,23.29,0.0,314.27,2024-03-27 09:58:34
58,TXN-000058,1,2024-09-06 09:19:14,,CARD,10,231.11,18.38,1.42,248.07,2024-09-06 09:19:14
59,TXN-000059,1,2024-05-30 15:18:35,,CASH,3,69.46,5.53,0.25,74.74,2024-05-30 15:18:35
60,TXN-000060,1,2024-02-08 17:37:49,359,CARD,7,115.52,9.17,0.92,123.77,2024-02-08 17:37:49
61,TXN-000061,1,2025-05-15 11:19:56,,CARD,16,332.01,26.37,2.36,356.02,2025-05-15 11:19:56
62,TXN-000062,1,2024-08-02 18:33:34,140,CARD,10,221.99,17.68,0.99,238.68,2024-08-02 18:33:34
63,TXN-000063,1,2024-05-17 13:58:05,467,CARD,10,196.07,15.68,0.0,211.75,2024-05-17 13:58:05
64,TXN-000064,1,2025-04-23 15:44:27,,CARD,15,249.62,19.73,3.16,266.19,2025-04-23 15:44:27
65,TXN-000065,1,2024-05-12 17:01:59,426,CARD,13,342.5,26.34,13.26,355.58,2024-05-12 17:01:59
66,TXN-000066,1,2024-11-27 16:27:26,419,CARD,13,266.22,21.03,3.36,283.89,2024-11-27 16:27:26
67,TXN-000067,1,2025-02-08 14:53:57,301,CASH,10,212.18,15.99,12.28,215.89,2025-02-08 14:53:57
68,TXN-000068,1,2024-08-08 09:51:55,408,CASH,10,159.09,12.69,0.6,171.18,2024-08-08 09:51:55
69,TXN-000069,1,2024-07-28 20:25:02,82,CARD,7,224.15,17.92,0.12,241.95,2024-07-28 20:25:02
70,TXN-000070,1,2024-06-10 12:17:39,,EWALLET,7,154.28,12.35,0.0,166.63,2024-06-10 12:17:39
71,TXN-000071,1,2025-05-21 14:02:07,384,CASH,11,287.62,23.02,0.0,310.64,2025-05-21 14:02:07
72,TXN-000072,1,2024-05-15 17:02:10,,CARD,13,340.09,27.21,0.0,367.3,2024-05-15 17:02:10
73,TXN-000073,1,2024-11-14 15:38:51,103,EWALLET,6,158.48,12.66,0.08,171.06,2024-11-14 15:38:51
74,TXN-000074,1,2025-03-18 15:23:23,,CARD,7,145.51,11.64,0.0,157.15,2025-03-18 15:23:23
75,TXN-000075,1,2024-08-22 14:21:07,94,CARD,5,79.5,6.36,0.0,85.86,2024-08-22 14:21:07
76,TXN-000076,1,2025-05-07 17:28:20,15,CASH,3,43.26,3.46,0.0,46.72,2025-05-07 17:28:20
77,TXN-000077,1,2025-04-30 15:54:32,77,CASH,14,262.68,20.92,1.14,282.46,2025-04-30 15:54:32
78,TXN-000078,1,2024-04-02 17:32:53,229,CARD,7,161.57,12.91,0.06,174.42,2024-04-02 17:32:53
79,TXN-000079,1,2024-12-17 08:23:01,,CARD,17,401.9,32.16,0.0,434.06,2024-12-17 08:23:01
80,TXN-000080,1,2024-06-02 20:06:44,152,CARD,8,221.05,17.68,0.0,238.73,2024-06-02 20:06:44
81,TXN-000081,1,2024-03-03 10:43:50,370,CARD,12,200.08,14.41,20.24,194.25,2024-03-03 10:43:50
82,TXN-000082,1,2024-08-19 16:46:34,192,CASH,13,244.06,19.33,2.5,260.89,2024-08-19 16:46:34
83,TXN-000083,1,2025-01-18 11:07:52,194,CARD,12,194.17,14.01,19.22,188.96,2025-01-18 11:07:52
84,TXN-000084,1,2024-08-26 12:06:51,,CARD,4,118.18,9.22,2.94,124.46,2024-08-26 12:06:51
85,TXN-000085,1,2024-07-22 16:08:15,41,CASH,18,229.06,18.13,2.32,244.87,2024-07-22 16:08:15
86,TXN-000086,1,2024-09-25 13:11:55,106,CARD,16,208.7,16.57,1.52,223.75,2024-09-25 13:11:55
87,TXN-000087,1,2024-07-18 17:30:28,230,CARD,7,154.93,12.3,1.11,166.12,2024-07-18 17:30:28
88,TXN-000088,1,2025-02-04 17:08:51,221,CASH,11,265.09,21.21,0.0,286.3,2025-02-04 17:08:51
89,TXN-000089,1,2024-11-26 21:50:58,,CASH,7,186.27,14.8,1.11,199.96,2024-11-26 21:50:58
90,TXN-000090,1,2024-11-02 14:17:00,,CARD,8,56.15,4.33,2.06,58.42,2024-11-02 14:17:00
91,TXN-000091,1,2024-11-06 12:01:48,151,CASH,14,151.02,11.96,1.5,161.48,2024-11-06 12:01:48
92,TXN-000092,1,2025-03-27 15:31:24,244,CASH,11,183.57,14.68,0.0,198.25,2025-03-27 15:31:24
93,TXN-000093,1,2024-04-27 14:08:12,,CARD,8,161.88,12.43,6.55,167.76,2024-04-27 14:08:12
94,TXN-000094,1,2024-09-11 12:58:26,143,CASH,8,192.28,15.38,0.0,207.66,2024-09-11 12:58:26
95,TXN-000095,1,2024-06-02 14:34:31,441,CARD,10,111.17,8.46,5.41,114.22,2024-06-02 14:34:31
96,TXN-000096,1,2024-12-15 16:17:46,,CASH,14,281.81,21.16,17.23,285.74,2024-12-15 16:17:46
97,TXN-000097,1,2024-06-08 17:29:13,403,CARD,20,299.5,23.77,2.26,321.01,2024-06-08 17:29:13
98,TXN-000098,1,2024-04-12 12:37:21,87,EWALLET,8,238.67,18.84,3.14,254.37,2024-04-12 12:37:21
99,TXN-000099,1,2024-12-27 15:58:36,,EWALLET,5,78.91,6.31,0.0,85.22,2024-12-27 15:58:36
100,TXN-000100,1,2024-11-05 19:16:51,259,EWALLET,9,122.54,9.4,5.05,126.89,2024-11-05 19:16:51
101,TXN-000101,1,2024-11-08 17:47:49,,EWALLET,14,99.36,7.86,1.1,106.12,2024-11-08 17:47:49
102,TXN-000102,1,2024-06-28 13:39:47,237,CASH,8,220.05,17.62,0.0,237.67,2024-06-28 13:39:47
103,TXN-000103,1,2024-02-20 17:27:37,143,CARD,7,145.96,11.49,2.4,155.05,2024-02-20 17:27:37
104,TXN-000104,1,2025-03-30 13:57:33,438,EWALLET,14,138.13,10.46,7.34,141.25,2025-03-30 13:57:33
105,TXN-000105,1,2025-03-25 12:34:02,22,EWALLET,14,232.75,18.29,4.07,246.97,2025-03-25 12:34:02
106,TXN-000106,1,2025-03-19 15:57:46,,CASH,13,353.02,28.24,0.0,381.26,2025-03-19 15:57:46
107,TXN-000107,1,2024-03-21 14:48:51,,EWALLET,2,48.62,3.89,0.0,52.51,2024-03-21 14:48:51
108,TXN-000108,1,2024-01-08 15:55:38,496,CARD,4,49.48,3.96,0.0,53.44,2024-01-08 15:55:38
109,TXN-000109,1,2024-03-02 17:17:51,358,EWALLET,11,182.87,14.1,6.69,190.28,2024-03-02 17:17:51
110,TXN-000110,1,2025-01-21 17:10:39,368,CARD,8,223.75,17.91,0.0,241.66,2025-01-21 17:10:39
111,TXN-000111,1,2025-05-18 20:47:42,125,EWALLET,13,406.5,29.59,36.83,399.26,2025-05-18 20:47:42
112,TXN-000112,1,2024-07-22 14:06:20,42,CARD,9,187.92,15.04,0.0,202.96,2024-07-22 14:06:20
113,TXN-000113,1,2024-02-25 12:52:03,43,CARD,18,510.98,38.65,27.9,521.73,2024-02-25 12:52:03
114,TXN-000114,1,2025-02-28 15:32:20,,CARD,9,328.51,26.06,2.74,351.83,2025-02-28 15:32:20
115,TXN-000115,1,2025-05-12 11:27:49,64,EWALLET,7,182.47,14.28,4.12,192.63,2025-05-12 11:27:49
116,TXN-000116,1,2025-01-09 20:52:23,64,CARD,16,277.48,21.98,2.61,296.85,2025-01-09 20:52:23
117,TXN-000117,1,2025-05-12 15:47:56,326,CARD,13,258.84,20.04,8.42,270.46,2025-05-12 15:47:56
118,TXN-000118,1,2024-09-25 12:35:14,,CARD,5,37.59,2.96,0.64,39.91,2024-09-25 12:35:14
119,TXN-000119,1,2025-05-27 17:26:43,489,CARD,6,75.55,6.05,0.0,81.6,2025-05-27 17:26:43
120,TXN-000120,1,2025-03-10 15:16:27,53,CARD,4,64.92,5.2,0.0,70.12,2025-03-10 15:16:27
121,TXN-000121,1,2024-11-29 17:04:36,178,CARD,6,176.26,14.09,0.0,190.35,2024-11-29 17:04:36
122,TXN-000122,1,2024-08-22 17:09:00,,EWALLET,8,92.87,7.43,0.0,100.3,2024-08-22 17:09:00
123,TXN-000123,1,2025-05-23 16:02:04,5,CARD,7,155.97,12.05,5.36,162.66,2025-05-23 16:02:04
124,TXN-000124,1,2024-03-08 08:55:58,258,CARD,15,267.7,20.77,8.21,280.26,2024-03-08 08:55:58
125,TXN-000125,1,2024-09-22 11:03:46,,CARD,11,190.49,14.71,6.51,198.69,2024-09-22 11:03:46
126,TXN-000126,1,2024-03-31 17:03:06,,EWALLET,17,232.05,17.57,12.56,237.06,2024-03-31 17:03:06
127,TXN-000127,1,2024-07-17 12:36:12,57,CARD,15,233.09,18.33,3.9,247.52,2024-07-17 12:36:12
128,TXN-000128,1,2025-02-09 14:08:00,,CARD,7,205.46,14.92,19.04,201.34,2025-02-09 14:08:00
129,TXN-000129,1,2025-02-10 17:32:23,,EWALLET,6,59.19,4.74,0.0,63.93,2025-02-10 17:32:23
130,TXN-000130,1,2025-05-05 14:51:55,89,CARD,9,136.33,10.9,0.0,147.23,2025-05-05 14:51:55
131,TXN-000131,1,2024-11-06 13:56:04,,CASH,14,281.48,22.51,0.16,303.83,2024-11-06 13:56:04
132,TXN-000132,1,2024-11-07 16:56:11,,CASH,19,226.63,18.13,0.0,244.76,2024-11-07 16:56:11
133,TXN-000133,1,2024-04-16 13:00:05,480,EWALLET,15,291.55,23.22,1.24,313.53,2024-04-16 13:00:05
134,TXN-000134,1,2024-02-08 08:40:28,,CARD,5,63.42,5.08,0.0,68.5,2024-02-08 08:40:28
135,TXN-000135,1,2024-04-29 22:39:07,318,EWALLET,13,269.57,21.3,3.27,287.6,2024-04-29 22:39:07
136,TXN-000136,1,2025-02-03 14:15:22,,CARD,5,87.93,7.04,0.0,94.97,2025-02-03 14:15:22
137,TXN-000137,1,2024-11-07 19:32:33,,CARD,7,183.44,14.46,2.62,195.28,2024-11-07 19:32:33
138,TXN-000138,1,2024-04-05 18:50:55,152,EWALLET,12,254.69,20.32,0.6,274.41,2024-04-05 18:50:55
139,TXN-000139,1,2024-01-27 17:53:18,145,EWALLET,9,225.09,16.96,13.14,228.91,2024-01-27 17:53:18
140,TXN-000140,1,2024-08-12 13:56:28,159,CARD,4,39.8,3.19,0.0,42.99,2024-08-12 13:56:28
141,TXN-000141,1,2024-08-11 08:51:56,310,CARD,21,490.14,37.67,19.39,508.42,2024-08-11 08:51:56
142,TXN-000142,1,2024-07-09 17:39:45,,EWALLET,15,252.52,19.89,3.94,268.47,2024-07-09 17:39:45
143,TXN-000143,1,2025-04-24 12:17:56,236,CASH,13,287.18,22.86,1.37,308.67,2025-04-24 12:17:56
144,TXN-000144,1,2024-06-03 16:37:36,285,CARD,6,70.1,5.61,0.0,75.71,2024-06-03 16:37:36
145,TXN-000145,1,2025-01-13 10:36:22,,CARD,16,279.91,22.32,0.81,301.42,2025-01-13 10:36:22
146,TXN-000146,1,2024-11-30 17:29:59,428,EWALLET,11,122.53,9.8,0.09,132.24,2024-11-30 17:29:59
147,TXN-000147,1,2024-06-23 12:21:37,,CARD,8,245.29,16.4,40.32,221.37,2024-06-23 12:21:37
148,TXN-000148,1,2025-02-07 11:03:39,15,CASH,11,220.66,17.53,1.48,236.71,2025-02-07 11:03:39
149,TXN-000149,1,2025-02-03 19:25:31,,CASH,8,232.77,18.62,0.0,251.39,2025-02-03 19:25:31
150,TXN-000150,1,2024-05-18 12:37:58,228,EWALLET,12,261.16,20.12,9.66,271.62,2024-05-18 12:37:58
151,TXN-000151,1,2025-04-11 16:33:40,,CASH,3,77.86,6.22,0.06,84.02,2025-04-11 16:33:40
152,TXN-000152,1,2024-10-16 11:40:11,,CARD,6,47.25,3.79,0.0,51.04,2024-10-16 11:40:11
153,TXN-000153,1,2024-09-19 19:20:50,,CARD,14,231.75,18.54,0.0,250.29,2024-09-19 19:20:50
154,TXN-000154,1,2025-01-30 09:17:33,,CARD,9,144.7,11.41,2.1,154.01,2025-01-30 09:17:33
155,TXN-000155,1,2024-05-30 16:36:22,25,EWALLET,8,181.3,14.28,2.83,192.75,2024-05-30 16:36:22
156,TXN-000156,1,2024-12-26 13:30:43,459,EWALLET,9,139.53,11.09,0.84,149.78,2024-12-26 13:30:43
157,TXN-000157,1,2025-05-14 13:08:29,,CARD,7,190.87,14.77,6.24,199.4,2025-05-14 13:08:29
158,TXN-000158,1,2024-11-27 14:14:41,,CASH,13,345.96,27.67,0.0,373.63,2024-11-27 14:14:41
159,TXN-000159,1,2024-06-03 20:52:44,313,CARD,7,102.25,8.02,2.06,108.21,2024-06-03 20:52:44
160,TXN-000160,1,2024-05-31 15:02:29,310,CARD,9,132.7,10.57,0.48,142.79,2024-05-31 15:02:29
161,TXN-000161,1,2025-02-05 18:30:44,,CARD,6,131.35,10.47,0.32,141.5,2025-02-05 18:30:44
162,TXN-000162,1,2024-11-08 10:00:25,,CARD,5,70.61,5.47,2.3,73.78,2024-11-08 10:00:25
163,TXN-000163,1,2025-04-05 09:47:08,102,EWALLET,14,374.94,28.56,17.99,385.51,2025-04-05 09:47:08
164,TXN-000164,1,2024-06-06 15:56:33,449,CARD,15,266.2,21.12,2.1,285.22,2024-06-06 15:56:33
165,TXN-000165,1,2024-04-17 11:46:22,,CARD,11,133.89,10.71,0.0,144.6,2024-04-17 11:46:22
166,TXN-000166,1,2024-07-24 17:40:48,494,CARD,17,234.13,18.73,0.0,252.86,2024-07-24 17:40:48
167,TXN-000167,1,2024-08-11 08:33:07,244,CARD,7,144.09,11.04,6.07,149.06,2024-08-11 08:33:07
168,TXN-000168,1,2024-05-31 17:29:55,454,CARD,6,155.52,12.44,0.0,167.96,2024-05-31 17:29:55
169,TXN-000169,1,2024-04-18 17:09:06,309,CASH,11,295.8,23.15,6.45,312.5,2024-04-18 17:09:06
170,TXN-000170,1,2024-07-23 17:44:27,,CARD,4,145.38,11.21,5.24,151.35,2024-07-23 17:44:27
171,TXN-000171,1,2024-07-31 12:42:29,268,CASH,11,140.68,10.94,3.87,147.75,2024-07-31 12:42:29
172,TXN-000172,1,2024-02-11 20:22:04,,CASH,9,183.5,14.03,8.04,189.49,2024-02-11 20:22:04
173,TXN-000173,1,2025-03-15 15:59:51,,CARD,8,140.6,11.19,0.66,151.13,2025-03-15 15:59:51
174,TXN-000174,1,2024-09-12 13:57:18,312,CASH,4,90.1,7.18,0.37,96.91,2024-09-12 13:57:18
175,TXN-000175,1,2024-01-21 22:06:21,300,CARD,16,301.66,23.08,13.22,311.52,2024-01-21 22:06:21
176,TXN-000176,1,2025-04-05 12:11:36,434,CARD,20,196.16,14.91,9.76,201.31,2025-04-05 12:11:36
177,TXN-000177,1,2024-02-22 13:59:55,9,EWALLET,10,224.29,17.66,3.63,238.32,2024-02-22 13:59:55
178,TXN-000178,1,2024-12-05 21:24:39,94,CASH,4,72.76,5.82,0.0,78.58,2024-12-05 21:24:39
179,TXN-000179,1,2024-09-09 14:23:06,161,CARD,7,109.51,8.54,2.81,115.24,2024-09-09 14:23:06
180,TXN-000180,1,2024-10-12 19:00:28,,CARD,11,218.43,16.44,12.99,221.88,2024-10-12 19:00:28
181,TXN-000181,1,2024-09-19 16:37:28,178,CARD,7,141.98,11.35,0.0,153.33,2024-09-19 16:37:28
182,TXN-000182,1,2024-07-29 16:59:50,86,CARD,2,50.86,4.07,0.0,54.93,2024-07-29 16:59:50
183,TXN-000183,1,2025-05-16 14:10:22,,CARD,9,171.33,13.43,3.32,181.44,2025-05-16 14:10:22
184,TXN-000184,1,2025-01-01 12:20:02,385,EWALLET,16,260.37,20.84,0.0,281.21,2025-01-01 12:20:02
185,TXN-000185,1,2024-08-29 14:30:52,365,CARD,13,237.58,18.28,9.01,246.85,2024-08-29 14:30:52
186,TXN-000186,1,2024-01-05 20:22:46,265,CARD,9,255.78,20.37,1.16,274.99,2024-01-05 20:22:46
187,TXN-000187,1,2024-03-04 14:01:03,112,CARD,5,148.89,11.68,2.85,157.72,2024-03-04 14:01:03
188,TXN-000188,1,2024-02-19 16:45:07,120,CARD,17,314.51,24.38,9.83,329.06,2024-02-19 16:45:07
189,TXN-000189,1,2024-03-12 18:31:38,239,CASH,11,256.89,20.55,0.0,277.44,2024-03-12 18:31:38
190,TXN-000190,1,2024-07-03 15:08:02,108,EWALLET,11,247.47,19.5,3.9,263.07,2024-07-03 15:08:02
191,TXN-000191,1,2024-03-09 14:49:14,242,CARD,8,137.05,10.97,0.0,148.02,2024-03-09 14:49:14
192,TXN-000192,1,2024-10-29 09:36:20,,CARD,15,231.43,18.52,0.0,249.95,2024-10-29 09:36:20
193,TXN-000193,1,2024-03-12 12:07:26,185,CARD,7,119.19,9.32,2.62,125.89,2024-03-12 12:07:26
194,TXN-000194,1,2024-01-27 13:03:18,82,CARD,18,330.62,24.76,21.15,334.23,2024-01-27 13:03:18
195,TXN-000195,1,2024-11-18 15:47:03,,EWALLET,7,196.58,15.72,0.0,212.3,2024-11-18 15:47:03
196,TXN-000196,1,2025-04-26 16:29:34,,EWALLET,13,269.26,20.56,12.3,277.52,2025-04-26 16:29:34
197,TXN-000197,1,2025-05-12 11:35:17,154,EWALLET,13,234.71,18.65,1.79,251.57,2025-05-12 11:35:17
198,TXN-000198,1,2025-05-16 09:59:13,406,EWALLET,11,250.29,20.02,0.0,270.31,2025-05-16 09:59:13
199,TXN-000199,1,2025-03-27 08:56:45,,CARD,8,120.1,9.61,0.0,129.71,2025-03-27 08:56:45
200,TXN-000200,1,2025-03-30 10:32:36,79,EWALLET,12,118.96,8.9,7.69,120.17,2025-03-30 10:32:36
201,TXN-000201,1,2024-08-11 19:55:09,,CARD,11,184.95,14.43,4.6,194.78,2024-08-11 19:55:09
202,TXN-000202,1,2024-01-02 12:29:09,274,CARD,13,243.99,19.42,1.02,262.39,2024-01-02 12:29:09
203,TXN-000203,1,2024-02-01 17:50:08,125,CARD,4,138.46,11.08,0.0,149.54,2024-02-01 17:50:08
204,TXN-000204,1,2024-06-26 17:00:44,,CASH,5,75.4,6.03,0.0,81.43,2024-06-26 17:00:44
205,TXN-000205,1,2024-02-04 22:53:44,239,CARD,12,229.91,17.69,8.84,238.76,2024-02-04 22:53:44
206,TXN-000206,1,2024-10-24 10:41:56,254,CARD,10,50.97,4.09,0.0,55.06,2024-10-24 10:41:56
207,TXN-000207,1,2024-11-05 16:26:58,,CARD,2,73.44,5.88,0.0,79.32,2024-11-05 16:26:58
208,TXN-000208,1,2025-02-12 12:57:25,,CARD,3,111.94,8.68,3.46,117.16,2025-02-12 12:57:25
209,TXN-000209,1,2024-06-09 16:32:04,263,CASH,12,252.53,19.73,5.83,266.43,2024-06-09 16:32:04
210,TXN-000210,1,2025-01-27 17:26:30,60,CARD,7,135.3,10.83,0.0,146.13,2025-01-27 17:26:30
211,TXN-000211,1,2024-11-23 19:33:38,171,CARD,19,520.23,40.04,19.68,540.59,2024-11-23 19:33:38
212,TXN-000212,1,2024-12-15 10:27:34,,CASH,10,234.7,17.82,11.93,240.59,2024-12-15 10:27:34
213,TXN-000213,1,2024-09-08 17:14:41,,CARD,16,264.11,18.94,27.26,255.79,2024-09-08 17:14:41
214,TXN-000214,1,2024-06-17 20:19:25,439,CASH,13,209.41,16.74,0.0,226.15,2024-06-17 20:19:25
215,TXN-000215,1,2025-01-26 17:52:42,149,CARD,9,36.72,2.83,1.41,38.14,2025-01-26 17:52:42
216,TXN-000216,1,2025-03-12 09:04:16,58,EWALLET,7,153.62,12.29,0.0,165.91,2025-03-12 09:04:16
217,TXN-000217,1,2025-05-16 12:00:44,129,CARD,12,316.72,25.34,0.0,342.06,2025-05-16 12:00:44
218,TXN-000218,1,2025-01-15 11:50:43,,CARD,10,226.17,17.69,5.13,238.73,2025-01-15 11:50:43
219,TXN-000219,1,2025-05-19 19:44:02,,CARD,9,175.84,14.07,0.0,189.91,2025-05-19 19:44:02
220,TXN-000220,1,2025-02-10 19:59:37,,EWALLET,6,184.68,14.77,0.0,199.45,2025-02-10 19:59:37
221,TXN-000221,1,2025-05-28 18:06:49,447,CARD,2,26.06,2.09,0.0,28.15,2025-05-28 18:06:49
222,TXN-000222,1,2024-02-28 14:56:21,128,CARD,19,214.04,17.12,0.0,231.16,2024-02-28 14:56:21
223,TXN-000223,1,2024-11-15 13:48:20,420,CARD,4,36.98,2.96,0.0,39.94,2024-11-15 13:48:20
224,TXN-000224,1,2024-03-04 12:53:56,,CARD,3,116.31,9.31,0.0,125.62,2024-03-04 12:53:56
225,TXN-000225,1,2024-05-11 15:13:31,111,EWALLET,19,579.59,45.4,12.09,612.9,2024-05-11 15:13:31
226,TXN-000226,1,2024-05-25 15:40:29,,CARD,9,227.36,16.25,24.27,219.34,2024-05-25 15:40:29
227,TXN-000227,1,2024-11-16 18:38:51,,EWALLET,19,295.44,22.28,16.99,300.73,2024-11-16 18:38:51
228,TXN-000228,1,2024-07-07 09:39:55,,CASH,18,330.49,24.7,21.74,333.45,2024-07-07 09:39:55
229,TXN-000229,1,2024-07-12 11:01:11,280,CARD,9,154.1,11.93,5.01,161.02,2024-07-12 11:01:11
230,TXN-000230,1,2025-01-13 14:32:35,,EWALLET,12,246.04,19.55,1.58,264.01,2025-01-13 14:32:35
231,TXN-000231,1,2024-12-15 09:44:22,394,CARD,13,264.66,18.52,33.22,249.96,2024-12-15 09:44:22
232,TXN-000232,1,2025-03-26 14:43:19,94,CARD,5,32.93,2.63,0.12,35.44,2025-03-26 14:43:19
233,TXN-000233,1,2025-04-06 10:29:44,72,CARD,8,199.13,14.54,17.36,196.31,2025-04-06 10:29:44
234,TXN-000234,1,2024-07-23 14:49:06,495,CARD,11,300.22,24.03,0.0,324.25,2024-07-23 14:49:06
235,TXN-000235,1,2025-01-20 14:22:40,460,EWALLET,9,197.44,15.8,0.0,213.24,2025-01-20 14:22:40
236,TXN-000236,1,2024-03-27 12:42:00,466,EWALLET,6,58.08,4.54,1.26,61.36,2024-03-27 12:42:00
237,TXN-000237,1,2024-05-15 16:46:45,,CARD,11,282.64,22.62,0.0,305.26,2024-05-15 16:46:45
238,TXN-000238,1,2025-04-19 13:23:59,,EWALLET,15,327.69,25.45,9.55,343.59,2025-04-19 13:23:59
239,TXN-000239,1,2024-07-19 11:55:10,163,CARD,5,44.13,3.53,0.0,47.66,2024-07-19 11:55:10
240,TXN-000240,1,2024-07-22 13:30:33,406,CASH,11,243.51,19.19,3.59,259.11,2024-07-22 13:30:33
241,TXN-000241,1,2024-09-04 18:50:43,330,CASH,4,55.66,4.42,0.4,59.68,2024-09-04 18:50:43
242,TXN-000242,1,2024-01-11 12:23:24,,CARD,12,176.36,14.11,0.0,190.47,2024-01-11 12:23:24
243,TXN-000243,1,2024-08-02 13:02:24,487,CARD,13,269.77,21.54,0.44,290.87,2024-08-02 13:02:24
244,TXN-000244,1,2024-03-18 13:35:37,36,CARD,6,97.61,7.81,0.0,105.42,2024-03-18 13:35:37
245,TXN-000245,1,2024-10-24 10:28:27,366,EWALLET,19,301.19,23.98,1.45,323.72,2024-10-24 10:28:27
246,TXN-000246,1,2025-01-09 12:28:01,491,CARD,7,99.71,7.97,0.0,107.68,2025-01-09 12:28:01
247,TXN-000247,1,2025-03-13 15:53:03,,EWALLET,18,458.84,36.25,5.7,489.39,2025-03-13 15:53:03
248,TXN-000248,1,2024-12-14 11:42:36,118,CASH,8,182.86,13.12,18.88,177.1,2024-12-14 11:42:36
249,TXN-000249,1,2024-06-07 10:45:07,99,CARD,15,195.22,15.61,0.0,210.83,2024-06-07 10:45:07
250,TXN-000250,1,2024-06-30 15:35:30,,CARD,13,287.95,21.63,17.68,291.9,2024-06-30 15:35:30
251,TXN-000251,1,2024-05-06 14:59:04,378,CARD,5,77.79,6.08,1.66,82.21,2024-05-06 14:59:04
252,TXN-000252,1,2024-09-21 15:09:08,,EWALLET,18,283.02,21.41,15.29,289.14,2024-09-21 15:09:08
253,TXN-000253,1,2024-01-10 18:31:40,263,CARD,11,120.16,9.51,1.27,128.4,2024-01-10 18:31:40
254,TXN-000254,1,2024-08-19 12:51:49,,CASH,6,155.94,12.47,0.0,168.41,2024-08-19 12:51:49
255,TXN-000255,1,2024-08-17 11:21:54,97,EWALLET,9,206.43,15.88,7.81,214.5,2024-08-17 11:21:54
256,TXN-000256,1,2025-02-21 16:33:46,327,CARD,10,165.17,13.11,1.48,176.8,2025-02-21 16:33:46
257,TXN-000257,1,2024-12-08 18:49:27,375,CARD,12,171.79,12.73,12.57,171.95,2024-12-08 18:49:27
258,TXN-000258,1,2024-11-20 12:54:16,21,CARD,11,124.57,9.94,0.27,134.24,2024-11-20 12:54:16
259,TXN-000259,1,2024-07-10 19:03:22,,CARD,4,144.7,11.1,5.97,149.83,2024-07-10 19:03:22
260,TXN-000260,1,2024-06-28 18:29:29,382,CASH,9,155.6,12.34,1.29,166.65,2024-06-28 18:29:29
261,TXN-000261,1,2025-03-04 18:15:04,,EWALLET,8,130.68,10.14,3.77,137.05,2025-03-04 18:15:04
262,TXN-000262,1,2024-01-28 11:04:45,350,CARD,10,154.99,11.03,17.03,148.99,2024-01-28 11:04:45
263,TXN-000263,1,2025-01-27 18:33:36,,CASH,7,337.36,26.98,0.0,364.34,2025-01-27 18:33:36
264,TXN-000264,1,2024-08-14 16:13:37,216,CARD,13,98.03,7.72,1.48,104.27,2024-08-14 16:13:37
265,TXN-000265,1,2024-09-22 15:13:04,,CARD,20,368.84,28.35,14.52,382.67,2024-09-22 15:13:04
266,TXN-000266,1,2024-07-27 20:26:38,197,CASH,6,63.14,4.94,1.42,66.66,2024-07-27 20:26:38
267,TXN-000267,1,2024-10-29 12:42:34,183,CARD,13,164.04,12.83,3.68,173.19,2024-10-29 12:42:34
268,TXN-000268,1,2024-06-03 18:10:19,176,CARD,4,36.58,2.89,0.56,38.91,2024-06-03 18:10:19
269,TXN-000269,1,2024-01-10 14:37:54,,EWALLET,7,239.68,19.18,0.0,258.86,2024-01-10 14:37:54
270,TXN-000270,1,2024-07-01 11:02:58,,EWALLET,14,370.75,28.88,9.8,389.83,2024-07-01 11:02:58
271,TXN-000271,1,2025-02-27 12:36:05,127,CARD,11,258.38,20.56,1.25,277.69,2025-02-27 12:36:05
272,TXN-000272,1,2025-02-27 21:15:05,,CARD,3,99.27,7.94,0.0,107.21,2025-02-27 21:15:05
273,TXN-000273,1,2024-10-17 12:43:09,,EWALLET,12,202.02,16.16,0.0,218.18,2024-10-17 12:43:09
274,TXN-000274,1,2024-07-28 22:04:26,,CASH,17,288.02,21.96,13.64,296.34,2024-07-28 22:04:26
275,TXN-000275,1,2024-07-28 17:32:09,427,CARD,17,210.84,15.21,20.74,205.31,2024-07-28 17:32:09
276,TXN-000276,1,2024-12-18 11:24:42,220,CARD,9,121.61,9.29,5.44,125.46,2024-12-18 11:24:42
277,TXN-000277,1,2024-01-05 14:51:59,129,EWALLET,8,264.0,21.08,0.5,284.58,2024-01-05 14:51:59
278,TXN-000278,1,2024-04-25 08:52:14,369,CASH,10,244.24,19.48,0.64,263.08,2024-04-25 08:52:14
279,TXN-000279,1,2024-04-19 13:13:01,36,CASH,4,23.33,1.78,0.99,24.12,2024-04-19 13:13:01
280,TXN-000280,1,2024-03-06 16:58:29,,CARD,5,17.4,1.39,0.0,18.79,2024-03-06 16:58:29
281,TXN-000281,1,2024-07-23 17:18:28,,CARD,8,56.76,4.55,0.0,61.31,2024-07-23 17:18:28
282,TXN-000282,1,2024-02-04 16:34:01,221,CARD,18,259.38,19.81,11.78,267.41,2024-02-04 16:34:01
283,TXN-000283,1,2024-03-08 13:16:45,70,CARD,5,132.68,10.62,0.0,143.3,2024-03-08 13:16:45
284,TXN-000284,1,2024-05-09 14:10:39,218,CARD,11,272.61,21.45,4.41,289.65,2024-05-09 14:10:39
285,TXN-000285,1,2025-01-13 09:52:48,143,CARD,8,161.31,12.91,0.0,174.22,2025-01-13 09:52:48
286,TXN-000286,1,2024-04-23 14:47:42,,CARD,16,346.76,27.46,3.36,370.86,2024-04-23 14:47:42
287,TXN-000287,1,2024-02-01 19:11:58,,CARD,3,20.93,1.59,1.05,21.47,2024-02-01 19:11:58
288,TXN-000288,1,2024-07-15 17:21:28,479,EWALLET,5,178.11,14.25,0.0,192.36,2024-07-15 17:21:28
289,TXN-000289,1,2024-07-23 17:11:52,235,CARD,8,181.3,14.19,3.9,191.59,2024-07-23 17:11:52
290,TXN-000290,1,2024-02-16 14:52:04,416,CARD,3,49.31,3.95,0.0,53.26,2024-02-16 14:52:04
291,TXN-000291,1,2024-06-29 17:06:58,328,CARD,14,368.92,27.78,21.81,374.89,2024-06-29 17:06:58
292,TXN-000292,1,2024-06-30 11:03:02,432,CARD,20,501.99,38.6,19.44,521.15,2024-06-30 11:03:02
293,TXN-000293,1,2025-03-22 13:49:59,,CARD,17,273.2,20.36,18.72,274.84,2025-03-22 13:49:59
294,TXN-000294,1,2025-01-29 14:41:42,,CARD,7,212.71,17.02,0.0,229.73,2025-01-29 14:41:42
295,TXN-000295,1,2025-02-07 12:52:52,112,CASH,7,311.03,24.19,8.6,326.62,2025-02-07 12:52:52
296,TXN-000296,1,2024-09-02 20:09:17,,CARD,4,46.34,3.64,0.84,49.14,2024-09-02 20:09:17
297,TXN-000297,1,2025-01-02 13:45:37,133,CARD,4,37.03,2.96,0.0,39.99,2025-01-02 13:45:37
298,TXN-000298,1,2024-12-08 14:06:59,414,CASH,12,241.67,19.32,0.24,260.75,2024-12-08 14:06:59
299,TXN-000299,1,2024-04-15 16:13:15,,EWALLET,4,149.84,11.99,0.0,161.83,2024-04-15 16:13:15
300,TXN-000300,1,2024-10-08 21:18:23,491,CARD,5,106.68,8.53,0.0,115.21,2024-10-08 21:18:23
301,TXN-000301,1,2024-03-14 15:55:35,,CARD,11,310.04,24.41,5.0,329.45,2024-03-14 15:55:35
302,TXN-000302,1,2024-05-10 15:05:19,375,EWALLET,12,216.43,17.3,0.0,233.73,2024-05-10 15:05:19
303,TXN-000303,1,2024-07-28 20:47:47,,CARD,11,316.88,23.75,19.94,320.69,2024-07-28 20:47:47
304,TXN-000304,1,2024-05-17 20:16:28,497,CASH,13,202.22,15.73,5.57,212.38,2024-05-17 20:16:28
305,TXN-000305,1,2024-08-24 12:21:42,408,CARD,16,464.01,36.68,5.48,495.21,2024-08-24 12:21:42
306,TXN-000306,1,2024-02-16 14:52:27,,CARD,10,145.73,11.55,1.31,155.97,2024-02-16 14:52:27
307,TXN-000307,1,2024-10-10 14:45:25,,CASH,14,204.66,16.37,0.0,221.03,2024-10-10 14:45:25
308,TXN-000308,1,2025-03-23 17:23:29,478,CARD,8,276.68,21.9,3.07,295.51,2025-03-23 17:23:29
309,TXN-000309,1,2024-12-31 16:14:47,,EWALLET,13,415.41,32.82,5.2,443.03,2024-12-31 16:14:47
310,TXN-000310,1,2025-03-13 17:06:20,325,CARD,7,59.22,4.73,0.0,63.95,2025-03-13 17:06:20
311,TXN-000311,1,2024-05-24 21:08:05,,CARD,15,288.6,22.81,3.32,308.09,2024-05-24 21:08:05
312,TXN-000312,1,2024-11-28 18:38:28,129,CASH,9,164.88,13.19,0.0,178.07,2024-11-28 18:38:28
313,TXN-000313,1,2024-10-20 21:55:58,251,CARD,15,282.32,22.18,5.1,299.4,2024-10-20 21:55:58
314,TXN-000314,1,2025-02-04 15:12:10,,EWALLET,9,160.26,12.74,1.08,171.92,2025-02-04 15:12:10
315,TXN-000315,1,2025-01-31 14:27:55,,CARD,7,209.74,16.78,0.0,226.52,2025-01-31 14:27:55
316,TXN-000316,1,2024-02-05 22:37:12,178,CASH,6,78.86,6.31,0.0,85.17,2024-02-05 22:37:12
317,TXN-000317,1,2024-12-03 16:32:54,220,EWALLET,10,187.57,14.98,0.48,202.07,2024-12-03 16:32:54
318,TXN-000318,1,2024-01-30 18:06:20,399,CARD,5,70.47,5.63,0.0,76.1,2024-01-30 18:06:20
319,TXN-000319,1,2024-02-11 08:39:36,139,CASH,20,280.98,20.68,22.39,279.27,2024-02-11 08:39:36
320,TXN-000320,1,2024-04-12 18:13:17,372,CARD,3,108.22,8.66,0.0,116.88,2024-04-12 18:13:17
321,TXN-000321,1,2024-11-07 14:34:56,,EWALLET,4,125.18,9.52,6.26,128.44,2024-11-07 14:34:56
322,TXN-000322,1,2024-10-16 15:03:08,286,CARD,10,178.72,14.3,0.06,192.96,2024-10-16 15:03:08
323,TXN-000323,1,2025-04-03 18:08:12,39,EWALLET,9,124.82,9.92,0.9,133.84,2025-04-03 18:08:12
324,TXN-000324,1,2024-10-15 15:17:47,477,CASH,8,256.56,20.53,0.0,277.09,2024-10-15 15:17:47
325,TXN-000325,1,2024-06-21 18:02:27,337,CARD,9,114.55,9.17,0.0,123.72,2024-06-21 18:02:27
326,TXN-000326,1,2024-06-23 13:01:39,,CARD,12,370.83,28.98,8.68,391.13,2024-06-23 13:01:39
327,TXN-000327,1,2024-02-23 15:54:31,444,EWALLET,9,189.89,15.04,1.92,203.01,2024-02-23 15:54:31
328,TXN-000328,1,2024-04-23 15:43:33,351,CARD,7,154.28,12.25,1.21,165.32,2024-04-23 15:43:33
329,TXN-000329,1,2025-02-24 08:46:30,,CASH,18,184.46,14.67,1.16,197.97,2025-02-24 08:46:30
330,TXN-000330,1,2024-11-08 17:38:11,,CASH,9,182.55,14.6,0.0,197.15,2024-11-08 17:38:11
331,TXN-000331,1,2024-05-23 09:37:01,122,CARD,14,275.0,21.85,1.83,295.02,2024-05-23 09:37:01
332,TXN-000332,1,2025-02-01 19:38:29,190,CARD,11,295.98,21.75,24.19,293.54,2025-02-01 19:38:29
333,TXN-000333,1,2024-12-04 13:14:16,,CARD,6,120.06,9.54,0.8,128.8,2024-12-04 13:14:16
334,TXN-000334,1,2024-04-21 12:35:57,23,CARD,12,288.19,22.7,4.4,306.49,2024-04-21 12:35:57
335,TXN-000335,1,2025-01-01 16:04:48,,CASH,4,26.93,2.16,0.0,29.09,2025-01-01 16:04:48
336,TXN-000336,1,2024-12-01 11:48:00,188,EWALLET,17,224.26,17.28,8.3,233.24,2024-12-01 11:48:00
337,TXN-000337,1,2024-12-22 17:51:48,439,CARD,17,344.01,25.39,26.85,342.55,2024-12-22 17:51:48
338,TXN-000338,1,2025-02-19 22:25:06,,CARD,11,188.67,15.1,0.0,203.77,2025-02-19 22:25:06
339,TXN-000339,1,2024-12-20 12:42:58,104,CARD,13,237.17,18.95,0.32,255.8,2024-12-20 12:42:58
340,TXN-000340,1,2024-10-10 19:31:46,,EWALLET,2,16.83,1.35,0.0,18.18,2024-10-10 19:31:46
341,TXN-000341,1,2025-01-19 18:55:47,,CASH,10,224.65,17.54,5.41,236.78,2025-01-19 18:55:47
342,TXN-000342,1,2025-03-15 10:18:14,,EWALLET,14,274.42,21.06,11.33,284.15,2025-03-15 10:18:14
343,TXN-000343,1,2025-01-07 13:01:30,,EWALLET,4,92.96,7.43,0.0,100.39,2025-01-07 13:01:30
344,TXN-000344,1,2024-02-29 16:21:36,,EWALLET,8,168.63,13.2,3.63,178.2,2024-02-29 16:21:36
345,TXN-000345,1,2025-05-04 14:09:37,431,CARD,9,86.3,6.8,1.24,91.86,2025-05-04 14:09:37
346,TXN-000346,1,2024-07-09 22:18:53,,CARD,6,108.62,8.69,0.0,117.31,2024-07-09 22:18:53
347,TXN-000347,1,2024-10-24 18:38:24,233,CARD,9,266.28,21.03,3.48,283.83,2024-10-24 18:38:24
348,TXN-000348,1,2024-01-26 13:47:20,,CASH,11,165.02,13.2,0.0,178.22,2024-01-26 13:47:20
349,TXN-000349,1,2024-02-18 15:17:58,,CARD,14,173.78,13.51,4.99,182.3,2024-02-18 15:17:58
350,TXN-000350,1,2024-12-11 10:54:23,421,CARD,3,67.68,5.41,0.0,73.09,2024-12-11 10:54:23
351,TXN-000351,1,2024-01-29 13:22:15,,EWALLET,16,546.05,43.13,6.88,582.3,2024-01-29 13:22:15
352,TXN-000352,1,2025-04-22 18:35:35,178,CARD,6,26.76,2.1,0.45,28.41,2025-04-22 18:35:35
353,TXN-000353,1,2024-02-10 14:09:52,,CARD,5,92.13,6.78,7.42,91.49,2024-02-10 14:09:52
354,TXN-000354,1,2025-03-16 14:57:08,272,CASH,18,253.63,18.15,26.82,244.96,2025-03-16 14:57:08
355,TXN-000355,1,2024-06-18 17:13:23,,CARD,13,267.01,20.8,7.0,280.81,2024-06-18 17:13:23
356,TXN-000356,1,2024-03-18 19:02:12,,CARD,7,24.69,1.98,0.0,26.67,2024-03-18 19:02:12
357,TXN-000357,1,2025-04-30 16:57:25,312,EWALLET,8,177.84,14.23,0.0,192.07,2025-04-30 16:57:25
358,TXN-000358,1,2024-01-27 18:14:58,,CARD,17,293.89,23.46,0.46,316.89,2024-01-27 18:14:58
359,TXN-000359,1,2024-03-25 11:54:47,395,EWALLET,8,156.33,12.51,0.0,168.84,2024-03-25 11:54:47
360,TXN-000360,1,2024-08-05 19:14:02,190,CARD,7,105.62,8.41,0.47,113.56,2024-08-05 19:14:02
361,TXN-000361,1,2024-12-11 13:06:33,375,CASH,15,140.04,10.99,2.92,148.11,2024-12-11 13:06:33
362,TXN-000362,1,2025-02-22 19:25:31,208,EWALLET,18,366.29,29.3,0.0,395.59,2025-02-22 19:25:31
363,TXN-000363,1,2024-10-28 14:00:33,,CASH,7,101.31,8.11,0.0,109.42,2024-10-28 14:00:33
364,TXN-000364,1,2024-11-01 14:00:29,441,CASH,7,76.24,6.06,0.54,81.76,2024-11-01 14:00:29
365,TXN-000365,1,2024-07-09 08:17:35,,CARD,3,104.38,8.18,2.1,110.46,2024-07-09 08:17:35
366,TXN-000366,1,2024-06-09 08:17:34,372,EWALLET,13,237.58,19.0,0.0,256.58,2024-06-09 08:17:34
367,TXN-000367,1,2024-09-11 15:21:11,177,CARD,7,104.82,8.32,0.84,112.3,2024-09-11 15:21:11
368,TXN-000368,1,2025-02-01 18:59:24,10,CARD,21,358.53,26.26,30.23,354.56,2025-02-01 18:59:24
369,TXN-000369,1,2025-01-19 16:08:53,261,EWALLET,20,282.55,21.57,12.85,291.27,2025-01-19 16:08:53
370,TXN-000370,1,2025-04-05 17:33:32,479,CASH,14,338.1,24.86,27.19,335.77,2025-04-05 17:33:32
371,TXN-000371,1,2024-07-02 22:02:01,460,CARD,17,308.35,24.67,0.0,333.02,2024-07-02 22:02:01
372,TXN-000372,1,2024-08-09 09:27:02,,CASH,11,199.18,15.82,1.44,213.56,2024-08-09 09:27:02
373,TXN-000373,1,2025-05-17 09:36:05,,CARD,17,268.96,20.71,10.02,279.65,2025-05-17 09:36:05
374,TXN-000374,1,2025-02-12 15:26:36,380,CASH,10,87.39,6.93,0.84,93.48,2025-02-12 15:26:36
375,TXN-000375,1,2025-03-10 13:24:21,96,CARD,4,23.76,1.9,0.0,25.66,2025-03-10 13:24:21
376,TXN-000376,1,2024-03-12 19:18:26,,CARD,7,107.48,8.6,0.0,116.08,2024-03-12 19:18:26
377,TXN-000377,1,2025-01-21 16:32:05,,EWALLET,8,227.59,18.17,0.58,245.18,2025-01-21 16:32:05
378,TXN-000378,1,2025-01-19 09:33:20,198,EWALLET,11,340.76,27.27,0.0,368.03,2025-01-19 09:33:20
379,TXN-000379,1,2024-04-26 12:35:49,,CARD,8,182.7,14.43,2.32,194.81,2024-04-26 12:35:49
380,TXN-000380,1,2024-05-26 10:13:52,,CARD,12,193.59,13.23,28.21,178.61,2024-05-26 10:13:52
381,TXN-000381,1,2024-02-18 11:30:07,384,EWALLET,10,253.39,17.81,30.67,240.53,2024-02-18 11:30:07
382,TXN-000382,1,2024-06-07 19:37:45,,CARD,11,158.27,12.58,0.98,169.87,2024-06-07 19:37:45
383,TXN-000383,1,2025-02-18 09:44:14,118,CARD,4,99.12,7.93,0.0,107.05,2025-02-18 09:44:14
384,TXN-000384,1,2024-04-23 18:52:04,436,CARD,13,181.72,14.49,0.55,195.66,2024-04-23 18:52:04
385,TXN-000385,1,2024-07-05 17:01:51,,CARD,10,118.47,9.48,0.0,127.95,2024-07-05 17:01:51
386,TXN-000386,1,2025-03-17 18:06:27,,CASH,7,196.39,14.96,9.4,201.95,2025-03-17 18:06:27
387,TXN-000387,1,2024-04-05 18:13:53,,CASH,6,47.22,3.78,0.0,51.0,2024-04-05 18:13:53
388,TXN-000388,1,2024-05-15 10:38:25,405,CARD,6,126.57,10.13,0.0,136.7,2024-05-15 10:38:25
389,TXN-000389,1,2024-06-30 18:45:16,,CARD,16,409.94,32.09,8.72,433.31,2024-06-30 18:45:16
390,TXN-000390,1,2024-07-25 16:54:02,,CARD,6,100.35,8.03,0.0,108.38,2024-07-25 16:54:02
391,TXN-000391,1,2024-03-04 14:40:40,6,CARD,7,124.04,9.93,0.0,133.97,2024-03-04 14:40:40
392,TXN-000392,1,2024-04-20 16:09:56,290,EWALLET,8,198.73,15.56,4.3,209.99,2024-04-20 16:09:56
393,TXN-000393,1,2024-01-23 08:10:16,,CARD,5,203.69,15.52,9.75,209.46,2024-01-23 08:10:16
394,TXN-000394,1,2024-12-18 09:19:47,170,CARD,13,224.3,17.94,0.0,242.24,2024-12-18 09:19:47
395,TXN-000395,1,2025-05-21 13:57:36,,CARD,5,68.65,5.49,0.0,74.14,2025-05-21 13:57:36
396,TXN-000396,1,2024-02-09 20:51:03,247,CARD,5,65.71,5.16,1.11,69.76,2024-02-09 20:51:03
397,TXN-000397,1,2024-11-23 17:03:47,250,CARD,17,433.41,32.33,29.34,436.4,2024-11-23 17:03:47
398,TXN-000398,1,2024-02-11 14:05:29,,CARD,11,205.9,15.29,14.87,206.32,2024-02-11 14:05:29
399,TXN-000399,1,2024-03-21 09:41:29,,CARD,11,236.27,18.85,0.5,254.62,2024-03-21 09:41:29
400,TXN-000400,1,2024-12-04 12:02:15,1,CARD,16,373.32,29.86,0.0,403.18,2024-12-04 12:02:15
401,TXN-000401,1,2024-05-31 20:53:05,354,CARD,15,292.09,23.31,0.8,314.6,2024-05-31 20:53:05
402,TXN-000402,1,2024-03-01 13:31:27,,CASH,13,356.21,28.42,0.96,383.67,2024-03-01 13:31:27
403,TXN-000403,1,2024-01-16 15:12:58,,CARD,4,88.87,7.11,0.0,95.98,2024-01-16 15:12:58
404,TXN-000404,1,2025-05-10 16:19:37,43,CASH,17,368.77,28.59,11.43,385.93,2025-05-10 16:19:37
405,TXN-000405,1,2025-03-07 19:40:50,317,CARD,6,76.64,6.12,0.0,82.76,2025-03-07 19:40:50
406,TXN-000406,1,2025-04-27 12:06:41,53,CARD,8,173.27,13.87,0.0,187.14,2025-04-27 12:06:41
407,TXN-000407,1,2025-04-06 17:09:47,471,CARD,13,257.9,19.73,11.12,266.51,2025-04-06 17:09:47
408,TXN-000408,1,2025-02-17 16:03:39,,CARD,6,97.34,7.71,0.96,104.09,2025-02-17 16:03:39
409,TXN-000409,1,2024-09-19 18:35:37,242,EWALLET,8,86.81,6.88,0.81,92.88,2024-09-19 18:35:37
410,TXN-000410,1,2025-05-22 09:09:12,,EWALLET,4,91.55,7.2,1.62,97.13,2025-05-22 09:09:12
411,TXN-000411,1,2025-03-11 12:31:05,352,CARD,9,148.17,11.86,0.0,160.03,2025-03-11 12:31:05
412,TXN-000412,1,2024-10-24 15:23:28,,CARD,8,158.82,12.24,5.76,165.3,2024-10-24 15:23:28
413,TXN-000413,1,2024-09-06 15:22:57,,CARD,4,97.72,7.82,0.0,105.54,2024-09-06 15:22:57
414,TXN-000414,1,2024-11-11 16:54:51,298,CARD,12,165.7,13.27,0.0,178.97,2024-11-11 16:54:51
415,TXN-000415,1,2024-10-19 14:14:14,,CARD,13,349.71,26.27,21.52,354.46,2024-10-19 14:14:14
416,TXN-000416,1,2024-05-20 14:06:17,411,CARD,8,138.62,10.99,1.24,148.37,2024-05-20 14:06:17
417,TXN-000417,1,2024-03-28 18:05:04,357,CARD,9,143.2,11.38,0.86,153.72,2024-03-28 18:05:04
418,TXN-000418,1,2024-09-26 13:58:23,,EWALLET,6,164.63,12.6,7.11,170.12,2024-09-26 13:58:23
419,TXN-000419,1,2024-03-20 08:15:43,66,CARD,5,88.7,7.1,0.0,95.8,2024-03-20 08:15:43
420,TXN-000420,1,2024-03-07 13:42:21,,CARD,12,234.99,18.8,0.0,253.79,2024-03-07 13:42:21
421,TXN-000421,1,2024-12-18 16:18:17,61,CARD,6,213.23,16.89,2.1,228.02,2024-12-18 16:18:17
422,TXN-000422,1,2024-09-03 19:03:08,,CASH,2,25.86,1.97,1.18,26.65,2024-09-03 19:03:08
423,TXN-000423,1,2024-08-01 18:33:25,,CARD,14,475.18,37.59,5.28,507.49,2024-08-01 18:33:25
424,TXN-000424,1,2024-09-24 09:42:55,,CARD,5,149.47,11.71,3.14,158.04,2024-09-24 09:42:55
425,TXN-000425,1,2025-03-02 10:54:20,39,CARD,13,167.61,13.05,4.56,176.1,2025-03-02 10:54:20
426,TXN-000426,1,2024-06-19 08:53:20,285,CARD,10,120.06,9.6,0.0,129.66,2024-06-19 08:53:20
427,TXN-000427,1,2024-03-23 08:01:26,,CARD,19,304.33,22.02,29.18,297.17,2024-03-23 08:01:26
428,TXN-000428,1,2024-02-13 19:14:52,457,CARD,5,126.08,9.71,4.81,130.98,2024-02-13 19:14:52
429,TXN-000429,1,2024-10-29 13:29:39,219,CARD,10,180.78,14.46,0.0,195.24,2024-10-29 13:29:39
430,TXN-000430,1,2024-06-10 13:39:27,,CARD,3,86.38,6.68,2.83,90.23,2024-06-10 13:39:27
431,TXN-000431,1,2024-03-04 14:50:44,,CARD,4,169.06,13.53,0.0,182.59,2024-03-04 14:50:44
432,TXN-000432,1,2024-04-26 10:53:18,,CARD,6,88.85,7.11,0.0,95.96,2024-04-26 10:53:18
433,TXN-000433,1,2025-03-01 12:22:22,,CARD,8,95.14,7.06,6.83,95.37,2025-03-01 12:22:22
434,TXN-000434,1,2024-08-10 12:11:22,367,CASH,8,165.29,12.58,8.11,169.76,2024-08-10 12:11:22
435,TXN-000435,1,2024-12-03 11:32:53,,CASH,5,31.52,2.53,0.0,34.05,2024-12-03 11:32:53
436,TXN-000436,1,2025-04-27 18:08:14,337,CARD,11,123.52,9.79,1.16,132.15,2025-04-27 18:08:14
437,TXN-000437,1,2024-06-16 11:27:07,,CARD,22,330.16,25.12,16.08,339.2,2024-06-16 11:27:07
438,TXN-000438,1,2025-01-31 16:39:42,347,CARD,6,85.97,6.87,0.0,92.84,2025-01-31 16:39:42
439,TXN-000439,1,2024-07-27 16:53:53,154,CASH,12,278.65,21.17,14.1,285.72,2024-07-27 16:53:53
440,TXN-000440,1,2024-10-06 16:19:31,,CARD,14,251.53,18.78,16.69,253.62,2024-10-06 16:19:31
441,TXN-000441,1,2024-01-17 20:39:23,,CARD,10,166.08,13.15,1.68,177.55,2024-01-17 20:39:23
442,TXN-000442,1,2025-04-14 13:29:12,359,EWALLET,19,241.8,19.34,0.0,261.14,2025-04-14 13:29:12
443,TXN-000443,1,2025-05-05 09:11:04,466,CARD,4,110.78,8.42,5.55,113.65,2025-05-05 09:11:04
444,TXN-000444,1,2024-06-12 17:23:54,355,CASH,2,71.81,5.58,2.07,75.32,2024-06-12 17:23:54
445,TXN-000445,1,2025-03-26 17:27:23,,CASH,5,71.85,5.64,1.32,76.17,2025-03-26 17:27:23
446,TXN-000446,1,2024-03-01 09:52:42,,CARD,6,118.64,9.5,0.0,128.14,2024-03-01 09:52:42
447,TXN-000447,1,2025-02-24 14:59:44,,CARD,7,133.75,10.39,3.9,140.24,2025-02-24 14:59:44
448,TXN-000448,1,2025-03-08 13:19:25,184,CARD,19,328.33,24.18,26.34,326.17,2025-03-08 13:19:25
449,TXN-000449,1,2025-02-07 21:40:32,,CASH,4,94.7,7.32,3.24,98.78,2025-02-07 21:40:32
450,TXN-000450,1,2024-07-07 20:23:59,232,EWALLET,9,105.48,7.14,16.21,96.41,2024-07-07 20:23:59
451,TXN-000451,1,2024-04-12 17:01:33,143,CARD,8,29.81,2.38,0.12,32.07,2024-04-12 17:01:33
452,TXN-000452,1,2024-06-26 14:10:13,98,CARD,16,258.05,19.84,9.95,267.94,2024-06-26 14:10:13
453,TXN-000453,1,2025-02-04 18:30:38,,CARD,7,160.52,12.85,0.0,173.37,2025-02-04 18:30:38
454,TXN-000454,1,2025-05-21 13:59:49,190,CARD,13,364.87,29.02,2.28,391.61,2025-05-21 13:59:49
455,TXN-000455,1,2024-05-06 16:15:26,,CARD,11,265.63,21.25,0.0,286.88,2024-05-06 16:15:26
456,TXN-000456,1,2024-11-24 12:32:56,372,CARD,16,287.47,22.39,7.59,302.27,2024-11-24 12:32:56
457,TXN-000457,1,2024-06-30 14:26:43,,CARD,21,497.89,37.24,32.34,502.79,2024-06-30 14:26:43
458,TXN-000458,1,2024-02-02 14:22:13,236,CARD,13,202.89,16.24,0.0,219.13,2024-02-02 14:22:13
459,TXN-000459,1,2024-07-03 13:20:03,,CASH,23,380.39,30.11,4.1,406.4,2024-07-03 13:20:03
460,TXN-000460,1,2024-09-20 13:57:07,175,CASH,12,219.49,17.42,1.68,235.23,2024-09-20 13:57:07
461,TXN-000461,1,2025-05-23 13:37:42,,EWALLET,2,60.13,4.6,2.62,62.11,2025-05-23 13:37:42
462,TXN-000462,1,2024-11-16 09:30:43,398,CASH,9,251.35,19.41,8.7,262.06,2024-11-16 09:30:43
463,TXN-000463,1,2025-01-16 21:12:47,,CARD,14,464.21,36.27,10.8,489.68,2025-01-16 21:12:47
464,TXN-000464,1,2024-09-11 21:32:08,,EWALLET,2,34.26,2.74,0.0,37.0,2024-09-11 21:32:08
465,TXN-000465,1,2024-09-30 22:16:14,,CARD,4,60.92,4.68,2.44,63.16,2024-09-30 22:16:14
466,TXN-000466,1,2024-07-18 15:17:20,332,CARD,15,232.19,18.57,0.0,250.76,2024-07-18 15:17:20
467,TXN-000467,1,2024-12-24 11:39:06,199,CARD,6,131.33,10.3,2.64,138.99,2024-12-24 11:39:06
468,TXN-000468,1,2025-03-03 15:28:50,,EWALLET,11,285.89,22.55,4.2,304.24,2025-03-03 15:28:50
469,TXN-000469,1,2025-04-27 10:18:37,313,CASH,13,345.36,26.71,11.47,360.6,2025-04-27 10:18:37
470,TXN-000470,1,2024-03-17 19:47:44,230,CARD,8,91.59,7.24,1.08,97.75,2024-03-17 19:47:44
471,TXN-000471,1,2024-01-31 12:00:12,,EWALLET,15,402.65,32.22,0.0,434.87,2024-01-31 12:00:12
472,TXN-000472,1,2024-06-25 17:57:55,439,CASH,7,189.17,15.13,0.0,204.3,2024-06-25 17:57:55
473,TXN-000473,1,2025-05-24 14:12:50,261,EWALLET,15,336.97,24.2,34.64,326.53,2025-05-24 14:12:50
474,TXN-000474,1,2024-02-15 19:21:08,,CARD,10,101.99,8.05,1.5,108.54,2024-02-15 19:21:08
475,TXN-000475,1,2025-02-22 12:58:48,,CARD,7,154.42,11.38,12.18,153.62,2025-02-22 12:58:48
476,TXN-000476,1,2024-11-22 12:23:21,,CARD,16,142.03,11.36,0.0,153.39,2024-11-22 12:23:21
477,TXN-000477,1,2024-04-30 19:46:07,463,EWALLET,15,293.42,23.17,3.66,312.93,2024-04-30 19:46:07
478,TXN-000478,1,2025-05-23 13:38:49,146,CARD,3,18.62,1.49,0.0,20.11,2025-05-23 13:38:49
479,TXN-000479,1,2024-09-16 14:52:23,,EWALLET,2,43.74,3.43,0.91,46.26,2024-09-16 14:52:23
480,TXN-000480,1,2024-05-14 15:18:38,,CASH,6,101.22,7.72,4.66,104.28,2024-05-14 15:18:38
481,TXN-000481,1,2024-11-12 16:04:17,382,EWALLET,6,98.02,7.84,0.0,105.86,2024-11-12 16:04:17
482,TXN-000482,1,2024-06-20 21:40:40,68,CARD,6,110.42,8.84,0.0,119.26,2024-06-20 21:40:40
483,TXN-000483,1,2024-07-24 15:01:28,,CARD,17,361.07,28.32,6.99,382.4,2024-07-24 15:01:28
484,TXN-000484,1,2024-03-22 09:04:27,270,EWALLET,7,90.03,7.18,0.39,96.82,2024-03-22 09:04:27
485,TXN-000485,1,2024-11-19 09:37:20,80,EWALLET,13,125.75,10.05,0.0,135.8,2024-11-19 09:37:20
486,TXN-000486,1,2024-08-04 09:50:54,,CARD,14,264.57,20.52,8.1,276.99,2024-08-04 09:50:54
487,TXN-000487,1,2024-02-24 11:05:47,,CASH,9,225.85,16.65,17.61,224.89,2024-02-24 11:05:47
488,TXN-000488,1,2024-12-29 13:40:03,462,EWALLET,6,59.33,4.7,0.59,63.44,2024-12-29 13:40:03
489,TXN-000489,1,2024-02-27 18:44:47,,CARD,3,118.88,9.51,0.0,128.39,2024-02-27 18:44:47
490,TXN-000490,1,2025-03-26 13:03:40,,EWALLET,11,263.33,20.86,2.5,281.69,2025-03-26 13:03:40
491,TXN-000491,1,2024-09-10 22:53:53,495,EWALLET,10,64.48,4.96,2.57,66.87,2024-09-10 22:53:53
492,TXN-000492,1,2025-03-11 17:52:31,8,EWALLET,8,158.86,12.71,0.0,171.57,2025-03-11 17:52:31
493,TXN-000493,1,2025-02-07 09:20:55,14,CARD,7,158.4,12.68,0.0,171.08,2025-02-07 09:20:55
494,TXN-000494,1,2025-01-30 15:49:32,,CASH,10,230.94,18.48,0.0,249.42,2025-01-30 15:49:32
495,TXN-000495,1,2024-05-21 16:04:38,,CARD,12,359.61,28.77,0.0,388.38,2024-05-21 16:04:38
496,TXN-000496,1,2024-03-13 22:07:29,226,CARD,19,297.11,23.33,5.56,314.88,2024-03-13 22:07:29
497,TXN-000497,1,2024-01-19 13:00:11,,CASH,15,249.78,19.99,0.0,269.77,2024-01-19 13:00:11
498,TXN-000498,1,2025-05-15 14:31:02,234,CARD,3,11.06,0.89,0.0,11.95,2025-05-15 14:31:02
499,TXN-000499,1,2024-01-19 21:21:28,,CARD,4,127.6,9.7,6.38,130.92,2024-01-19 21:21:28
500,TXN-000500,1,2025-01-09 15:32:41,,CARD,15,326.61,25.54,7.5,344.65,2025-01-09 15:32:41
501,TXN-000501,1,2025-03-24 19:56:38,323,CASH,3,79.75,6.38,0.0,86.13,2025-03-24 19:56:38
502,TXN-000502,1,2025-05-13 15:30:19,345,CASH,3,22.38,1.73,0.78,23.33,2025-05-13 15:30:19
503,TXN-000503,1,2024-10-25 13:32:55,,CARD,8,117.25,9.33,0.6,125.98,2024-10-25 13:32:55
504,TXN-000504,1,2024-01-05 09:05:39,,CASH,8,121.86,9.65,1.31,130.2,2024-01-05 09:05:39
505,TXN-000505,1,2024-06-19 13:54:52,26,CARD,8,171.09,13.69,0.0,184.78,2024-06-19 13:54:52
506,TXN-000506,1,2024-02-08 18:18:14,,CARD,16,207.56,16.58,0.18,223.96,2024-02-08 18:18:14
507,TXN-000507,1,2024-03-19 21:52:58,417,EWALLET,11,168.86,13.4,1.42,180.84,2024-03-19 21:52:58
508,TXN-000508,1,2024-04-08 10:19:18,456,CARD,11,64.58,5.17,0.0,69.75,2024-04-08 10:19:18
509,TXN-000509,1,2024-04-06 20:45:54,140,CARD,11,272.38,21.76,0.44,293.7,2024-04-06 20:45:54
510,TXN-000510,1,2025-04-12 18:19:09,,CARD,15,307.71,22.29,29.1,300.9,2025-04-12 18:19:09
511,TXN-000511,1,2024-06-06 18:16:21,,CASH,11,143.94,11.52,0.0,155.46,2024-06-06 18:16:21
512,TXN-000512,1,2025-04-18 16:09:33,11,EWALLET,13,156.8,12.37,2.08,167.09,2025-04-18 16:09:33
513,TXN-000513,1,2024-05-24 19:11:43,461,EWALLET,4,42.02,3.36,0.0,45.38,2024-05-24 19:11:43
514,TXN-000514,1,2024-01-27 16:38:09,429,CASH,19,381.27,30.22,3.41,408.08,2024-01-27 16:38:09
515,TXN-000515,1,2024-04-20 18:44:04,,CARD,17,194.48,14.83,9.12,200.19,2024-04-20 18:44:04
516,TXN-000516,1,2025-04-21 12:13:28,,CARD,3,42.99,3.44,0.0,46.43,2025-04-21 12:13:28
517,TXN-000517,1,2025-01-17 22:16:52,99,CARD,6,124.93,9.6,4.97,129.56,2025-01-17 22:16:52
518,TXN-000518,1,2024-08-28 18:10:01,80,CARD,9,121.91,9.73,0.3,131.34,2024-08-28 18:10:01
519,TXN-000519,1,2024-08-07 13:49:19,,CARD,5,50.89,4.07,0.0,54.96,2024-08-07 13:49:19
520,TXN-000520,1,2025-04-03 11:32:24,,CARD,12,198.2,15.83,0.36,213.67,2025-04-03 11:32:24
521,TXN-000521,1,2024-05-02 17:02:57,97,CARD,16,249.55,19.94,0.44,269.05,2024-05-02 17:02:57
522,TXN-000522,1,2024-01-05 15:13:24,313,CARD,7,107.12,8.57,0.0,115.69,2024-01-05 15:13:24
523,TXN-000523,1,2024-05-06 16:02:14,,CARD,4,123.43,9.38,6.16,126.65,2024-05-06 16:02:14
524,TXN-000524,1,2025-05-02 17:38:21,356,CARD,5,188.91,15.12,0.0,204.03,2025-05-02 17:38:21
525,TXN-000525,1,2024-01-19 16:17:51,289,CASH,4,82.45,6.6,0.0,89.05,2024-01-19 16:17:51
526,TXN-000526,1,2024-12-03 15:15:47,498,CASH,4,72.93,5.71,1.58,77.06,2024-12-03 15:15:47
527,TXN-000527,1,2024-02-11 19:21:03,,CASH,10,208.83,14.95,21.84,201.94,2024-02-11 19:21:03
528,TXN-000528,1,2024-01-13 13:37:12,,CARD,13,222.72,17.13,8.52,231.33,2024-01-13 13:37:12
529,TXN-000529,1,2024-07-14 22:32:18,332,EWALLET,21,578.91,45.65,8.33,616.23,2024-07-14 22:32:18
530,TXN-000530,1,2024-09-12 10:07:26,62,CASH,9,150.32,12.04,0.0,162.36,2024-09-12 10:07:26
531,TXN-000531,1,2025-02-13 13:49:32,387,CARD,10,208.54,16.67,0.24,224.97,2025-02-13 13:49:32
532,TXN-000532,1,2024-10-03 09:11:20,491,CARD,13,79.86,6.26,1.6,84.52,2024-10-03 09:11:20
533,TXN-000533,1,2024-08-14 19:35:26,,CASH,14,294.66,23.15,5.14,312.67,2024-08-14 19:35:26
534,TXN-000534,1,2024-07-22 14:33:11,348,CARD,5,150.72,12.06,0.0,162.78,2024-07-22 14:33:11
535,TXN-000535,1,2024-01-01 18:31:42,,EWALLET,12,281.76,22.04,6.39,297.41,2024-01-01 18:31:42
536,TXN-000536,1,2024-12-15 13:49:22,,CASH,17,264.89,20.74,5.66,279.97,2024-12-15 13:49:22
537,TXN-000537,1,2024-03-18 10:18:35,63,CASH,2,58.43,4.67,0.0,63.1,2024-03-18 10:18:35
538,TXN-000538,1,2025-04-12 20:41:17,,CARD,12,173.14,13.69,2.0,184.83,2025-04-12 20:41:17
539,TXN-000539,1,2025-01-25 17:44:57,202,CARD,10,215.04,15.03,27.25,202.82,2025-01-25 17:44:57
540,TXN-000540,1,2024-06-10 18:10:30,142,CARD,14,185.18,14.82,0.0,200.0,2024-06-10 18:10:30
541,TXN-000541,1,2024-09-01 17:38:55,,EWALLET,10,63.78,4.87,2.96,65.69,2024-09-01 17:38:55
542,TXN-000542,1,2024-11-06 12:15:13,,CARD,7,115.09,9.21,0.0,124.3,2024-11-06 12:15:13
543,TXN-000543,1,2025-03-23 13:19:36,410,CARD,14,298.75,21.16,34.14,285.77,2025-03-23 13:19:36
544,TXN-000544,1,2025-05-10 20:36:38,456,CARD,14,221.1,17.37,4.05,234.42,2025-05-10 20:36:38
545,TXN-000545,1,2025-02-12 10:13:16,2,CARD,8,190.24,15.03,2.42,202.85,2025-02-12 10:13:16
546,TXN-000546,1,2024-01-11 12:17:18,78,CARD,6,47.28,3.78,0.0,51.06,2024-01-11 12:17:18
547,TXN-000547,1,2024-11-27 18:33:34,312,CARD,6,183.24,14.21,5.61,191.84,2024-11-27 18:33:34
548,TXN-000548,1,2025-05-08 22:25:20,448,CARD,5,134.72,10.64,1.79,143.57,2025-05-08 22:25:20
549,TXN-000549,1,2024-05-13 16:26:10,254,CARD,14,227.87,18.19,0.36,245.7,2024-05-13 16:26:10
550,TXN-000550,1,2025-02-21 15:17:31,181,EWALLET,8,220.3,17.63,0.0,237.93,2025-02-21 15:17:31
551,TXN-000551,1,2024-02-09 12:57:11,,EWALLET,4,63.44,5.08,0.0,68.52,2024-02-09 12:57:11
552,TXN-000552,1,2025-03-03 16:51:46,220,CARD,13,228.29,18.12,1.8,244.61,2025-03-03 16:51:46
553,TXN-000553,1,2024-11-25 21:04:16,491,CASH,3,112.93,9.03,0.0,121.96,2024-11-25 21:04:16
554,TXN-000554,1,2024-09-02 18:44:52,,CARD,14,375.41,29.72,3.96,401.17,2024-09-02 18:44:52
555,TXN-000555,1,2024-08-07 21:01:51,247,CARD,12,272.7,21.28,6.74,287.24,2024-08-07 21:01:51
556,TXN-000556,1,2025-03-18 14:04:17,412,CARD,10,267.34,20.84,6.67,281.51,2025-03-18 14:04:17
557,TXN-000557,1,2024-01-09 15:54:44,12,CARD,13,456.48,36.39,1.57,491.3,2024-01-09 15:54:44
558,TXN-000558,1,2024-06-02 16:33:21,287,EWALLET,11,248.0,18.89,11.9,254.99,2024-06-02 16:33:21
559,TXN-000559,1,2024-02-16 15:03:35,55,CARD,7,62.31,4.98,0.0,67.29,2024-02-16 15:03:35
560,TXN-000560,1,2024-01-03 13:53:25,491,CASH,12,200.33,16.02,0.16,216.19,2024-01-03 13:53:25
561,TXN-000561,1,2024-02-05 19:32:21,34,EWALLET,11,180.93,14.48,0.0,195.41,2024-02-05 19:32:21
562,TXN-000562,1,2025-01-21 17:55:52,391,CASH,9,203.83,15.79,6.42,213.2,2025-01-21 17:55:52
563,TXN-000563,1,2024-11-24 14:13:45,57,CARD,16,234.78,17.05,21.85,229.98,2024-11-24 14:13:45
564,TXN-000564,1,2025-01-07 14:36:32,364,CARD,3,19.41,1.53,0.3,20.64,2025-01-07 14:36:32
565,TXN-000565,1,2025-03-25 17:52:12,,CASH,6,53.22,4.25,0.0,57.47,2025-03-25 17:52:12
566,TXN-000566,1,2024-09-03 17:30:15,136,CARD,11,319.02,25.1,5.4,338.72,2024-09-03 17:30:15
567,TXN-000567,1,2024-07-29 13:15:54,,CARD,5,76.82,6.15,0.0,82.97,2024-07-29 13:15:54
568,TXN-000568,1,2025-01-04 11:00:05,413,CARD,12,170.14,13.46,1.93,181.67,2025-01-04 11:00:05
569,TXN-000569,1,2025-03-10 08:54:55,122,CASH,9,280.56,21.88,7.12,295.32,2025-03-10 08:54:55
570,TXN-000570,1,2025-04-03 08:50:12,379,CARD,17,355.18,28.4,0.0,383.58,2025-04-03 08:50:12
571,TXN-000571,1,2025-03-08 20:56:18,39,CASH,19,288.77,23.0,1.24,310.53,2025-03-08 20:56:18
572,TXN-000572,1,2025-05-17 15:20:09,484,CASH,21,440.17,30.73,55.85,415.05,2025-05-17 15:20:09
573,TXN-000573,1,2024-11-08 11:17:38,254,CARD,10,168.43,13.21,3.38,178.26,2024-11-08 11:17:38
574,TXN-000574,1,2025-03-18 13:39:05,119,CARD,4,71.74,5.6,1.68,75.66,2025-03-18 13:39:05
575,TXN-000575,1,2025-03-18 15:29:40,245,CARD,10,110.28,8.66,2.06,116.88,2025-03-18 15:29:40
576,TXN-000576,1,2025-05-24 16:58:48,134,CARD,12,246.65,18.22,18.75,246.12,2025-05-24 16:58:48
577,TXN-000577,1,2025-04-20 14:33:09,,CASH,20,463.26,35.97,13.65,485.58,2025-04-20 14:33:09
578,TXN-000578,1,2024-07-17 13:09:45,,CARD,6,93.39,7.47,0.0,100.86,2024-07-17 13:09:45
579,TXN-000579,1,2024-01-07 18:23:24,344,CARD,17,296.01,22.83,10.49,308.35,2024-01-07 18:23:24
580,TXN-000580,1,2024-02-08 20:37:20,201,EWALLET,3,27.48,2.13,0.84,28.77,2024-02-08 20:37:20
581,TXN-000581,1,2025-04-29 15:08:39,249,CARD,3,49.11,3.93,0.0,53.04,2025-04-29 15:08:39
582,TXN-000582,1,2024-08-26 19:37:15,,CARD,2,65.14,4.96,3.25,66.85,2024-08-26 19:37:15
583,TXN-000583,1,2024-05-18 08:17:23,26,EWALLET,9,243.96,18.05,18.4,243.61,2024-05-18 08:17:23
584,TXN-000584,1,2025-01-11 14:42:00,184,CARD,17,254.7,19.15,15.18,258.67,2025-01-11 14:42:00
585,TXN-000585,1,2024-02-06 08:34:47,,CARD,9,193.69,15.5,0.0,209.19,2024-02-06 08:34:47
586,TXN-000586,1,2024-03-10 15:14:46,,CARD,11,247.49,18.96,10.46,255.99,2024-03-10 15:14:46
587,TXN-000587,1,2024-12-26 20:15:13,305,CARD,4,77.88,6.03,2.62,81.29,2024-12-26 20:15:13
588,TXN-000588,1,2024-01-09 12:18:22,80,CARD,16,402.23,32.08,1.18,433.13,2024-01-09 12:18:22
589,TXN-000589,1,2025-03-16 16:51:05,250,CARD,9,148.79,11.26,8.02,152.03,2025-03-16 16:51:05
590,TXN-000590,1,2024-06-17 10:26:19,311,EWALLET,18,351.7,28.14,0.0,379.84,2024-06-17 10:26:19
591,TXN-000591,1,2025-04-06 17:55:27,4,EWALLET,13,253.94,20.14,2.21,271.87,2025-04-06 17:55:27
592,TXN-000592,1,2024-04-27 17:42:49,,CASH,8,170.52,12.53,13.91,169.14,2024-04-27 17:42:49
593,TXN-000593,1,2025-03-19 21:07:18,484,CASH,13,265.93,20.86,5.16,281.63,2025-03-19 21:07:18
594,TXN-000594,1,2024-09-23 14:51:21,349,CASH,6,100.86,8.07,0.0,108.93,2024-09-23 14:51:21
595,TXN-000595,1,2024-02-02 16:07:28,,EWALLET,6,171.98,13.76,0.0,185.74,2024-02-02 16:07:28
596,TXN-000596,1,2024-05-14 09:01:14,110,EWALLET,7,221.83,17.66,1.18,238.31,2024-05-14 09:01:14
597,TXN-000597,1,2024-07-20 21:17:27,21,EWALLET,14,317.21,23.85,19.04,322.02,2024-07-20 21:17:27
598,TXN-000598,1,2024-01-14 14:57:25,200,CARD,16,464.72,35.69,18.7,481.71,2024-01-14 14:57:25
599,TXN-000599,1,2024-06-07 16:32:03,,CARD,10,220.76,17.53,1.72,236.57,2024-06-07 16:32:03
600,TXN-000600,1,2024-06-07 13:38:28,145,CARD,12,216.55,17.33,0.0,233.88,2024-06-07 13:38:28
601,TXN-000601,1,2025-01-16 17:52:06,268,CASH,4,165.3,13.22,0.0,178.52,2025-01-16 17:52:06
602,TXN-000602,1,2024-06-21 14:17:58,414,EWALLET,6,20.3,1.57,0.68,21.19,2024-06-21 14:17:58
603,TXN-000603,1,2024-02-24 21:23:25,396,CARD,13,413.04,32.18,10.7,434.52,2024-02-24 21:23:25
604,TXN-000604,1,2024-12-22 16:37:28,,CARD,20,504.32,39.27,13.47,530.12,2024-12-22 16:37:28
605,TXN-000605,1,2024-10-05 13:53:47,,EWALLET,12,134.66,9.13,20.62,123.17,2024-10-05 13:53:47
606,TXN-000606,1,2024-01-08 16:06:27,,EWALLET,9,79.82,6.28,1.3,84.8,2024-01-08 16:06:27
607,TXN-000607,1,2024-04-22 15:48:23,,CASH,8,163.43,12.77,3.84,172.36,2024-04-22 15:48:23
608,TXN-000608,1,2025-01-22 15:37:55,,CARD,18,409.03,32.7,0.24,441.49,2025-01-22 15:37:55
609,TXN-000609,1,2024-12-12 10:52:30,,CARD,14,283.09,22.38,3.38,302.09,2024-12-12 10:52:30
610,TXN-000610,1,2025-02-18 10:00:36,,CARD,15,215.78,17.28,0.0,233.06,2025-02-18 10:00:36
611,TXN-000611,1,2024-10-17 18:33:44,373,CARD,8,116.77,9.34,0.0,126.11,2024-10-17 18:33:44
612,TXN-000612,1,2025-05-20 16:34:29,,EWALLET,6,199.07,15.93,0.0,215.0,2025-05-20 16:34:29
613,TXN-000613,1,2025-04-04 21:35:59,342,CASH,15,225.34,17.63,5.0,237.97,2025-04-04 21:35:59
614,TXN-000614,1,2024-03-20 17:04:08,,CASH,2,38.33,2.94,1.62,39.65,2024-03-20 17:04:08
615,TXN-000615,1,2025-01-31 17:24:19,302,CARD,12,188.81,15.09,0.0,203.9,2025-01-31 17:24:19
616,TXN-000616,1,2025-02-15 15:22:27,,CARD,14,198.12,14.53,16.35,196.3,2025-02-15 15:22:27
617,TXN-000617,1,2024-05-06 17:57:29,78,EWALLET,17,468.95,37.15,4.73,501.37,2024-05-06 17:57:29
618,TXN-000618,1,2024-07-19 12:25:15,81,EWALLET,7,48.79,3.9,0.0,52.69,2024-07-19 12:25:15
619,TXN-000619,1,2024-05-28 19:23:22,,CARD,10,127.24,9.8,4.56,132.48,2024-05-28 19:23:22
620,TXN-000620,1,2024-05-23 11:58:18,,CARD,12,270.93,21.01,8.3,283.64,2024-05-23 11:58:18
621,TXN-000621,1,2024-04-25 09:42:49,,CARD,11,86.85,6.85,1.31,92.39,2024-04-25 09:42:49
622,TXN-000622,1,2024-07-09 14:24:41,,EWALLET,4,78.0,6.24,0.0,84.24,2024-07-09 14:24:41
623,TXN-000623,1,2025-03-03 16:43:11,356,EWALLET,10,188.36,14.95,1.47,201.84,2025-03-03 16:43:11
624,TXN-000624,1,2024-06-16 12:54:50,259,EWALLET,19,456.06,34.65,22.65,468.06,2024-06-16 12:54:50
625,TXN-000625,1,2024-07-18 09:45:52,425,EWALLET,6,46.66,3.73,0.0,50.39,2024-07-18 09:45:52
626,TXN-000626,1,2024-11-02 15:37:07,,EWALLET,15,401.43,31.18,11.78,420.83,2024-11-02 15:37:07
627,TXN-000627,1,2024-06-10 13:40:35,357,CARD,3,76.14,6.09,0.0,82.23,2024-06-10 13:40:35
628,TXN-000628,1,2025-05-28 14:27:42,416,CARD,13,79.83,6.32,0.89,85.26,2025-05-28 14:27:42
629,TXN-000629,1,2024-04-22 12:59:02,,CASH,4,60.08,4.76,0.58,64.26,2024-04-22 12:59:02
630,TXN-000630,1,2024-09-20 15:47:03,136,CARD,12,284.39,22.47,3.48,303.38,2024-09-20 15:47:03
631,TXN-000631,1,2024-09-20 13:15:30,101,EWALLET,4,76.24,6.1,0.0,82.34,2024-09-20 13:15:30
632,TXN-000632,1,2025-03-25 15:02:05,58,CARD,5,94.61,7.57,0.0,102.18,2025-03-25 15:02:05
633,TXN-000633,1,2025-03-14 22:20:56,161,CARD,4,25.56,2.04,0.0,27.6,2025-03-14 22:20:56
634,TXN-000634,1,2024-01-24 08:29:41,30,CARD,7,207.57,16.61,0.0,224.18,2024-01-24 08:29:41
635,TXN-000635,1,2024-02-10 10:02:01,,CASH,13,259.21,19.67,13.28,265.6,2024-02-10 10:02:01
636,TXN-000636,1,2024-12-04 08:23:48,438,CASH,9,128.96,10.18,1.8,137.34,2024-12-04 08:23:48
637,TXN-000637,1,2024-01-19 15:57:47,,EWALLET,10,234.4,18.29,5.67,247.02,2024-01-19 15:57:47
638,TXN-000638,1,2025-01-27 20:38:42,96,CASH,7,175.37,13.85,2.25,186.97,2025-01-27 20:38:42
639,TXN-000639,1,2024-04-13 17:21:36,,CASH,8,163.67,12.27,10.26,165.68,2024-04-13 17:21:36
640,TXN-000640,1,2024-03-26 13:10:42,211,CARD,13,188.08,14.57,6.0,196.65,2024-03-26 13:10:42
641,TXN-000641,1,2024-10-29 21:00:35,19,CASH,8,137.25,10.85,1.6,146.5,2024-10-29 21:00:35
642,TXN-000642,1,2024-07-01 16:30:09,,CARD,4,97.79,7.82,0.0,105.61,2024-07-01 16:30:09
643,TXN-000643,1,2025-05-07 14:36:00,,CARD,15,353.76,28.12,2.15,379.73,2025-05-07 14:36:00
644,TXN-000644,1,2024-07-18 18:56:48,171,CARD,9,158.52,12.5,2.4,168.62,2024-07-18 18:56:48
645,TXN-000645,1,2024-03-13 14:54:23,,CASH,12,219.55,17.55,0.0,237.1,2024-03-13 14:54:23
646,TXN-000646,1,2024-07-12 11:52:21,,CARD,19,260.67,20.48,4.74,276.41,2024-07-12 11:52:21
647,TXN-000647,1,2024-08-26 16:08:55,,CARD,14,301.27,24.11,0.0,325.38,2024-08-26 16:08:55
648,TXN-000648,1,2024-01-01 20:19:11,,CARD,11,188.22,15.05,0.0,203.27,2024-01-01 20:19:11
649,TXN-000649,1,2025-03-27 19:48:19,,CARD,7,112.0,8.72,2.96,117.76,2025-03-27 19:48:19
650,TXN-000650,1,2024-11-01 15:20:09,,CARD,16,203.83,16.09,2.76,217.16,2024-11-01 15:20:09
651,TXN-000651,1,2024-02-20 20:00:05,,EWALLET,12,181.53,14.53,0.0,196.06,2024-02-20 20:00:05
652,TXN-000652,1,2024-04-19 19:55:21,190,CARD,10,273.08,21.78,0.81,294.05,2024-04-19 19:55:21
653,TXN-000653,1,2024-11-09 17:32:48,,EWALLET,15,403.75,31.24,13.34,421.65,2024-11-09 17:32:48
654,TXN-000654,1,2024-12-16 14:07:55,14,EWALLET,9,233.17,18.49,2.03,249.63,2024-12-16 14:07:55
655,TXN-000655,1,2025-02-23 19:22:02,1,CARD,18,426.81,33.21,11.68,448.34,2025-02-23 19:22:02
656,TXN-000656,1,2024-12-07 09:43:14,,CASH,19,316.28,23.71,20.04,319.95,2024-12-07 09:43:14
657,TXN-000657,1,2024-11-29 13:02:34,,CASH,6,60.92,4.88,0.0,65.8,2024-11-29 13:02:34
658,TXN-000658,1,2024-04-24 15:46:05,,CARD,9,199.87,15.53,5.7,209.7,2024-04-24 15:46:05
659,TXN-000659,1,2024-02-09 15:35:23,,CARD,5,158.35,12.67,0.0,171.02,2024-02-09 15:35:23
660,TXN-000660,1,2025-04-01 20:41:21,343,CASH,16,282.69,22.6,0.18,305.11,2025-04-01 20:41:21
661,TXN-000661,1,2025-02-05 15:13:55,,CASH,6,205.91,15.96,6.5,215.37,2025-02-05 15:13:55
662,TXN-000662,1,2024-10-29 11:25:41,312,CARD,7,99.11,7.94,0.0,107.05,2024-10-29 11:25:41
663,TXN-000663,1,2025-03-25 15:47:40,,EWALLET,10,178.03,14.24,0.0,192.27,2025-03-25 15:47:40
664,TXN-000664,1,2025-01-21 11:56:14,,CARD,8,162.12,12.88,1.16,173.84,2025-01-21 11:56:14
665,TXN-000665,1,2024-03-03 16:24:12,258,CASH,14,257.18,19.89,8.58,268.49,2024-03-03 16:24:12
666,TXN-000666,1,2024-02-13 12:01:36,,CASH,17,475.08,37.58,5.31,507.35,2024-02-13 12:01:36
667,TXN-000667,1,2025-02-04 14:54:16,464,CARD,9,96.36,7.46,3.14,100.68,2025-02-04 14:54:16
668,TXN-000668,1,2024-04-12 14:05:34,395,CARD,15,216.35,17.3,0.0,233.65,2024-04-12 14:05:34
669,TXN-000669,1,2024-07-19 12:30:36,41,EWALLET,9,142.73,11.21,2.57,151.37,2024-07-19 12:30:36
670,TXN-000670,1,2024-07-16 17:21:43,184,CASH,16,364.47,28.54,7.75,385.26,2024-07-16 17:21:43
671,TXN-000671,1,2024-10-23 18:48:28,,CARD,8,168.44,13.48,0.0,181.92,2024-10-23 18:48:28
672,TXN-000672,1,2025-04-21 09:57:57,435,CASH,9,183.23,14.66,0.0,197.89,2025-04-21 09:57:57
673,TXN-000673,1,2024-07-05 20:46:11,,CARD,18,330.29,26.27,1.78,354.78,2024-07-05 20:46:11
674,TXN-000674,1,2025-02-25 16:08:28,,CARD,16,318.52,25.22,3.24,340.5,2025-02-25 16:08:28
675,TXN-000675,1,2024-02-04 13:05:39,,EWALLET,12,149.05,11.92,0.06,160.91,2024-02-04 13:05:39
676,TXN-000676,1,2025-04-24 21:39:10,150,CARD,7,174.99,13.69,3.98,184.7,2025-04-24 21:39:10
677,TXN-000677,1,2024-03-29 22:44:02,270,CARD,4,50.68,3.97,1.04,53.61,2024-03-29 22:44:02
678,TXN-000678,1,2024-07-25 17:14:45,,EWALLET,13,183.39,14.65,0.22,197.82,2024-07-25 17:14:45
679,TXN-000679,1,2024-11-12 16:23:41,,CARD,6,87.0,6.64,4.05,89.59,2024-11-12 16:23:41
680,TXN-000680,1,2024-07-23 17:38:28,,CARD,17,348.2,27.15,8.77,366.58,2024-07-23 17:38:28
681,TXN-000681,1,2024-08-20 15:23:42,252,CARD,11,169.23,13.36,2.2,180.39,2024-08-20 15:23:42
682,TXN-000682,1,2024-05-21 18:51:11,171,CARD,8,152.4,12.2,0.0,164.6,2024-05-21 18:51:11
683,TXN-000683,1,2024-10-20 20:10:11,,EWALLET,14,111.22,7.84,13.23,105.83,2024-10-20 20:10:11
684,TXN-000684,1,2025-04-02 15:31:18,268,EWALLET,12,148.11,11.73,1.47,158.37,2025-04-02 15:31:18
685,TXN-000685,1,2024-12-23 14:34:34,296,CARD,7,130.32,10.43,0.0,140.75,2024-12-23 14:34:34
686,TXN-000686,1,2024-02-05 10:30:44,210,CARD,9,145.0,11.47,1.76,154.71,2024-02-05 10:30:44
687,TXN-000687,1,2024-11-22 20:46:16,,CASH,12,246.11,19.46,2.83,262.74,2024-11-22 20:46:16
688,TXN-000688,1,2024-12-09 14:56:12,500,CARD,9,89.19,7.0,1.57,94.62,2024-12-09 14:56:12
689,TXN-000689,1,2024-08-02 22:16:14,428,EWALLET,8,276.87,21.76,4.81,293.82,2024-08-02 22:16:14
690,TXN-000690,1,2025-02-07 16:37:58,359,CARD,9,191.03,15.11,2.25,203.89,2025-02-07 16:37:58
691,TXN-000691,1,2024-05-31 09:51:09,492,CARD,13,260.74,20.37,6.02,275.09,2024-05-31 09:51:09
692,TXN-000692,1,2024-09-30 14:15:20,65,CARD,5,94.98,7.6,0.0,102.58,2024-09-30 14:15:20
693,TXN-000693,1,2024-12-26 15:21:51,24,CARD,5,228.06,17.56,8.56,237.06,2024-12-26 15:21:51
694,TXN-000694,1,2024-12-15 17:53:34,,CARD,14,260.48,18.41,30.44,248.45,2024-12-15 17:53:34
695,TXN-000695,1,2024-07-31 15:25:04,,CARD,10,137.0,10.82,1.77,146.05,2024-07-31 15:25:04
696,TXN-000696,1,2024-08-29 14:28:54,108,CARD,8,200.63,15.94,1.3,215.27,2024-08-29 14:28:54
697,TXN-000697,1,2024-02-18 18:13:26,,CARD,19,456.72,33.8,34.35,456.17,2024-02-18 18:13:26
698,TXN-000698,1,2024-12-19 18:33:39,280,CARD,6,91.14,7.08,2.62,95.6,2024-12-19 18:33:39
699,TXN-000699,1,2025-03-03 20:58:22,,CASH,2,51.29,4.1,0.0,55.39,2025-03-03 20:58:22
700,TXN-000700,1,2024-12-19 13:18:43,95,CARD,4,46.81,3.74,0.17,50.38,2024-12-19 13:18:43
701,TXN-000701,1,2024-01-31 19:20:58,240,CASH,8,172.34,13.79,0.0,186.13,2024-01-31 19:20:58
702,TXN-000702,1,2024-08-04 12:25:23,245,CASH,9,156.2,11.61,11.03,156.78,2024-08-04 12:25:23
703,TXN-000703,1,2025-03-27 16:40:01,275,CARD,13,435.1,34.79,0.0,469.89,2025-03-27 16:40:01
704,TXN-000704,1,2024-07-20 11:00:28,181,CARD,8,97.85,7.11,8.87,96.09,2024-07-20 11:00:28
705,TXN-000705,1,2024-04-14 11:00:07,463,EWALLET,11,244.7,18.85,9.12,254.43,2024-04-14 11:00:07
706,TXN-000706,1,2024-04-27 09:59:09,,CARD,8,191.12,14.94,4.34,201.72,2024-04-27 09:59:09
707,TXN-000707,1,2024-12-07 16:35:14,85,CARD,13,171.46,12.7,12.73,171.43,2024-12-07 16:35:14
708,TXN-000708,1,2025-03-25 14:50:57,126,CASH,5,45.72,3.6,0.74,48.58,2025-03-25 14:50:57
709,TXN-000709,1,2024-06-07 15:02:10,86,EWALLET,9,342.16,27.34,0.54,368.96,2024-06-07 15:02:10
710,TXN-000710,1,2024-08-12 17:49:20,,CARD,13,292.38,23.2,2.32,313.26,2024-08-12 17:49:20
711,TXN-000711,1,2024-10-09 10:32:30,92,CARD,4,26.5,2.12,0.0,28.62,2024-10-09 10:32:30
712,TXN-000712,1,2025-04-24 16:07:22,493,CARD,10,96.96,7.7,0.86,103.8,2025-04-24 16:07:22
713,TXN-000713,1,2024-01-04 13:58:00,,CARD,16,249.83,19.7,3.58,265.95,2024-01-04 13:58:00
714,TXN-000714,1,2025-05-27 11:48:11,,CARD,9,89.89,7.03,2.14,94.78,2025-05-27 11:48:11
715,TXN-000715,1,2025-01-02 12:36:39,266,CARD,6,64.05,5.12,0.0,69.17,2025-01-02 12:36:39
716,TXN-000716,1,2024-11-10 20:15:16,,CARD,9,187.82,13.81,15.28,186.35,2024-11-10 20:15:16
717,TXN-000717,1,2025-01-22 22:22:30,,CARD,14,314.9,25.19,0.0,340.09,2025-01-22 22:22:30
718,TXN-000718,1,2025-03-11 19:12:46,,EWALLET,7,97.64,7.81,0.0,105.45,2025-03-11 19:12:46
719,TXN-000719,1,2024-05-25 14:12:37,186,CARD,22,469.19,33.32,52.5,450.01,2024-05-25 14:12:37
720,TXN-000720,1,2025-02-07 15:36:39,14,CASH,10,133.48,10.43,3.16,140.75,2025-02-07 15:36:39
721,TXN-000721,1,2024-08-10 13:12:18,,EWALLET,9,102.8,7.11,13.96,95.95,2024-08-10 13:12:18
722,TXN-000722,1,2025-04-07 08:07:38,,CASH,7,242.81,19.29,1.47,260.63,2025-04-07 08:07:38
723,TXN-000723,1,2024-06-06 13:25:47,161,CARD,9,140.54,11.03,2.61,148.96,2024-06-06 13:25:47
724,TXN-000724,1,2024-12-18 19:43:40,,CARD,5,104.58,8.29,1.02,111.85,2024-12-18 19:43:40
725,TXN-000725,1,2025-05-08 17:11:27,,EWALLET,11,125.93,10.07,0.0,136.0,2025-05-08 17:11:27
726,TXN-000726,1,2024-03-27 21:57:53,344,CARD,11,250.27,19.33,8.59,261.01,2024-03-27 21:57:53
727,TXN-000727,1,2024-02-09 15:17:47,,CARD,5,94.33,7.49,0.73,101.09,2024-02-09 15:17:47
728,TXN-000728,1,2025-01-13 10:49:09,,CASH,11,178.67,14.26,0.5,192.43,2025-01-13 10:49:09
729,TXN-000729,1,2024-04-03 21:41:12,,CARD,9,247.37,19.38,5.13,261.62,2024-04-03 21:41:12
730,TXN-000730,1,2024-03-07 14:43:52,322,CARD,2,30.88,2.35,1.48,31.75,2024-03-07 14:43:52
731,TXN-000731,1,2025-01-18 17:16:35,54,CARD,10,96.7,6.83,11.45,92.08,2025-01-18 17:16:35
732,TXN-000732,1,2024-05-28 14:35:32,303,EWALLET,23,564.28,44.65,6.08,602.85,2024-05-28 14:35:32
733,TXN-000733,1,2024-01-31 15:05:52,,CARD,14,288.71,22.74,4.35,307.1,2024-01-31 15:05:52
734,TXN-000734,1,2024-08-12 13:40:15,453,EWALLET,9,148.68,11.89,0.0,160.57,2024-08-12 13:40:15
735,TXN-000735,1,2025-01-05 11:13:50,153,CARD,18,246.92,19.04,8.68,257.28,2025-01-05 11:13:50
736,TXN-000736,1,2024-01-03 16:17:53,186,CARD,6,256.17,20.5,0.0,276.67,2024-01-03 16:17:53
737,TXN-000737,1,2024-05-08 15:30:24,51,CARD,5,49.79,3.94,0.49,53.24,2024-05-08 15:30:24
738,TXN-000738,1,2024-04-11 14:09:57,,CASH,11,156.28,12.38,1.48,167.18,2024-04-11 14:09:57
739,TXN-000739,1,2024-06-11 13:34:37,,CARD,12,201.26,16.1,0.0,217.36,2024-06-11 13:34:37
740,TXN-000740,1,2024-10-25 13:32:32,245,CARD,8,81.05,6.48,0.0,87.53,2024-10-25 13:32:32
741,TXN-000741,1,2024-12-04 12:19:17,,CARD,12,209.4,16.75,0.0,226.15,2024-12-04 12:19:17
742,TXN-000742,1,2024-01-10 19:47:00,,CASH,6,93.16,7.45,0.0,100.61,2024-01-10 19:47:00
743,TXN-000743,1,2025-05-13 09:14:38,,CARD,11,213.32,16.44,7.84,221.92,2025-05-13 09:14:38
744,TXN-000744,1,2024-04-10 14:54:46,179,CARD,7,135.21,10.82,0.0,146.03,2024-04-10 14:54:46
745,TXN-000745,1,2024-12-06 10:04:27,40,CARD,9,138.11,11.04,0.0,149.15,2024-12-06 10:04:27
746,TXN-000746,1,2024-07-28 16:19:15,343,CASH,11,218.68,16.02,18.45,216.25,2024-07-28 16:19:15
747,TXN-000747,1,2024-05-03 19:04:59,87,CARD,13,262.46,20.6,5.01,278.05,2024-05-03 19:04:59
748,TXN-000748,1,2024-12-07 17:10:31,234,CASH,13,341.93,25.19,26.99,340.13,2024-12-07 17:10:31
749,TXN-000749,1,2024-07-30 09:07:17,4,CASH,7,116.07,9.29,0.0,125.36,2024-07-30 09:07:17
750,TXN-000750,1,2024-08-07 20:47:41,153,CARD,11,227.89,18.1,1.7,244.29,2024-08-07 20:47:41
751,TXN-000751,1,2025-01-08 10:59:50,315,CASH,11,197.51,15.45,4.54,208.42,2025-01-08 10:59:50
752,TXN-000752,1,2024-06-29 11:59:13,180,CASH,13,183.97,14.33,4.92,193.38,2024-06-29 11:59:13
753,TXN-000753,1,2024-05-02 19:20:24,491,CARD,7,106.08,8.48,0.0,114.56,2024-05-02 19:20:24
754,TXN-000754,1,2024-09-04 09:17:10,304,CARD,7,143.45,11.49,0.0,154.94,2024-09-04 09:17:10
755,TXN-000755,1,2024-06-14 14:35:57,487,EWALLET,14,294.74,22.97,7.78,309.93,2024-06-14 14:35:57
756,TXN-000756,1,2024-12-02 12:14:44,66,CARD,16,295.86,23.62,0.68,318.8,2024-12-02 12:14:44
757,TXN-000757,1,2025-03-29 13:45:25,117,EWALLET,14,177.03,13.77,4.97,185.83,2025-03-29 13:45:25
758,TXN-000758,1,2025-01-26 21:53:20,279,CASH,18,537.67,39.6,42.69,534.58,2025-01-26 21:53:20
759,TXN-000759,1,2024-04-29 15:04:47,122,CARD,7,140.86,11.09,2.25,149.7,2024-04-29 15:04:47
760,TXN-000760,1,2024-06-01 13:29:15,120,EWALLET,22,623.83,45.17,59.2,609.8,2024-06-01 13:29:15
761,TXN-000761,1,2025-05-13 16:47:20,273,CASH,10,215.97,17.1,2.25,230.82,2025-05-13 16:47:20
762,TXN-000762,1,2024-10-23 13:49:24,278,CARD,8,64.84,5.18,0.0,70.02,2024-10-23 13:49:24
763,TXN-000763,1,2024-03-02 18:30:43,,CARD,16,159.31,12.51,2.91,168.91,2024-03-02 18:30:43
764,TXN-000764,1,2024-03-04 13:17:02,210,CARD,17,305.19,24.12,3.57,325.74,2024-03-04 13:17:02
765,TXN-000765,1,2025-03-09 18:09:04,488,CASH,17,212.43,15.87,14.27,214.03,2025-03-09 18:09:04
766,TXN-000766,1,2024-11-29 08:24:21,359,CARD,7,219.49,17.19,4.56,232.12,2024-11-29 08:24:21
767,TXN-000767,1,2024-03-09 16:28:31,,CARD,17,329.78,24.52,23.37,330.93,2024-03-09 16:28:31
768,TXN-000768,1,2024-02-12 10:21:32,,CARD,10,235.77,18.76,1.18,253.35,2024-02-12 10:21:32
769,TXN-000769,1,2024-11-11 14:34:50,,CARD,6,98.84,7.9,0.0,106.74,2024-11-11 14:34:50
770,TXN-000770,1,2025-05-17 13:04:43,,CASH,13,206.57,15.8,9.18,213.19,2025-05-17 13:04:43
771,TXN-000771,1,2024-07-03 14:31:48,171,CARD,18,318.14,25.01,5.49,337.66,2024-07-03 14:31:48
772,TXN-000772,1,2024-09-26 14:56:09,103,EWALLET,7,137.77,11.03,0.0,148.8,2024-09-26 14:56:09
773,TXN-000773,1,2024-01-08 15:59:10,,EWALLET,7,179.01,14.32,0.0,193.33,2024-01-08 15:59:10
774,TXN-000774,1,2024-12-18 18:56:47,472,CASH,8,235.84,18.86,0.0,254.7,2024-12-18 18:56:47
775,TXN-000775,1,2024-03-06 18:27:18,,CARD,12,201.46,15.94,2.36,215.04,2024-03-06 18:27:18
776,TXN-000776,1,2024-04-10 18:37:01,,CARD,8,180.12,14.35,0.78,193.69,2024-04-10 18:37:01
777,TXN-000777,1,2025-02-23 11:33:31,,CARD,13,119.44,9.01,6.76,121.69,2025-02-23 11:33:31
778,TXN-000778,1,2025-01-19 15:14:19,,CARD,11,148.22,11.42,5.5,154.14,2025-01-19 15:14:19
779,TXN-000779,1,2025-05-16 10:49:26,,CARD,10,238.23,18.73,4.11,252.85,2025-05-16 10:49:26
780,TXN-000780,1,2025-03-05 14:37:18,411,CARD,3,81.39,6.26,3.12,84.53,2025-03-05 14:37:18
781,TXN-000781,1,2024-03-25 14:13:32,,CARD,8,243.26,19.19,3.3,259.15,2024-03-25 14:13:32
782,TXN-000782,1,2024-07-21 16:35:34,105,CARD,12,250.01,20.01,0.0,270.02,2024-07-21 16:35:34
783,TXN-000783,1,2024-01-10 19:37:47,285,CARD,10,217.55,17.06,4.32,230.29,2024-01-10 19:37:47
784,TXN-000784,1,2024-01-29 19:57:49,,CASH,5,195.73,15.66,0.0,211.39,2024-01-29 19:57:49
785,TXN-000785,1,2025-04-03 18:57:31,138,CARD,9,276.36,21.67,5.51,292.52,2025-04-03 18:57:31
786,TXN-000786,1,2024-02-09 20:14:43,130,CARD,9,127.33,10.18,0.0,137.51,2024-02-09 20:14:43
787,TXN-000787,1,2024-04-24 12:15:15,17,CASH,10,130.98,10.03,5.54,135.47,2024-04-24 12:15:15
788,TXN-000788,1,2025-04-18 13:20:31,,EWALLET,17,300.6,24.05,0.0,324.65,2025-04-18 13:20:31
789,TXN-000789,1,2024-06-16 16:38:44,195,CARD,9,172.47,13.65,1.81,184.31,2024-06-16 16:38:44
790,TXN-000790,1,2024-03-04 10:47:33,,EWALLET,3,89.48,7.16,0.0,96.64,2024-03-04 10:47:33
791,TXN-000791,1,2024-08-19 18:02:43,293,CARD,9,120.1,9.61,0.0,129.71,2024-08-19 18:02:43
792,TXN-000792,1,2024-11-08 19:21:21,254,CARD,14,280.78,22.0,5.83,296.95,2024-11-08 19:21:21
793,TXN-000793,1,2024-09-16 16:49:55,60,CASH,15,360.94,28.25,7.82,381.37,2024-09-16 16:49:55
794,TXN-000794,1,2024-01-11 22:41:35,31,CARD,6,210.12,16.81,0.0,226.93,2024-01-11 22:41:35
795,TXN-000795,1,2025-01-23 17:54:37,447,EWALLET,7,173.48,13.88,0.0,187.36,2025-01-23 17:54:37
796,TXN-000796,1,2025-05-16 22:09:44,469,CARD,6,25.06,2.0,0.0,27.06,2025-05-16 22:09:44
797,TXN-000797,1,2024-09-01 16:55:40,,CARD,9,117.06,8.84,6.59,119.31,2024-09-01 16:55:40
798,TXN-000798,1,2024-08-14 16:15:18,,CARD,9,165.01,13.1,1.32,176.79,2024-08-14 16:15:18
799,TXN-000799,1,2025-03-19 11:01:04,,CASH,15,224.58,17.92,0.6,241.9,2025-03-19 11:01:04
800,TXN-000800,1,2024-11-22 15:44:50,237,CARD,10,291.26,22.96,4.12,310.1,2024-11-22 15:44:50
801,TXN-000801,1,2024-04-10 11:15:21,,EWALLET,15,393.75,31.04,5.71,419.08,2024-04-10 11:15:21
802,TXN-000802,1,2024-06-11 16:09:44,326,CARD,8,57.52,4.6,0.0,62.12,2024-06-11 16:09:44
803,TXN-000803,1,2024-11-06 17:51:49,,CARD,2,68.33,5.46,0.0,73.79,2024-11-06 17:51:49
804,TXN-000804,1,2024-01-26 17:31:13,35,CARD,8,157.35,12.44,1.8,167.99,2024-01-26 17:31:13
805,TXN-000805,1,2024-04-07 12:19:53,194,EWALLET,8,120.99,8.69,12.43,117.25,2024-04-07 12:19:53
806,TXN-000806,1,2025-01-14 14:05:49,87,CARD,6,59.02,4.72,0.0,63.74,2025-01-14 14:05:49
807,TXN-000807,1,2025-03-13 16:24:59,64,CARD,10,175.8,13.97,1.11,188.66,2025-03-13 16:24:59
808,TXN-000808,1,2024-08-08 14:30:47,,CARD,7,187.68,15.0,0.06,202.62,2024-08-08 14:30:47
809,TXN-000809,1,2024-12-17 17:47:01,,EWALLET,12,378.11,29.71,6.82,401.0,2024-12-17 17:47:01
810,TXN-000810,1,2025-03-27 17:22:45,16,EWALLET,13,310.19,24.7,1.55,333.34,2025-03-27 17:22:45
811,TXN-000811,1,2024-11-04 11:26:25,,CASH,3,51.91,4.15,0.0,56.06,2024-11-04 11:26:25
812,TXN-000812,1,2024-04-02 18:09:46,,CASH,10,158.22,12.65,0.0,170.87,2024-04-02 18:09:46
813,TXN-000813,1,2024-03-13 16:58:03,461,EWALLET,6,125.35,10.0,0.36,134.99,2024-03-13 16:58:03
814,TXN-000814,1,2024-10-08 16:45:01,,CASH,19,500.89,39.58,6.22,534.25,2024-10-08 16:45:01
815,TXN-000815,1,2025-03-25 13:29:31,376,EWALLET,3,49.42,3.95,0.0,53.37,2025-03-25 13:29:31
816,TXN-000816,1,2024-02-27 17:38:32,187,CARD,12,330.36,26.4,0.54,356.22,2024-02-27 17:38:32
817,TXN-000817,1,2024-05-27 12:44:00,41,CARD,16,405.15,31.31,13.64,422.82,2024-05-27 12:44:00
818,TXN-000818,1,2025-04-22 11:24:43,281,CARD,9,136.25,10.9,0.0,147.15,2025-04-22 11:24:43
819,TXN-000819,1,2025-03-23 17:06:33,,EWALLET,8,36.62,2.72,2.63,36.71,2025-03-23 17:06:33
820,TXN-000820,1,2025-02-23 09:25:46,,CARD,5,100.0,7.31,8.73,98.58,2025-02-23 09:25:46
821,TXN-000821,1,2024-09-08 13:57:57,,CASH,12,185.34,14.03,9.87,189.5,2024-09-08 13:57:57
822,TXN-000822,1,2024-07-15 10:42:21,310,CASH,5,81.16,6.5,0.0,87.66,2024-07-15 10:42:21
823,TXN-000823,1,2025-04-07 19:53:58,37,CARD,3,76.19,6.09,0.0,82.28,2025-04-07 19:53:58
824,TXN-000824,1,2025-03-24 13:47:29,385,EWALLET,6,103.96,8.21,1.5,110.67,2025-03-24 13:47:29
825,TXN-000825,1,2024-10-03 14:16:52,423,EWALLET,4,86.94,6.95,0.0,93.89,2024-10-03 14:16:52
826,TXN-000826,1,2024-04-04 18:59:54,427,CASH,4,90.89,6.94,4.11,93.72,2024-04-04 18:59:54
827,TXN-000827,1,2024-06-14 16:50:43,,CARD,16,191.5,15.2,1.48,205.22,2024-06-14 16:50:43
828,TXN-000828,1,2024-02-13 13:42:21,362,CASH,15,238.65,18.9,2.3,255.25,2024-02-13 13:42:21
829,TXN-000829,1,2024-01-07 09:49:03,,EWALLET,16,437.46,34.06,11.74,459.78,2024-01-07 09:49:03
830,TXN-000830,1,2025-01-20 22:06:11,,CASH,5,152.78,12.22,0.0,165.0,2025-01-20 22:06:11
831,TXN-000831,1,2024-02-08 21:32:26,,CARD,8,122.13,9.77,0.0,131.9,2024-02-08 21:32:26
832,TXN-000832,1,2024-10-04 08:23:45,261,CARD,9,252.47,20.2,0.0,272.67,2024-10-04 08:23:45
833,TXN-000833,1,2025-05-30 15:57:11,166,CASH,8,204.32,16.25,1.05,219.52,2025-05-30 15:57:11
834,TXN-000834,1,2025-02-03 16:13:11,,CASH,8,115.44,9.08,1.8,122.72,2025-02-03 16:13:11
835,TXN-000835,1,2024-03-22 10:51:34,475,CARD,7,183.81,14.71,0.0,198.52,2024-03-22 10:51:34
836,TXN-000836,1,2024-10-03 11:08:10,161,CARD,7,127.95,9.94,3.81,134.08,2024-10-03 11:08:10
837,TXN-000837,1,2024-02-14 20:27:37,,CASH,8,174.72,13.72,3.24,185.2,2024-02-14 20:27:37
838,TXN-000838,1,2025-03-25 10:28:49,356,CARD,15,323.63,25.39,6.19,342.83,2025-03-25 10:28:49
839,TXN-000839,1,2024-10-23 12:50:00,,CARD,4,49.82,3.99,0.0,53.81,2024-10-23 12:50:00
840,TXN-000840,1,2024-03-24 16:53:33,460,CASH,8,181.27,13.27,15.44,179.1,2024-03-24 16:53:33
841,TXN-000841,1,2024-04-02 13:11:19,403,CARD,5,95.32,7.6,0.37,102.55,2024-04-02 13:11:19
842,TXN-000842,1,2024-12-11 22:58:26,497,CARD,11,132.24,10.33,2.9,139.67,2024-12-11 22:58:26
843,TXN-000843,1,2024-09-25 17:54:35,68,CARD,10,230.97,18.44,0.42,248.99,2024-09-25 17:54:35
844,TXN-000844,1,2024-01-11 10:58:09,,CARD,7,69.73,5.42,1.92,73.23,2024-01-11 10:58:09
845,TXN-000845,1,2024-06-30 15:17:49,,CARD,12,355.65,27.04,17.74,364.95,2024-06-30 15:17:49
846,TXN-000846,1,2024-01-19 14:28:50,,CARD,12,215.94,17.28,0.0,233.22,2024-01-19 14:28:50
847,TXN-000847,1,2024-06-24 20:55:49,,EWALLET,12,115.84,9.26,0.0,125.1,2024-06-24 20:55:49
848,TXN-000848,1,2024-01-12 08:19:52,32,CARD,15,206.94,16.55,0.0,223.49,2024-01-12 08:19:52
849,TXN-000849,1,2024-10-06 16:56:35,195,CARD,9,112.25,7.9,13.34,106.81,2024-10-06 16:56:35
850,TXN-000850,1,2024-03-29 15:49:42,37,EWALLET,13,279.67,22.3,0.81,301.16,2024-03-29 15:49:42
851,TXN-000851,1,2025-03-08 12:06:47,,EWALLET,9,138.99,10.62,6.34,143.27,2025-03-08 12:06:47
852,TXN-000852,1,2025-05-09 20:20:09,259,EWALLET,12,201.78,15.53,7.65,209.66,2025-05-09 20:20:09
853,TXN-000853,1,2024-04-05 12:40:43,288,CARD,13,302.59,23.77,5.44,320.92,2024-04-05 12:40:43
854,TXN-000854,1,2024-04-07 14:25:57,,CARD,8,213.8,16.46,7.92,222.34,2024-04-07 14:25:57
855,TXN-000855,1,2024-07-27 13:03:05,194,CASH,10,215.78,16.25,12.75,219.28,2024-07-27 13:03:05
856,TXN-000856,1,2024-01-18 10:19:02,,CARD,4,59.17,4.74,0.0,63.91,2024-01-18 10:19:02
857,TXN-000857,1,2024-08-10 17:03:48,,CARD,7,154.56,11.89,5.91,160.54,2024-08-10 17:03:48
858,TXN-000858,1,2025-05-18 15:10:37,,CARD,15,242.02,18.64,9.13,251.53,2025-05-18 15:10:37
859,TXN-000859,1,2025-01-05 19:22:39,156,CASH,14,105.39,7.94,6.15,107.18,2025-01-05 19:22:39
860,TXN-000860,1,2024-09-01 17:14:12,461,CARD,20,535.32,38.9,49.06,525.16,2024-09-01 17:14:12
861,TXN-000861,1,2024-12-09 17:26:19,453,CARD,14,346.06,27.58,1.21,372.43,2024-12-09 17:26:19
862,TXN-000862,1,2024-01-05 17:37:58,316,CARD,9,110.22,8.72,1.16,117.78,2024-01-05 17:37:58
863,TXN-000863,1,2024-02-25 13:56:14,105,CASH,16,407.23,29.71,36.05,400.89,2024-02-25 13:56:14
864,TXN-000864,1,2024-10-30 18:58:11,443,CASH,9,198.97,15.81,1.23,213.55,2024-10-30 18:58:11
865,TXN-000865,1,2024-07-25 20:07:03,95,EWALLET,5,149.66,11.98,0.0,161.64,2024-07-25 20:07:03
866,TXN-000866,1,2024-10-22 13:23:38,46,CARD,6,78.16,6.09,1.94,82.31,2024-10-22 13:23:38
867,TXN-000867,1,2024-11-07 14:27:24,208,CARD,4,30.33,2.42,0.0,32.75,2024-11-07 14:27:24
868,TXN-000868,1,2024-04-16 21:37:05,10,CARD,13,294.64,23.57,0.0,318.21,2024-04-16 21:37:05
869,TXN-000869,1,2024-06-15 20:07:11,418,CARD,7,117.46,9.13,3.24,123.35,2024-06-15 20:07:11
870,TXN-000870,1,2024-08-20 13:35:20,381,EWALLET,16,227.42,18.09,1.33,244.18,2024-08-20 13:35:20
871,TXN-000871,1,2025-04-16 21:51:31,,EWALLET,4,72.96,5.84,0.0,78.8,2025-04-16 21:51:31
872,TXN-000872,1,2024-07-20 14:35:52,,CARD,9,304.29,23.43,11.41,316.31,2024-07-20 14:35:52
873,TXN-000873,1,2024-08-29 17:25:46,126,CARD,4,79.74,6.18,2.48,83.44,2024-08-29 17:25:46
874,TXN-000874,1,2024-11-19 11:34:23,,EWALLET,12,296.83,23.74,0.0,320.57,2024-11-19 11:34:23
875,TXN-000875,1,2024-01-26 21:43:36,,EWALLET,6,116.42,9.28,0.36,125.34,2024-01-26 21:43:36
876,TXN-000876,1,2025-05-04 20:56:00,,CARD,15,195.45,13.99,20.56,188.88,2025-05-04 20:56:00
877,TXN-000877,1,2025-04-20 11:17:22,336,CASH,11,201.51,16.08,0.51,217.08,2025-04-20 11:17:22
878,TXN-000878,1,2024-05-28 09:00:46,251,CARD,15,304.85,24.29,1.42,327.72,2024-05-28 09:00:46
879,TXN-000879,1,2025-05-14 17:05:10,374,EWALLET,12,216.76,17.34,0.0,234.1,2025-05-14 17:05:10
880,TXN-000880,1,2024-09-29 12:47:43,,CARD,7,181.51,13.48,13.02,181.97,2024-09-29 12:47:43
881,TXN-000881,1,2024-12-17 20:36:15,433,CARD,6,117.46,9.39,0.0,126.85,2024-12-17 20:36:15
882,TXN-000882,1,2025-04-12 16:36:29,219,CARD,12,243.58,19.38,1.3,261.66,2025-04-12 16:36:29
883,TXN-000883,1,2025-03-20 18:02:36,,EWALLET,7,154.51,11.88,5.88,160.51,2025-03-20 18:02:36
884,TXN-000884,1,2024-09-07 12:49:34,293,CARD,14,230.63,18.22,2.98,245.87,2024-09-07 12:49:34
885,TXN-000885,1,2024-07-20 18:49:04,68,CARD,22,339.71,26.49,8.65,357.55,2024-07-20 18:49:04
886,TXN-000886,1,2024-04-25 20:10:56,,CARD,10,155.01,11.89,6.28,160.62,2024-04-25 20:10:56
887,TXN-000887,1,2024-12-09 16:24:54,,CARD,5,193.16,15.27,2.22,206.21,2024-12-09 16:24:54
888,TXN-000888,1,2025-04-18 20:50:24,,CASH,6,142.36,11.25,1.8,151.81,2025-04-18 20:50:24
889,TXN-000889,1,2024-12-29 10:38:16,,CARD,24,334.5,23.26,43.66,314.1,2024-12-29 10:38:16
890,TXN-000890,1,2024-11-29 11:35:43,374,EWALLET,4,39.77,3.14,0.51,42.4,2024-11-29 11:35:43
891,TXN-000891,1,2025-01-23 15:47:21,,EWALLET,16,286.03,22.68,2.62,306.09,2025-01-23 15:47:21
892,TXN-000892,1,2025-03-05 12:32:48,498,CARD,12,179.59,14.36,0.22,193.73,2025-03-05 12:32:48
893,TXN-000893,1,2024-11-19 15:54:11,3,EWALLET,10,265.33,21.22,0.0,286.55,2024-11-19 15:54:11
894,TXN-000894,1,2025-01-26 16:36:43,,CARD,14,310.5,24.05,10.11,324.44,2025-01-26 16:36:43
895,TXN-000895,1,2024-04-29 22:59:52,,CARD,8,183.42,14.67,0.0,198.09,2024-04-29 22:59:52
896,TXN-000896,1,2024-03-27 22:12:41,,EWALLET,9,173.79,13.85,0.68,186.96,2024-03-27 22:12:41
897,TXN-000897,1,2024-06-21 11:28:15,23,CARD,4,132.3,10.58,0.0,142.88,2024-06-21 11:28:15
898,TXN-000898,1,2024-03-26 16:46:17,394,EWALLET,7,134.35,10.74,0.0,145.09,2024-03-26 16:46:17
899,TXN-000899,1,2024-01-26 18:17:33,,CARD,9,203.68,16.29,0.0,219.97,2024-01-26 18:17:33
900,TXN-000900,1,2025-02-10 19:29:55,352,CARD,14,232.29,18.37,2.6,248.06,2025-02-10 19:29:55
901,TXN-000901,1,2025-04-10 14:17:39,,CASH,7,87.5,7.0,0.0,94.5,2025-04-10 14:17:39
902,TXN-000902,1,2024-12-11 10:08:21,94,CARD,4,98.57,7.88,0.0,106.45,2024-12-11 10:08:21
903,TXN-000903,1,2025-02-06 12:58:34,20,CARD,7,124.94,9.57,5.34,129.17,2025-02-06 12:58:34
904,TXN-000904,1,2024-08-10 21:31:02,,CARD,14,270.75,21.39,3.41,288.73,2024-08-10 21:31:02
905,TXN-000905,1,2025-05-13 17:55:39,,CARD,9,200.72,16.05,0.0,216.77,2025-05-13 17:55:39
906,TXN-000906,1,2024-06-23 15:25:21,,CARD,10,249.53,17.59,29.72,237.4,2024-06-23 15:25:21
907,TXN-000907,1,2024-09-05 16:18:47,421,EWALLET,9,180.38,14.25,2.22,192.41,2024-09-05 16:18:47
908,TXN-000908,1,2025-05-26 11:40:35,102,CARD,3,85.21,6.48,4.2,87.49,2025-05-26 11:40:35
909,TXN-000909,1,2024-05-21 16:47:07,27,CARD,9,256.2,20.09,5.0,271.29,2024-05-21 16:47:07
910,TXN-000910,1,2024-02-18 18:13:47,,CASH,8,268.18,21.25,2.53,286.9,2024-02-18 18:13:47
911,TXN-000911,1,2025-05-27 15:59:26,402,CARD,12,260.59,20.53,3.96,277.16,2025-05-27 15:59:26
912,TXN-000912,1,2024-04-15 16:24:23,491,EWALLET,6,44.84,3.59,0.0,48.43,2024-04-15 16:24:23
913,TXN-000913,1,2024-05-13 18:26:45,359,CARD,13,301.2,24.1,0.0,325.3,2024-05-13 18:26:45
914,TXN-000914,1,2025-04-28 21:33:19,,CARD,3,129.17,10.33,0.0,139.5,2025-04-28 21:33:19
915,TXN-000915,1,2024-03-25 18:53:52,369,EWALLET,4,90.94,7.15,1.6,96.49,2024-03-25 18:53:52
916,TXN-000916,1,2024-01-29 19:22:50,77,CASH,11,174.34,13.84,1.42,186.76,2024-01-29 19:22:50
917,TXN-000917,1,2025-01-26 16:13:38,,CARD,19,323.73,23.37,31.46,315.64,2025-01-26 16:13:38
918,TXN-000918,1,2024-09-08 11:39:35,201,CASH,17,351.42,24.77,41.77,334.42,2024-09-08 11:39:35
919,TXN-000919,1,2024-04-09 20:11:37,,CASH,6,82.42,6.6,0.0,89.02,2024-04-09 20:11:37
920,TXN-000920,1,2024-06-03 20:58:37,233,CARD,7,70.67,5.38,3.39,72.66,2024-06-03 20:58:37
921,TXN-000921,1,2025-03-28 17:23:02,317,CARD,18,259.07,20.4,3.96,275.51,2025-03-28 17:23:02
922,TXN-000922,1,2025-05-17 10:59:57,,CARD,10,185.48,14.51,4.2,195.79,2025-05-17 10:59:57
923,TXN-000923,1,2024-08-22 17:18:29,,CARD,13,235.82,18.67,2.46,252.03,2024-08-22 17:18:29
924,TXN-000924,1,2025-03-26 15:17:21,401,CASH,11,71.66,5.73,0.0,77.39,2025-03-26 15:17:21
925,TXN-000925,1,2024-12-12 15:34:27,,EWALLET,14,206.72,16.54,0.0,223.26,2024-12-12 15:34:27
926,TXN-000926,1,2024-12-14 15:48:56,267,CASH,9,163.11,13.05,0.0,176.16,2024-12-14 15:48:56
927,TXN-000927,1,2025-01-03 18:59:45,,CASH,13,119.91,9.32,3.31,125.92,2025-01-03 18:59:45
928,TXN-000928,1,2024-12-13 15:00:59,,CARD,6,84.94,6.7,1.2,90.44,2024-12-13 15:00:59
929,TXN-000929,1,2024-01-04 11:46:46,,EWALLET,14,286.17,22.9,0.0,309.07,2024-01-04 11:46:46
930,TXN-000930,1,2024-02-09 08:26:55,378,EWALLET,8,193.07,15.44,0.0,208.51,2024-02-09 08:26:55
931,TXN-000931,1,2024-02-06 19:23:39,327,EWALLET,18,220.23,17.62,0.0,237.85,2024-02-06 19:23:39
932,TXN-000932,1,2024-06-28 21:22:10,350,CASH,12,103.78,8.31,0.0,112.09,2024-06-28 21:22:10
933,TXN-000933,1,2024-01-14 20:19:55,,CARD,5,98.81,7.18,9.09,96.9,2024-01-14 20:19:55
934,TXN-000934,1,2024-09-29 15:49:01,205,EWALLET,12,309.02,24.65,1.03,332.64,2024-09-29 15:49:01
935,TXN-000935,1,2025-05-19 13:33:00,338,CASH,7,207.29,16.28,3.8,219.77,2025-05-19 13:33:00
936,TXN-000936,1,2025-02-22 17:03:24,268,CASH,7,160.93,12.83,0.59,173.17,2025-02-22 17:03:24
937,TXN-000937,1,2024-03-16 21:53:54,195,CARD,14,389.73,27.83,41.97,375.59,2024-03-16 21:53:54
938,TXN-000938,1,2024-03-22 16:54:39,,CASH,10,216.02,17.17,1.48,231.71,2024-03-22 16:54:39
939,TXN-000939,1,2025-05-14 13:50:27,255,CARD,4,124.07,9.93,0.0,134.0,2025-05-14 13:50:27
940,TXN-000940,1,2025-02-16 10:48:32,460,CARD,11,107.52,8.41,2.34,113.59,2025-02-16 10:48:32
941,TXN-000941,1,2024-08-27 14:05:39,,CARD,6,160.42,12.84,0.0,173.26,2024-08-27 14:05:39
942,TXN-000942,1,2024-05-03 19:56:43,397,EWALLET,10,201.59,16.04,1.19,216.44,2024-05-03 19:56:43
943,TXN-000943,1,2024-01-31 17:13:10,,CARD,8,323.01,25.84,0.0,348.85,2024-01-31 17:13:10
944,TXN-000944,1,2024-11-28 20:43:55,434,EWALLET,10,122.71,9.82,0.0,132.53,2024-11-28 20:43:55
945,TXN-000945,1,2025-04-11 21:22:01,462,CASH,7,201.94,15.99,2.1,215.83,2025-04-11 21:22:01
946,TXN-000946,1,2024-03-31 18:36:45,,CARD,12,279.46,21.97,4.96,296.47,2024-03-31 18:36:45
947,TXN-000947,1,2024-10-15 13:39:22,295,CARD,8,315.42,25.23,0.0,340.65,2024-10-15 13:39:22
948,TXN-000948,1,2024-04-04 14:14:16,304,CASH,9,258.81,20.06,8.1,270.77,2024-04-04 14:14:16
949,TXN-000949,1,2024-09-08 19:17:52,142,CARD,10,202.22,14.93,15.62,201.53,2024-09-08 19:17:52
950,TXN-000950,1,2025-01-17 18:54:51,174,CARD,18,306.11,24.31,2.25,328.17,2025-01-17 18:54:51
951,TXN-000951,1,2024-10-01 12:08:00,,CARD,14,181.34,14.08,5.4,190.02,2024-10-01 12:08:00
952,TXN-000952,1,2024-10-10 16:07:37,290,CARD,10,358.06,28.25,4.9,381.41,2024-10-10 16:07:37
953,TXN-000953,1,2024-09-27 09:37:56,110,CASH,8,146.98,11.75,0.0,158.73,2024-09-27 09:37:56
954,TXN-000954,1,2025-05-23 10:24:02,282,CARD,7,86.35,6.91,0.0,93.26,2025-05-23 10:24:02
955,TXN-000955,1,2025-02-28 11:15:31,292,EWALLET,9,84.29,6.59,1.9,88.98,2025-02-28 11:15:31
956,TXN-000956,1,2024-10-21 20:46:21,159,EWALLET,16,144.86,11.31,3.48,152.69,2024-10-21 20:46:21
957,TXN-000957,1,2024-09-08 15:48:34,186,EWALLET,15,306.4,22.18,29.0,299.58,2024-09-08 15:48:34
958,TXN-000958,1,2024-05-05 16:31:36,,CARD,7,222.47,17.67,1.62,238.52,2024-05-05 16:31:36
959,TXN-000959,1,2024-04-01 17:25:54,226,CARD,7,44.77,3.58,0.0,48.35,2024-04-01 17:25:54
960,TXN-000960,1,2024-05-15 22:37:45,454,CASH,9,186.32,14.73,2.3,198.75,2024-05-15 22:37:45
961,TXN-000961,1,2024-06-01 19:00:48,456,CARD,13,227.52,16.82,17.22,227.12,2024-06-01 19:00:48
962,TXN-000962,1,2024-03-04 14:56:11,240,CARD,4,77.77,6.08,1.8,82.05,2024-03-04 14:56:11
963,TXN-000963,1,2025-01-28 14:09:17,483,EWALLET,12,162.93,12.93,1.27,174.59,2025-01-28 14:09:17
964,TXN-000964,1,2025-04-24 18:26:40,369,CARD,8,125.24,9.75,3.29,131.7,2025-04-24 18:26:40
965,TXN-000965,1,2025-01-18 16:53:54,,CARD,18,323.55,24.31,19.55,328.31,2025-01-18 16:53:54
966,TXN-000966,1,2024-05-02 20:38:03,193,CARD,11,250.47,19.19,10.66,259.0,2024-05-02 20:38:03
967,TXN-000967,1,2024-03-01 08:25:10,411,CARD,11,361.22,28.89,0.0,390.11,2024-03-01 08:25:10
968,TXN-000968,1,2025-03-10 19:32:24,295,EWALLET,16,333.84,26.6,1.42,359.02,2025-03-10 19:32:24
969,TXN-000969,1,2025-02-21 14:50:55,56,CASH,6,137.72,11.02,0.0,148.74,2025-02-21 14:50:55
970,TXN-000970,1,2025-05-13 20:48:57,117,EWALLET,14,163.54,13.09,0.0,176.63,2025-05-13 20:48:57
971,TXN-000971,1,2024-08-24 17:13:05,337,CARD,18,273.02,21.71,1.7,293.03,2024-08-24 17:13:05
972,TXN-000972,1,2024-08-12 21:57:03,74,EWALLET,8,126.2,9.96,1.65,134.51,2024-08-12 21:57:03
973,TXN-000973,1,2024-07-01 14:36:32,,CARD,2,55.95,4.48,0.0,60.43,2024-07-01 14:36:32
974,TXN-000974,1,2025-03-18 17:59:15,,CARD,16,141.95,11.31,0.48,152.78,2025-03-18 17:59:15
975,TXN-000975,1,2024-02-07 12:11:50,457,CARD,2,50.56,3.92,1.62,52.86,2024-02-07 12:11:50
976,TXN-000976,1,2024-08-25 18:51:37,,CARD,15,401.63,31.93,2.68,430.88,2024-08-25 18:51:37
977,TXN-000977,1,2025-04-19 21:43:10,40,EWALLET,13,172.17,13.16,7.78,177.55,2025-04-19 21:43:10
978,TXN-000978,1,2024-05-24 13:04:18,127,EWALLET,10,147.19,11.49,3.5,155.18,2024-05-24 13:04:18
979,TXN-000979,1,2024-11-25 17:22:18,79,CARD,10,288.38,23.08,0.0,311.46,2024-11-25 17:22:18
980,TXN-000980,1,2024-09-23 09:39:49,254,EWALLET,6,64.78,5.1,1.11,68.77,2024-09-23 09:39:49
981,TXN-000981,1,2025-05-24 12:13:29,,CARD,7,150.29,11.58,5.66,156.21,2025-05-24 12:13:29
982,TXN-000982,1,2024-04-23 15:10:30,,CARD,5,132.46,10.6,0.0,143.06,2024-04-23 15:10:30
983,TXN-000983,1,2025-01-21 13:44:27,,CASH,16,208.4,16.38,3.76,221.02,2025-01-21 13:44:27
984,TXN-000984,1,2024-04-15 17:51:11,224,CARD,4,144.02,11.52,0.0,155.54,2024-04-15 17:51:11
985,TXN-000985,1,2024-11-23 08:54:40,315,CASH,18,257.79,19.99,7.97,269.81,2024-11-23 08:54:40
986,TXN-000986,1,2024-09-23 17:40:40,,CARD,7,220.54,17.47,2.25,235.76,2024-09-23 17:40:40
987,TXN-000987,1,2025-03-22 20:19:33,,CARD,17,308.56,24.14,6.76,325.94,2025-03-22 20:19:33
988,TXN-000988,1,2025-01-30 14:17:58,363,CARD,14,257.9,20.46,2.04,276.32,2025-01-30 14:17:58
989,TXN-000989,1,2024-01-05 19:16:18,277,CASH,4,88.67,7.02,0.96,94.73,2024-01-05 19:16:18
990,TXN-000990,1,2024-09-14 18:24:50,435,CARD,8,136.95,10.42,6.87,140.5,2024-09-14 18:24:50
991,TXN-000991,1,2025-03-03 19:03:11,460,CARD,11,153.29,11.95,3.8,161.44,2025-03-03 19:03:11
992,TXN-000992,1,2024-01-20 20:23:33,,EWALLET,8,217.89,17.03,4.97,229.95,2024-01-20 20:23:33
993,TXN-000993,1,2025-01-23 21:12:18,141,CARD,9,202.89,16.23,0.0,219.12,2025-01-23 21:12:18
994,TXN-000994,1,2024-02-04 16:20:33,,CARD,17,294.66,22.06,18.87,297.85,2024-02-04 16:20:33
995,TXN-000995,1,2025-04-09 14:29:37,196,CARD,17,213.53,16.71,4.61,225.63,2025-04-09 14:29:37
996,TXN-000996,1,2025-05-25 09:56:43,,CASH,13,321.67,23.74,24.88,320.53,2025-05-25 09:56:43
997,TXN-000997,1,2024-11-14 12:23:43,311,CARD,14,221.45,17.54,2.16,236.83,2024-11-14 12:23:43
998,TXN-000998,1,2024-04-15 14:53:48,228,EWALLET,11,170.35,13.27,4.4,179.22,2024-04-15 14:53:48
999,TXN-000999,1,2024-10-03 17:17:58,,CARD,7,234.62,18.52,3.1,250.04,2024-10-03 17:17:58
1000,TXN-001000,1,2024-02-11 10:31:56,475,CARD,11,125.38,9.69,4.45,130.62,2024-02-11 10:31:56
1001,TXN-001001,1,2024-11-29 08:16:31,265,EWALLET,7,178.14,14.2,0.68,191.66,2024-11-29 08:16:31
1002,TXN-001002,1,2024-10-15 13:14:45,,CARD,7,181.54,14.53,0.0,196.07,2024-10-15 13:14:45
1003,TXN-001003,1,2024-07-23 20:21:29,,EWALLET,7,118.28,9.46,0.0,127.74,2024-07-23 20:21:29
1004,TXN-001004,1,2025-05-17 18:02:57,238,CARD,12,261.37,19.35,19.73,260.99,2025-05-17 18:02:57
1005,TXN-001005,1,2024-01-05 16:19:00,396,EWALLET,5,43.48,3.48,0.0,46.96,2024-01-05 16:19:00
1006,TXN-001006,1,2024-10-11 18:38:34,,EWALLET,6,87.82,6.85,2.2,92.47,2024-10-11 18:38:34
1007,TXN-001007,1,2025-04-14 21:09:55,,CARD,12,369.47,29.37,2.21,396.63,2025-04-14 21:09:55
1008,TXN-001008,1,2025-04-22 21:54:11,122,CARD,3,48.41,3.87,0.0,52.28,2025-04-22 21:54:11
1009,TXN-001009,1,2024-07-23 18:29:51,,CARD,7,171.78,13.74,0.0,185.52,2024-07-23 18:29:51
1010,TXN-001010,1,2024-11-26 21:01:15,184,CARD,7,84.58,6.77,0.0,91.35,2024-11-26 21:01:15
1011,TXN-001011,1,2025-01-11 18:31:11,71,EWALLET,12,267.02,20.77,7.32,280.47,2025-01-11 18:31:11
1012,TXN-001012,1,2024-06-17 13:29:54,237,CARD,14,404.17,32.25,1.16,435.26,2024-06-17 13:29:54
1013,TXN-001013,1,2025-05-22 16:07:20,,CARD,7,147.51,11.61,2.36,156.76,2025-05-22 16:07:20
1014,TXN-001014,1,2025-02-18 17:02:51,,CARD,13,243.11,18.87,7.2,254.78,2025-02-18 17:02:51
1015,TXN-001015,1,2024-08-19 17:00:50,96,CARD,14,304.28,23.91,5.31,322.88,2024-08-19 17:00:50
1016,TXN-001016,1,2025-01-28 11:07:18,,CARD,16,189.41,14.64,6.32,197.73,2025-01-28 11:07:18
1017,TXN-001017,1,2025-01-28 17:27:06,,CARD,13,285.62,22.73,1.47,306.88,2025-01-28 17:27:06
1018,TXN-001018,1,2024-04-05 13:08:06,,CASH,9,211.49,16.93,0.0,228.42,2024-04-05 13:08:06
1019,TXN-001019,1,2024-05-02 19:33:23,,CARD,10,66.56,5.24,1.0,70.8,2024-05-02 19:33:23
1020,TXN-001020,1,2025-01-02 11:50:23,,CARD,7,139.37,10.73,5.28,144.82,2025-01-02 11:50:23
1021,TXN-001021,1,2024-04-05 18:22:38,,CARD,18,268.2,21.45,0.0,289.65,2024-04-05 18:22:38
1022,TXN-001022,1,2024-12-23 11:02:37,,CARD,4,77.1,6.17,0.0,83.27,2024-12-23 11:02:37
1023,TXN-001023,1,2025-04-12 15:12:28,427,CARD,19,478.44,36.92,16.95,498.41,2025-04-12 15:12:28
1024,TXN-001024,1,2024-10-03 14:37:06,,CASH,5,96.35,7.61,1.32,102.64,2024-10-03 14:37:06
1025,TXN-001025,1,2024-01-15 08:31:17,106,CASH,4,65.96,5.27,0.0,71.23,2024-01-15 08:31:17
1026,TXN-001026,1,2024-02-27 17:36:16,143,CASH,7,138.63,10.79,3.69,145.73,2024-02-27 17:36:16
1027,TXN-001027,1,2024-02-03 12:55:31,,EWALLET,11,338.51,25.66,17.78,346.39,2024-02-03 12:55:31
1028,TXN-001028,1,2025-04-02 10:47:53,,CARD,6,95.5,7.56,0.98,102.08,2025-04-02 10:47:53
1029,TXN-001029,1,2024-10-22 15:38:31,,EWALLET,9,293.24,23.42,0.6,316.06,2024-10-22 15:38:31
1030,TXN-001030,1,2024-12-22 16:54:11,,CARD,17,309.64,24.51,3.29,330.86,2024-12-22 16:54:11
1031,TXN-001031,1,2025-01-23 15:53:33,69,CARD,7,117.17,9.27,1.2,125.24,2025-01-23 15:53:33
1032,TXN-001032,1,2025-02-27 14:51:56,428,CARD,8,159.86,12.79,0.0,172.65,2025-02-27 14:51:56
1033,TXN-001033,1,2024-09-19 16:58:42,335,EWALLET,2,43.84,3.47,0.55,46.76,2024-09-19 16:58:42
1034,TXN-001034,1,2024-06-15 10:17:28,,CARD,11,377.12,28.1,25.71,379.51,2024-06-15 10:17:28
1035,TXN-001035,1,2024-09-18 20:30:20,16,EWALLET,7,180.94,13.97,6.33,188.58,2024-09-18 20:30:20
1036,TXN-001036,1,2025-05-03 17:21:51,384,EWALLET,9,167.63,13.13,3.45,177.31,2025-05-03 17:21:51
1037,TXN-001037,1,2024-12-31 11:42:56,,CASH,12,191.36,15.17,1.84,204.69,2024-12-31 11:42:56
1038,TXN-001038,1,2024-10-25 15:02:54,443,CARD,16,304.09,24.01,3.98,324.12,2024-10-25 15:02:54
1039,TXN-001039,1,2025-01-27 18:53:52,490,CARD,8,152.38,11.94,3.16,161.16,2025-01-27 18:53:52
1040,TXN-001040,1,2024-03-14 08:21:40,358,CARD,8,144.74,11.47,1.42,154.79,2024-03-14 08:21:40
1041,TXN-001041,1,2025-02-06 17:13:38,483,CARD,7,59.15,4.69,0.5,63.34,2025-02-06 17:13:38
1042,TXN-001042,1,2024-05-10 09:39:47,494,CASH,6,17.28,1.38,0.0,18.66,2024-05-10 09:39:47
1043,TXN-001043,1,2025-04-07 15:36:37,,CARD,13,229.88,18.35,0.46,247.77,2025-04-07 15:36:37
1044,TXN-001044,1,2025-02-14 16:07:31,1,CASH,4,52.7,4.01,2.56,54.15,2025-02-14 16:07:31
1045,TXN-001045,1,2024-10-31 15:05:30,,EWALLET,14,236.28,18.73,2.16,252.85,2024-10-31 15:05:30
1046,TXN-001046,1,2025-01-18 19:23:41,,CARD,17,150.92,10.94,13.93,147.93,2025-01-18 19:23:41
1047,TXN-001047,1,2025-01-05 18:42:48,,EWALLET,13,305.53,23.32,14.16,314.69,2025-01-05 18:42:48
1048,TXN-001048,1,2025-01-27 15:13:35,341,CARD,3,40.49,3.12,1.48,42.13,2025-01-27 15:13:35
1049,TXN-001049,1,2024-10-18 12:29:12,415,EWALLET,10,139.21,10.88,3.03,147.06,2024-10-18 12:29:12
1050,TXN-001050,1,2024-07-12 16:36:21,202,CARD,8,133.31,10.67,0.0,143.98,2024-07-12 16:36:21
1051,TXN-001051,1,2024-12-15 21:46:05,,CASH,7,102.1,7.9,3.35,106.65,2024-12-15 21:46:05
1052,TXN-001052,1,2024-11-22 15:22:04,,EWALLET,7,105.8,8.42,0.55,113.67,2024-11-22 15:22:04
1053,TXN-001053,1,2024-05-06 10:49:36,,CARD,15,271.22,21.64,0.81,292.05,2024-05-06 10:49:36
1054,TXN-001054,1,2025-02-25 10:06:16,37,CARD,9,341.31,26.88,5.38,362.81,2025-02-25 10:06:16
1055,TXN-001055,1,2024-02-05 12:45:32,69,CARD,5,81.84,6.37,2.28,85.93,2024-02-05 12:45:32
1056,TXN-001056,1,2024-06-06 12:13:01,44,CARD,3,25.92,2.08,0.0,28.0,2024-06-06 12:13:01
1057,TXN-001057,1,2025-03-15 14:53:24,264,EWALLET,16,259.82,19.49,16.27,263.04,2025-03-15 14:53:24
1058,TXN-001058,1,2024-07-01 18:45:39,189,CARD,13,217.15,17.37,0.0,234.52,2024-07-01 18:45:39
1059,TXN-001059,1,2024-03-24 13:42:55,,EWALLET,16,157.48,11.71,11.22,157.97,2024-03-24 13:42:55
1060,TXN-001060,1,2024-03-08 10:47:20,,CARD,10,285.24,22.82,0.0,308.06,2024-03-08 10:47:20
1061,TXN-001061,1,2024-03-31 13:44:09,,CASH,15,194.18,14.84,8.58,200.44,2024-03-31 13:44:09
1062,TXN-001062,1,2024-09-24 12:04:17,81,EWALLET,8,120.37,9.35,3.33,126.39,2024-09-24 12:04:17
1063,TXN-001063,1,2024-06-30 16:50:19,,CARD,17,286.42,20.95,24.56,282.81,2024-06-30 16:50:19
1064,TXN-001064,1,2024-04-29 13:13:48,408,CARD,3,61.77,4.94,0.0,66.71,2024-04-29 13:13:48
1065,TXN-001065,1,2024-08-06 11:29:06,,CARD,10,237.04,18.47,6.2,249.31,2024-08-06 11:29:06
1066,TXN-001066,1,2024-01-02 13:55:13,,CARD,7,143.7,10.95,6.84,147.81,2024-01-02 13:55:13
1067,TXN-001067,1,2024-10-05 10:43:36,269,CARD,14,378.29,29.32,11.77,395.84,2024-10-05 10:43:36
1068,TXN-001068,1,2024-01-22 17:49:32,,CASH,4,176.46,14.12,0.0,190.58,2024-01-22 17:49:32
1069,TXN-001069,1,2024-03-24 11:41:35,311,EWALLET,7,255.11,20.34,0.81,274.64,2024-03-24 11:41:35
1070,TXN-001070,1,2024-05-06 13:22:22,9,CARD,8,142.71,11.27,1.77,152.21,2024-05-06 13:22:22
1071,TXN-001071,1,2024-04-24 13:50:36,440,EWALLET,9,167.64,13.16,3.12,177.68,2024-04-24 13:50:36
1072,TXN-001072,1,2024-01-23 19:11:25,,EWALLET,8,225.3,18.0,0.29,243.01,2024-01-23 19:11:25
1073,TXN-001073,1,2024-09-29 08:17:40,336,CASH,15,353.32,28.18,1.03,380.47,2024-09-29 08:17:40
1074,TXN-001074,1,2025-01-24 16:58:20,153,EWALLET,11,200.88,16.08,0.0,216.96,2025-01-24 16:58:20
1075,TXN-001075,1,2024-10-17 09:15:13,,CARD,10,170.1,13.39,2.76,180.73,2024-10-17 09:15:13
1076,TXN-001076,1,2024-12-04 18:03:47,,EWALLET,8,147.93,11.5,4.17,155.26,2024-12-04 18:03:47
1077,TXN-001077,1,2024-09-15 20:31:56,448,CARD,10,282.51,21.19,17.72,285.98,2024-09-15 20:31:56
1078,TXN-001078,1,2024-04-20 14:40:35,180,CARD,9,136.14,10.72,2.18,144.68,2024-04-20 14:40:35
1079,TXN-001079,1,2024-07-20 15:49:31,,CARD,10,62.0,4.84,1.48,65.36,2024-07-20 15:49:31
1080,TXN-001080,1,2025-02-16 18:34:25,475,CARD,5,185.35,14.62,2.5,197.47,2025-02-16 18:34:25
1081,TXN-001081,1,2024-07-06 17:29:03,52,CARD,13,218.73,16.56,11.65,223.64,2024-07-06 17:29:03
1082,TXN-001082,1,2024-10-18 21:53:38,383,EWALLET,7,122.42,9.8,0.0,132.22,2024-10-18 21:53:38
1083,TXN-001083,1,2025-05-08 08:04:39,74,CASH,7,187.49,14.85,1.87,200.47,2025-05-08 08:04:39
1084,TXN-001084,1,2024-07-10 20:37:45,161,EWALLET,8,223.56,17.87,0.0,241.43,2024-07-10 20:37:45
1085,TXN-001085,1,2024-04-21 15:18:48,32,CARD,15,289.77,23.19,0.0,312.96,2024-04-21 15:18:48
1086,TXN-001086,1,2024-07-31 21:17:37,433,EWALLET,14,362.42,28.44,6.86,384.0,2024-07-31 21:17:37
1087,TXN-001087,1,2024-08-15 20:38:25,98,CARD,7,196.13,15.69,0.0,211.82,2024-08-15 20:38:25
1088,TXN-001088,1,2024-07-20 13:32:59,80,CARD,17,285.86,22.16,9.05,298.97,2024-07-20 13:32:59
1089,TXN-001089,1,2024-05-09 18:49:37,136,CARD,6,72.66,5.81,0.0,78.47,2024-05-09 18:49:37
1090,TXN-001090,1,2025-02-11 15:32:56,250,EWALLET,11,360.6,28.85,0.0,389.45,2025-02-11 15:32:56
1091,TXN-001091,1,2024-09-05 20:19:39,63,EWALLET,21,194.67,15.46,1.36,208.77,2024-09-05 20:19:39
1092,TXN-001092,1,2024-07-23 16:02:46,,CASH,5,111.69,8.71,2.83,117.57,2024-07-23 16:02:46
1093,TXN-001093,1,2025-01-14 19:34:33,,CASH,9,271.41,21.71,0.0,293.12,2025-01-14 19:34:33
1094,TXN-001094,1,2025-05-02 16:40:17,,CASH,4,110.28,8.57,3.14,115.71,2025-05-02 16:40:17
1095,TXN-001095,1,2024-11-04 11:34:13,,CARD,8,108.01,8.63,0.0,116.64,2024-11-04 11:34:13
1096,TXN-001096,1,2025-01-03 18:49:48,,CARD,6,180.27,14.33,1.07,193.53,2025-01-03 18:49:48
1097,TXN-001097,1,2025-04-02 15:00:21,258,CASH,3,69.95,5.47,1.64,73.78,2025-04-02 15:00:21
1098,TXN-001098,1,2025-05-07 20:56:11,,CASH,17,358.47,27.98,8.72,377.73,2025-05-07 20:56:11
1099,TXN-001099,1,2024-09-18 13:05:02,,EWALLET,4,82.78,6.56,0.78,88.56,2024-09-18 13:05:02
1100,TXN-001100,1,2024-07-14 13:43:55,,CASH,11,341.79,26.82,6.51,362.1,2024-07-14 13:43:55
1101,TXN-001101,1,2024-06-07 15:01:59,235,CARD,17,403.54,32.13,1.92,433.75,2024-06-07 15:01:59
1102,TXN-001102,1,2024-06-09 19:54:46,,CARD,12,252.09,18.67,18.76,252.0,2024-06-09 19:54:46
1103,TXN-001103,1,2024-06-14 11:59:43,,CARD,9,281.1,22.24,3.04,300.3,2024-06-14 11:59:43
1104,TXN-001104,1,2024-12-27 16:01:07,,EWALLET,12,86.12,6.87,0.18,92.81,2024-12-27 16:01:07
1105,TXN-001105,1,2025-03-15 18:16:14,,EWALLET,12,307.83,23.39,15.51,315.71,2025-03-15 18:16:14
1106,TXN-001106,1,2024-04-19 08:49:37,,CASH,5,91.97,7.29,0.81,98.45,2024-04-19 08:49:37
1107,TXN-001107,1,2024-11-19 13:59:24,343,CARD,3,83.37,6.67,0.0,90.04,2024-11-19 13:59:24
1108,TXN-001108,1,2024-06-07 16:31:11,,CARD,8,194.96,15.6,0.0,210.56,2024-06-07 16:31:11
1109,TXN-001109,1,2024-01-05 14:12:57,,CASH,10,164.71,13.13,0.58,177.26,2024-01-05 14:12:57
1110,TXN-001110,1,2024-05-18 14:38:16,,CARD,14,281.6,22.13,4.98,298.75,2024-05-18 14:38:16
1111,TXN-001111,1,2024-05-25 18:15:50,,CARD,15,249.41,19.02,11.65,256.78,2024-05-25 18:15:50
1112,TXN-001112,1,2025-01-06 13:17:40,196,CARD,16,274.68,21.98,0.0,296.66,2025-01-06 13:17:40
1113,TXN-001113,1,2024-10-09 17:52:08,357,CARD,4,43.74,3.32,2.18,44.88,2024-10-09 17:52:08
1114,TXN-001114,1,2025-05-17 11:33:08,223,CARD,12,292.06,23.09,3.37,311.78,2025-05-17 11:33:08
1115,TXN-001115,1,2025-05-02 12:38:43,331,CARD,5,147.07,11.28,6.08,152.27,2025-05-02 12:38:43
1116,TXN-001116,1,2024-06-10 15:24:42,18,CASH,8,196.91,15.49,3.26,209.14,2024-06-10 15:24:42
1117,TXN-001117,1,2024-04-25 10:22:25,,CARD,14,245.16,19.62,0.0,264.78,2024-04-25 10:22:25
1118,TXN-001118,1,2025-03-18 14:28:34,348,CARD,11,184.85,14.34,5.57,193.62,2025-03-18 14:28:34
1119,TXN-001119,1,2024-12-04 11:02:28,,CASH,6,82.01,6.57,0.0,88.58,2024-12-04 11:02:28
1120,TXN-001120,1,2024-04-05 18:43:32,,CARD,11,211.24,16.9,0.0,228.14,2024-04-05 18:43:32
1121,TXN-001121,1,2024-03-10 10:57:17,327,CARD,10,170.5,12.4,15.55,167.35,2024-03-10 10:57:17
1122,TXN-001122,1,2024-01-28 11:21:07,,CARD,18,408.73,29.17,44.06,393.84,2024-01-28 11:21:07
1123,TXN-001123,1,2025-01-20 08:50:50,153,CARD,12,373.26,29.85,0.0,403.11,2025-01-20 08:50:50
1124,TXN-001124,1,2025-03-30 19:38:45,,CASH,19,348.76,27.71,2.28,374.19,2025-03-30 19:38:45
1125,TXN-001125,1,2025-03-08 10:11:08,208,CASH,19,382.59,29.37,15.23,396.73,2025-03-08 10:11:08
1126,TXN-001126,1,2025-03-27 13:01:33,361,CARD,3,48.21,3.73,1.6,50.34,2025-03-27 13:01:33
1127,TXN-001127,1,2024-10-17 12:35:37,,CASH,15,316.98,24.62,9.24,332.36,2024-10-17 12:35:37
1128,TXN-001128,1,2024-02-24 16:39:18,42,EWALLET,14,259.49,19.81,12.01,267.29,2024-02-24 16:39:18
1129,TXN-001129,1,2024-10-26 13:18:46,478,EWALLET,11,228.71,17.26,12.94,233.03,2024-10-26 13:18:46
1130,TXN-001130,1,2024-06-02 15:44:04,486,CARD,9,133.12,10.66,0.0,143.78,2024-06-02 15:44:04
1131,TXN-001131,1,2024-05-16 17:42:03,,EWALLET,16,232.32,18.59,0.0,250.91,2024-05-16 17:42:03
1132,TXN-001132,1,2024-04-05 09:35:22,197,CARD,10,277.79,22.23,0.0,300.02,2024-04-05 09:35:22
1133,TXN-001133,1,2024-03-18 12:31:41,304,CASH,11,211.76,16.74,2.52,225.98,2024-03-18 12:31:41
1134,TXN-001134,1,2024-02-29 10:16:29,,EWALLET,21,378.99,30.25,0.81,408.43,2024-02-29 10:16:29
1135,TXN-001135,1,2024-02-28 18:58:26,428,CASH,16,242.44,19.39,0.0,261.83,2024-02-28 18:58:26
1136,TXN-001136,1,2024-12-29 18:03:40,202,CARD,11,185.12,14.16,8.08,191.2,2024-12-29 18:03:40
1137,TXN-001137,1,2025-02-10 14:23:15,,CARD,10,121.97,9.42,4.3,127.09,2025-02-10 14:23:15
1138,TXN-001138,1,2024-05-16 14:31:17,,CARD,16,355.79,28.31,2.06,382.04,2024-05-16 14:31:17
1139,TXN-001139,1,2024-01-13 18:10:50,60,CARD,19,291.88,20.54,35.25,277.17,2024-01-13 18:10:50
1140,TXN-001140,1,2024-05-05 15:21:43,129,CARD,6,191.24,15.3,0.0,206.54,2024-05-05 15:21:43
1141,TXN-001141,1,2024-12-17 15:19:28,34,CARD,11,192.49,15.4,0.0,207.89,2024-12-17 15:19:28
1142,TXN-001142,1,2025-03-21 11:03:50,,CARD,9,94.39,7.3,3.02,98.67,2025-03-21 11:03:50
1143,TXN-001143,1,2025-04-22 17:45:39,113,EWALLET,2,28.14,2.25,0.0,30.39,2025-04-22 17:45:39
1144,TXN-001144,1,2024-10-10 17:26:55,,EWALLET,12,232.14,18.58,0.0,250.72,2024-10-10 17:26:55
1145,TXN-001145,1,2025-04-15 16:56:15,,CARD,8,144.85,11.33,3.18,153.0,2025-04-15 16:56:15
1146,TXN-001146,1,2024-07-19 22:58:13,,CARD,12,213.13,17.01,0.43,229.71,2024-07-19 22:58:13
1147,TXN-001147,1,2024-09-23 16:03:34,,CARD,5,38.2,2.97,1.08,40.09,2024-09-23 16:03:34
1148,TXN-001148,1,2024-11-18 11:02:06,32,EWALLET,20,238.7,19.1,0.0,257.8,2024-11-18 11:02:06
1149,TXN-001149,1,2024-07-17 20:58:20,354,EWALLET,8,146.88,11.7,0.75,157.83,2024-07-17 20:58:20
1150,TXN-001150,1,2025-03-27 12:12:28,148,CARD,2,57.37,4.59,0.0,61.96,2025-03-27 12:12:28
1151,TXN-001151,1,2025-01-09 14:24:46,,CARD,7,206.44,16.31,2.63,220.12,2025-01-09 14:24:46
1152,TXN-001152,1,2024-08-16 19:18:17,363,CARD,10,242.08,19.03,4.32,256.79,2024-08-16 19:18:17
1153,TXN-001153,1,2024-09-21 14:48:31,26,CARD,12,162.25,12.17,10.06,164.36,2024-09-21 14:48:31
1154,TXN-001154,1,2024-01-03 11:17:44,,CARD,16,321.96,25.44,3.88,343.52,2024-01-03 11:17:44
1155,TXN-001155,1,2025-02-15 18:45:27,325,CARD,11,193.44,15.28,2.52,206.2,2025-02-15 18:45:27
1156,TXN-001156,1,2025-01-10 10:32:14,,EWALLET,5,144.5,11.56,0.0,156.06,2025-01-10 10:32:14
1157,TXN-001157,1,2024-03-07 19:12:46,,CARD,6,57.82,4.63,0.0,62.45,2024-03-07 19:12:46
1158,TXN-001158,1,2024-03-28 18:21:41,,CARD,13,144.93,11.37,2.76,153.54,2024-03-28 18:21:41
1159,TXN-001159,1,2024-12-27 10:41:09,,CARD,12,192.91,15.03,5.01,202.93,2024-12-27 10:41:09
1160,TXN-001160,1,2024-01-02 17:11:13,,CARD,3,51.4,4.11,0.0,55.51,2024-01-02 17:11:13
1161,TXN-001161,1,2025-05-31 16:01:27,230,CARD,13,343.3,26.47,12.28,357.49,2025-05-31 16:01:27
1162,TXN-001162,1,2024-12-08 16:11:29,287,CARD,12,200.96,15.97,1.41,215.52,2024-12-08 16:11:29
1163,TXN-001163,1,2025-05-11 15:13:56,,CARD,21,511.19,38.66,28.2,521.65,2025-05-11 15:13:56
1164,TXN-001164,1,2024-01-15 09:15:34,152,CARD,15,559.23,44.52,2.83,600.92,2024-01-15 09:15:34
1165,TXN-001165,1,2024-07-12 17:10:47,295,CASH,17,373.14,29.4,5.52,397.02,2024-07-12 17:10:47
1166,TXN-001166,1,2024-03-29 17:15:56,434,EWALLET,13,201.58,15.53,7.44,209.67,2024-03-29 17:15:56
1167,TXN-001167,1,2024-02-20 11:08:42,,CARD,12,184.68,14.59,2.46,196.81,2024-02-20 11:08:42
1168,TXN-001168,1,2025-02-25 17:28:59,174,EWALLET,15,216.72,17.04,3.82,229.94,2025-02-25 17:28:59
1169,TXN-001169,1,2024-08-19 13:48:22,,EWALLET,8,159.72,12.55,2.84,169.43,2024-08-19 13:48:22
1170,TXN-001170,1,2024-02-29 12:47:11,338,CARD,4,35.64,2.85,0.0,38.49,2024-02-29 12:47:11
1171,TXN-001171,1,2024-07-13 12:00:23,,CARD,11,186.83,13.35,19.98,180.2,2024-07-13 12:00:23
1172,TXN-001172,1,2024-02-14 21:05:57,,CARD,11,110.49,8.78,0.75,118.52,2024-02-14 21:05:57
1173,TXN-001173,1,2024-07-15 15:46:50,207,CARD,12,136.92,10.63,4.08,143.47,2024-07-15 15:46:50
1174,TXN-001174,1,2024-04-02 10:51:00,358,CARD,7,67.72,5.42,0.0,73.14,2024-04-02 10:51:00
1175,TXN-001175,1,2024-11-02 20:30:14,202,CARD,19,352.76,27.21,12.69,367.28,2024-11-02 20:30:14
1176,TXN-001176,1,2024-06-25 11:34:27,53,CARD,15,305.87,24.47,0.0,330.34,2024-06-25 11:34:27
1177,TXN-001177,1,2024-04-13 13:25:28,151,CARD,14,259.06,20.0,9.02,270.04,2024-04-13 13:25:28
1178,TXN-001178,1,2024-02-29 12:16:18,172,CASH,3,46.58,3.73,0.0,50.31,2024-02-29 12:16:18
1179,TXN-001179,1,2024-06-15 13:00:56,152,CARD,21,235.03,17.5,16.33,236.2,2024-06-15 13:00:56
1180,TXN-001180,1,2024-01-04 12:34:28,291,CARD,8,368.49,29.48,0.0,397.97,2024-01-04 12:34:28
1181,TXN-001181,1,2025-02-03 09:36:08,426,CARD,5,115.6,9.25,0.0,124.85,2025-02-03 09:36:08
1182,TXN-001182,1,2024-05-24 12:53:55,,CARD,8,125.91,10.07,0.0,135.98,2024-05-24 12:53:55
1183,TXN-001183,1,2025-01-03 14:22:44,,CARD,7,101.03,8.08,0.0,109.11,2025-01-03 14:22:44
1184,TXN-001184,1,2024-12-15 14:46:45,401,CARD,16,226.6,16.9,15.35,228.15,2024-12-15 14:46:45
1185,TXN-001185,1,2024-09-30 12:35:22,,CARD,17,297.65,23.32,6.06,314.91,2024-09-30 12:35:22
1186,TXN-001186,1,2024-12-28 15:28:35,55,CARD,17,207.21,15.24,16.62,205.83,2024-12-28 15:28:35
1187,TXN-001187,1,2025-01-31 10:03:12,421,CASH,9,102.39,8.0,2.43,107.96,2025-01-31 10:03:12
1188,TXN-001188,1,2024-04-06 21:05:27,,CASH,12,177.42,13.31,11.04,179.69,2024-04-06 21:05:27
1189,TXN-001189,1,2024-02-29 14:45:45,478,CARD,6,132.3,10.06,6.6,135.76,2024-02-29 14:45:45
1190,TXN-001190,1,2024-04-22 16:52:41,351,CARD,13,302.15,24.17,0.0,326.32,2024-04-22 16:52:41
1191,TXN-001191,1,2025-02-09 10:38:31,,CARD,16,379.85,29.72,8.52,401.05,2025-02-09 10:38:31
1192,TXN-001192,1,2024-02-01 18:53:16,,CASH,8,262.72,20.71,3.84,279.59,2024-02-01 18:53:16
1193,TXN-001193,1,2025-05-18 16:35:47,21,EWALLET,20,382.34,29.49,13.91,397.92,2025-05-18 16:35:47
1194,TXN-001194,1,2024-10-04 21:31:35,,CARD,4,94.99,7.4,2.52,99.87,2024-10-04 21:31:35
1195,TXN-001195,1,2024-05-24 15:17:00,139,CASH,5,27.93,2.21,0.4,29.74,2024-05-24 15:17:00
1196,TXN-001196,1,2024-05-23 19:02:16,314,EWALLET,11,127.58,10.18,0.23,137.53,2024-05-23 19:02:16
1197,TXN-001197,1,2025-03-06 18:59:33,379,EWALLET,14,163.8,12.83,3.5,173.13,2025-03-06 18:59:33
1198,TXN-001198,1,2024-02-04 13:18:38,376,CARD,14,283.44,22.64,0.36,305.72,2024-02-04 13:18:38
1199,TXN-001199,1,2025-05-27 18:43:09,,CARD,11,217.17,17.11,3.28,231.0,2025-05-27 18:43:09
1200,TXN-001200,1,2024-03-25 10:05:05,,CARD,16,315.11,25.09,1.53,338.67,2024-03-25 10:05:05
1201,TXN-001201,1,2024-04-12 18:22:35,412,CARD,9,196.91,15.75,0.0,212.66,2024-04-12 18:22:35
1202,TXN-001202,1,2025-03-21 11:03:33,479,CARD,5,83.73,6.7,0.0,90.43,2025-03-21 11:03:33
1203,TXN-001203,1,2025-02-25 20:04:40,484,EWALLET,10,184.82,14.5,3.48,195.84,2025-02-25 20:04:40
1204,TXN-001204,1,2024-08-20 14:13:17,332,CARD,12,242.84,19.27,2.1,260.01,2024-08-20 14:13:17
1205,TXN-001205,1,2024-06-26 15:29:28,39,CARD,14,247.49,19.62,2.06,265.05,2024-06-26 15:29:28
1206,TXN-001206,1,2024-01-25 12:36:21,135,CARD,3,14.69,1.18,0.0,15.87,2024-01-25 12:36:21
1207,TXN-001207,1,2024-09-21 22:50:57,482,EWALLET,12,189.24,14.92,2.71,201.45,2024-09-21 22:50:57
1208,TXN-001208,1,2024-02-11 16:23:09,334,CARD,13,233.88,18.38,4.17,248.09,2024-02-11 16:23:09
1209,TXN-001209,1,2024-12-27 18:06:31,311,CARD,9,177.48,13.89,3.71,187.66,2024-12-27 18:06:31
1210,TXN-001210,1,2024-09-12 11:19:23,222,EWALLET,11,172.63,13.81,0.0,186.44,2024-09-12 11:19:23
1211,TXN-001211,1,2024-08-13 13:42:24,469,EWALLET,8,202.05,15.75,5.28,212.52,2024-08-13 13:42:24
1212,TXN-001212,1,2025-01-21 14:31:30,74,CARD,11,225.55,17.52,6.63,236.44,2025-01-21 14:31:30
1213,TXN-001213,1,2025-05-31 12:48:14,,CARD,5,103.77,7.69,7.59,103.87,2025-05-31 12:48:14
1214,TXN-001214,1,2025-03-15 14:30:07,350,CASH,12,138.73,9.91,14.93,133.71,2025-03-15 14:30:07
1215,TXN-001215,1,2025-02-18 12:17:52,363,CARD,11,149.11,11.64,3.68,157.07,2025-02-18 12:17:52
1216,TXN-001216,1,2024-08-23 13:51:48,30,EWALLET,10,117.32,9.39,0.0,126.71,2024-08-23 13:51:48
1217,TXN-001217,1,2025-01-29 11:49:11,,CARD,18,235.36,18.3,6.58,247.08,2025-01-29 11:49:11
1218,TXN-001218,1,2025-04-12 16:48:28,,CASH,16,216.68,16.68,8.2,225.16,2025-04-12 16:48:28
1219,TXN-001219,1,2024-03-26 21:48:27,60,CARD,5,66.9,5.14,2.64,69.4,2024-03-26 21:48:27
1220,TXN-001220,1,2024-02-21 08:24:47,,CASH,9,114.74,9.17,0.0,123.91,2024-02-21 08:24:47
1221,TXN-001221,1,2024-06-10 15:32:46,350,CASH,14,342.0,27.36,0.0,369.36,2024-06-10 15:32:46
1222,TXN-001222,1,2024-07-06 16:24:14,,CASH,8,272.32,21.52,3.27,290.57,2024-07-06 16:24:14
1223,TXN-001223,1,2024-06-08 16:49:00,329,CARD,9,217.21,16.15,15.48,217.88,2024-06-08 16:49:00
1224,TXN-001224,1,2025-03-29 15:38:34,358,CASH,12,169.86,12.65,11.83,170.68,2025-03-29 15:38:34
1225,TXN-001225,1,2024-10-05 19:59:24,344,CARD,13,103.08,7.48,9.77,100.79,2024-10-05 19:59:24
1226,TXN-001226,1,2024-08-11 13:44:10,265,CASH,15,247.36,18.16,20.55,244.97,2024-08-11 13:44:10
1227,TXN-001227,1,2024-11-04 19:11:54,,EWALLET,9,148.09,11.8,0.68,159.21,2024-11-04 19:11:54
1228,TXN-001228,1,2024-03-21 21:13:12,425,CARD,11,218.01,16.99,5.68,229.32,2024-03-21 21:13:12
1229,TXN-001229,1,2025-01-05 13:42:47,18,CARD,7,124.01,8.98,11.89,121.1,2025-01-05 13:42:47
1230,TXN-001230,1,2024-04-24 16:32:08,67,CARD,7,144.39,11.55,0.0,155.94,2024-04-24 16:32:08
1231,TXN-001231,1,2024-01-07 17:55:16,279,CARD,7,156.63,12.26,3.41,165.48,2024-01-07 17:55:16
1232,TXN-001232,1,2024-02-09 22:33:03,,CARD,5,75.48,5.81,2.78,78.51,2024-02-09 22:33:03
1233,TXN-001233,1,2024-10-07 14:44:15,,CARD,3,33.59,2.68,0.0,36.27,2024-10-07 14:44:15
1234,TXN-001234,1,2024-07-15 13:31:03,,EWALLET,13,125.91,10.08,0.0,135.99,2024-07-15 13:31:03
1235,TXN-001235,1,2024-08-25 15:52:05,211,CARD,20,411.49,30.6,28.98,413.11,2024-08-25 15:52:05
1236,TXN-001236,1,2024-04-04 20:46:06,145,CARD,7,138.35,10.97,1.3,148.02,2024-04-04 20:46:06
1237,TXN-001237,1,2025-03-20 18:00:39,,CARD,15,290.57,22.9,4.33,309.14,2025-03-20 18:00:39
1238,TXN-001238,1,2024-04-29 16:15:17,,CARD,12,266.99,21.27,1.11,287.15,2024-04-29 16:15:17
1239,TXN-001239,1,2024-02-25 10:42:02,121,CASH,16,237.9,18.04,12.42,243.52,2024-02-25 10:42:02
1240,TXN-001240,1,2024-05-21 17:16:44,143,CARD,13,275.67,22.05,0.0,297.72,2024-05-21 17:16:44
1241,TXN-001241,1,2024-02-08 13:10:26,13,CASH,11,201.77,15.87,3.41,214.23,2024-02-08 13:10:26
1242,TXN-001242,1,2024-12-11 16:56:21,39,CASH,18,250.69,19.97,1.04,269.62,2024-12-11 16:56:21
1243,TXN-001243,1,2024-01-31 18:16:17,,CARD,4,65.16,5.15,0.8,69.51,2024-01-31 18:16:17
1244,TXN-001244,1,2025-04-15 12:58:14,,CARD,17,228.51,17.9,4.68,241.73,2025-04-15 12:58:14
1245,TXN-001245,1,2025-02-28 10:43:21,,CARD,8,105.24,8.03,4.78,108.49,2025-02-28 10:43:21
1246,TXN-001246,1,2024-09-26 13:58:18,,CARD,12,164.26,12.91,3.0,174.17,2024-09-26 13:58:18
1247,TXN-001247,1,2025-04-02 14:40:32,,CARD,9,107.52,8.3,3.72,112.1,2025-04-02 14:40:32
1248,TXN-001248,1,2025-03-28 10:38:54,,CASH,8,68.96,5.52,0.0,74.48,2025-03-28 10:38:54
1249,TXN-001249,1,2024-10-15 11:35:54,,CARD,8,132.95,10.64,0.0,143.59,2024-10-15 11:35:54
1250,TXN-001250,1,2024-10-19 12:22:20,127,CARD,8,327.27,26.16,0.06,353.37,2024-10-19 12:22:20
1251,TXN-001251,1,2024-09-03 13:15:20,307,CASH,6,40.89,3.28,0.0,44.17,2024-09-03 13:15:20
1252,TXN-001252,1,2024-02-06 11:03:14,,CARD,13,325.78,25.76,3.74,347.8,2024-02-06 11:03:14
1253,TXN-001253,1,2025-01-24 10:04:32,,CASH,6,168.64,13.38,1.39,180.63,2025-01-24 10:04:32
1254,TXN-001254,1,2024-07-24 12:45:41,4,CARD,7,84.22,6.74,0.0,90.96,2024-07-24 12:45:41
1255,TXN-001255,1,2024-03-27 18:25:36,59,CARD,4,80.4,6.11,4.02,82.49,2024-03-27 18:25:36
1256,TXN-001256,1,2024-02-07 22:23:54,,CARD,3,58.17,4.65,0.0,62.82,2024-02-07 22:23:54
1257,TXN-001257,1,2024-07-01 12:25:05,,CARD,4,89.56,7.17,0.0,96.73,2024-07-01 12:25:05
1258,TXN-001258,1,2024-05-12 19:15:53,,CARD,12,247.32,19.51,3.6,263.23,2024-05-12 19:15:53
1259,TXN-001259,1,2024-11-15 21:24:01,,EWALLET,4,84.07,6.72,0.0,90.79,2024-11-15 21:24:01
1260,TXN-001260,1,2025-05-03 19:44:51,,CARD,14,332.34,26.28,3.75,354.87,2025-05-03 19:44:51
1261,TXN-001261,1,2024-02-21 17:16:55,250,EWALLET,4,90.75,7.26,0.0,98.01,2024-02-21 17:16:55
1262,TXN-001262,1,2024-12-11 11:40:36,272,CARD,7,162.2,12.98,0.0,175.18,2024-12-11 11:40:36
1263,TXN-001263,1,2024-11-08 16:00:41,395,CARD,8,140.99,10.99,3.41,148.57,2024-11-08 16:00:41
1264,TXN-001264,1,2024-01-15 17:38:07,,CARD,7,186.13,14.88,0.0,201.01,2024-01-15 17:38:07
1265,TXN-001265,1,2024-04-13 12:55:06,140,CASH,11,184.55,14.69,0.88,198.36,2024-04-13 12:55:06
1266,TXN-001266,1,2024-01-13 17:58:55,106,CARD,17,428.1,31.06,39.84,419.32,2024-01-13 17:58:55
1267,TXN-001267,1,2025-04-11 16:53:38,176,CARD,7,58.34,4.53,1.86,61.01,2025-04-11 16:53:38
1268,TXN-001268,1,2025-02-12 15:19:37,404,CASH,10,104.06,8.32,0.0,112.38,2025-02-12 15:19:37
1269,TXN-001269,1,2025-03-31 12:43:57,235,CASH,5,75.79,6.06,0.0,81.85,2025-03-31 12:43:57
1270,TXN-001270,1,2024-10-24 10:57:45,68,CARD,7,159.1,12.72,0.0,171.82,2024-10-24 10:57:45
1271,TXN-001271,1,2024-02-19 13:17:53,286,CARD,13,198.75,15.8,1.35,213.2,2024-02-19 13:17:53
1272,TXN-001272,1,2025-01-14 08:44:11,36,CARD,9,231.76,18.13,5.09,244.8,2025-01-14 08:44:11
1273,TXN-001273,1,2024-04-13 22:10:41,63,CARD,9,163.14,12.49,6.97,168.66,2024-04-13 22:10:41
1274,TXN-001274,1,2024-10-05 11:14:55,,CARD,9,237.55,17.94,13.2,242.29,2024-10-05 11:14:55
1275,TXN-001275,1,2024-11-18 17:07:16,225,CARD,5,108.04,8.65,0.0,116.69,2024-11-18 17:07:16
1276,TXN-001276,1,2024-01-18 14:51:02,,CARD,10,252.05,19.33,10.52,260.86,2024-01-18 14:51:02
1277,TXN-001277,1,2024-08-20 13:27:36,73,CARD,4,38.45,2.97,1.25,40.17,2024-08-20 13:27:36
1278,TXN-001278,1,2024-04-19 08:24:55,495,CARD,6,187.1,14.52,5.66,195.96,2024-04-19 08:24:55
1279,TXN-001279,1,2025-04-30 12:09:33,312,CASH,18,297.04,23.68,1.08,319.64,2025-04-30 12:09:33
1280,TXN-001280,1,2024-01-02 12:33:26,133,CASH,13,129.85,10.39,0.0,140.24,2024-01-02 12:33:26
1281,TXN-001281,1,2024-12-11 21:35:18,,CARD,15,174.34,13.92,0.22,188.04,2024-12-11 21:35:18
1282,TXN-001282,1,2025-02-16 12:47:46,268,CARD,13,179.87,13.6,10.05,183.42,2025-02-16 12:47:46
1283,TXN-001283,1,2024-06-03 16:05:52,,CASH,4,115.45,9.24,0.0,124.69,2024-06-03 16:05:52
1284,TXN-001284,1,2024-05-02 17:56:04,414,CARD,8,137.76,11.02,0.0,148.78,2024-05-02 17:56:04
1285,TXN-001285,1,2024-02-01 11:41:03,464,EWALLET,5,88.28,7.06,0.0,95.34,2024-02-01 11:41:03
1286,TXN-001286,1,2025-04-29 11:21:31,226,CARD,14,371.75,29.66,0.94,400.47,2025-04-29 11:21:31
1287,TXN-001287,1,2024-08-11 16:34:14,468,CARD,10,202.98,14.7,19.11,198.57,2024-08-11 16:34:14
1288,TXN-001288,1,2025-03-20 10:08:12,193,CARD,3,55.01,4.4,0.0,59.41,2025-03-20 10:08:12
1289,TXN-001289,1,2024-12-08 17:52:42,,CARD,14,222.36,17.78,0.0,240.14,2024-12-08 17:52:42
1290,TXN-001290,1,2025-05-20 12:09:44,,CARD,12,229.83,18.1,3.5,244.43,2025-05-20 12:09:44
1291,TXN-001291,1,2024-06-17 14:33:31,,EWALLET,17,317.66,24.73,8.45,333.94,2024-06-17 14:33:31
1292,TXN-001292,1,2024-10-08 16:19:28,305,CARD,6,71.35,5.7,0.24,76.81,2024-10-08 16:19:28
1293,TXN-001293,1,2024-05-01 20:47:36,413,CASH,6,111.36,8.7,2.64,117.42,2024-05-01 20:47:36
1294,TXN-001294,1,2024-10-30 13:38:54,217,EWALLET,7,176.64,14.13,0.0,190.77,2024-10-30 13:38:54
1295,TXN-001295,1,2024-05-05 10:41:10,,CARD,8,174.46,13.05,11.23,176.28,2024-05-05 10:41:10
1296,TXN-001296,1,2025-05-24 08:29:35,107,EWALLET,8,253.82,19.51,9.94,263.39,2025-05-24 08:29:35
1297,TXN-001297,1,2025-05-13 19:35:34,,CARD,11,135.64,10.8,0.69,145.75,2025-05-13 19:35:34
1298,TXN-001298,1,2024-06-23 09:40:34,1,CARD,17,271.35,19.91,22.41,268.85,2024-06-23 09:40:34
1299,TXN-001299,1,2024-09-28 17:50:59,,CARD,13,212.07,16.57,5.02,223.62,2024-09-28 17:50:59
1300,TXN-001300,1,2025-02-22 16:30:08,97,EWALLET,8,132.78,9.59,12.74,129.63,2025-02-22 16:30:08
1301,TXN-001301,1,2024-07-05 19:59:03,418,CASH,11,225.87,17.96,1.32,242.51,2024-07-05 19:59:03
1302,TXN-001302,1,2024-05-25 15:29:29,142,CASH,19,423.82,32.02,23.64,432.2,2024-05-25 15:29:29
1303,TXN-001303,1,2024-11-29 12:21:49,208,CASH,6,137.99,10.94,1.27,147.66,2024-11-29 12:21:49
1304,TXN-001304,1,2024-08-11 12:34:02,174,CARD,14,337.65,26.57,5.53,358.69,2024-08-11 12:34:02
1305,TXN-001305,1,2024-12-10 13:25:49,297,CARD,16,416.19,33.2,0.96,448.43,2024-12-10 13:25:49
1306,TXN-001306,1,2025-04-27 10:30:55,36,CARD,10,218.53,17.48,0.0,236.01,2025-04-27 10:30:55
1307,TXN-001307,1,2024-08-02 08:25:12,,CASH,5,207.91,16.63,0.0,224.54,2024-08-02 08:25:12
1308,TXN-001308,1,2025-04-30 10:21:36,78,CARD,12,190.39,14.85,4.86,200.38,2025-04-30 10:21:36
1309,TXN-001309,1,2024-06-25 12:48:41,16,EWALLET,12,154.4,12.23,1.49,165.14,2024-06-25 12:48:41
1310,TXN-001310,1,2025-01-31 11:37:21,88,EWALLET,14,284.49,22.7,0.68,306.51,2025-01-31 11:37:21
1311,TXN-001311,1,2024-07-01 22:44:14,260,CARD,6,90.44,7.08,2.0,95.52,2024-07-01 22:44:14
1312,TXN-001312,1,2024-12-07 16:41:26,396,CARD,9,196.37,14.93,9.68,201.62,2024-12-07 16:41:26
1313,TXN-001313,1,2025-05-09 12:17:41,464,CARD,8,141.48,11.08,3.0,149.56,2025-05-09 12:17:41
1314,TXN-001314,1,2024-04-22 18:04:11,,CARD,3,72.72,5.81,0.0,78.53,2024-04-22 18:04:11
1315,TXN-001315,1,2025-04-06 18:00:50,,EWALLET,5,147.6,10.95,10.85,147.7,2025-04-06 18:00:50
1316,TXN-001316,1,2024-10-13 21:38:21,286,CASH,15,297.78,22.59,15.45,304.92,2024-10-13 21:38:21
1317,TXN-001317,1,2024-08-08 17:16:54,,CASH,3,68.42,5.47,0.0,73.89,2024-08-08 17:16:54
1318,TXN-001318,1,2024-01-14 11:17:12,113,EWALLET,17,205.22,15.88,6.73,214.37,2024-01-14 11:17:12
1319,TXN-001319,1,2024-07-16 15:15:04,329,CARD,2,61.87,4.95,0.0,66.82,2024-07-16 15:15:04
1320,TXN-001320,1,2025-04-28 16:56:30,389,EWALLET,4,51.57,4.07,0.74,54.9,2025-04-28 16:56:30
1321,TXN-001321,1,2024-02-19 08:41:21,198,CARD,9,221.02,17.59,1.2,237.41,2024-02-19 08:41:21
1322,TXN-001322,1,2025-05-03 13:45:13,14,CARD,20,426.54,33.06,13.29,446.31,2025-05-03 13:45:13
1323,TXN-001323,1,2024-11-19 18:16:55,,CARD,16,382.85,29.82,10.29,402.38,2024-11-19 18:16:55
1324,TXN-001324,1,2024-06-16 19:07:47,62,CARD,14,248.59,18.26,20.48,246.37,2024-06-16 19:07:47
1325,TXN-001325,1,2024-03-01 16:00:29,,CASH,15,397.86,31.83,0.0,429.69,2024-03-01 16:00:29
1326,TXN-001326,1,2024-04-11 15:03:17,,CARD,10,48.06,3.73,1.46,50.33,2024-04-11 15:03:17
1327,TXN-001327,1,2024-04-06 15:22:59,92,CARD,10,160.38,12.61,2.86,170.13,2024-04-06 15:22:59
1328,TXN-001328,1,2025-03-25 08:41:59,170,CARD,11,263.44,21.08,0.0,284.52,2025-03-25 08:41:59
1329,TXN-001329,1,2024-10-27 15:40:54,,CARD,20,477.2,37.44,9.36,505.28,2024-10-27 15:40:54
1330,TXN-001330,1,2025-04-21 19:01:09,31,EWALLET,13,277.91,21.87,4.6,295.18,2025-04-21 19:01:09
1331,TXN-001331,1,2025-05-17 14:52:17,31,CASH,14,231.97,17.58,12.3,237.25,2025-05-17 14:52:17
1332,TXN-001332,1,2025-01-23 21:38:31,365,CASH,7,53.85,4.28,0.44,57.69,2025-01-23 21:38:31
1333,TXN-001333,1,2024-06-29 19:50:56,,CARD,15,262.31,20.27,8.8,273.78,2024-06-29 19:50:56
1334,TXN-001334,1,2025-04-14 12:56:12,353,EWALLET,14,173.69,13.87,0.24,187.32,2025-04-14 12:56:12
1335,TXN-001335,1,2025-03-19 15:10:02,,EWALLET,4,42.07,3.37,0.0,45.44,2025-03-19 15:10:02
1336,TXN-001336,1,2024-10-23 12:02:05,453,CASH,6,120.18,9.62,0.0,129.8,2024-10-23 12:02:05
1337,TXN-001337,1,2024-06-17 19:20:47,429,EWALLET,12,146.74,11.74,0.0,158.48,2024-06-17 19:20:47
1338,TXN-001338,1,2024-08-10 16:51:50,186,CARD,11,224.4,16.93,12.77,228.56,2024-08-10 16:51:50
1339,TXN-001339,1,2025-05-05 13:39:48,,CASH,2,42.56,3.41,0.0,45.97,2025-05-05 13:39:48
1340,TXN-001340,1,2024-02-20 13:45:44,,EWALLET,14,99.82,7.98,0.0,107.8,2024-02-20 13:45:44
1341,TXN-001341,1,2024-01-15 08:33:37,84,CASH,12,380.9,29.7,9.69,400.91,2024-01-15 08:33:37
1342,TXN-001342,1,2025-02-03 12:38:15,,EWALLET,12,304.63,24.04,4.08,324.59,2025-02-03 12:38:15
1343,TXN-001343,1,2024-02-10 13:35:29,,CARD,11,231.16,18.22,3.14,246.24,2024-02-10 13:35:29
1344,TXN-001344,1,2024-12-30 11:56:51,,CARD,14,200.33,16.03,0.0,216.36,2024-12-30 11:56:51
1345,TXN-001345,1,2024-12-14 17:05:36,437,CARD,21,525.14,39.65,29.62,535.17,2024-12-14 17:05:36
1346,TXN-001346,1,2024-11-04 12:31:42,108,CASH,5,45.42,3.5,1.75,47.17,2024-11-04 12:31:42
1347,TXN-001347,1,2025-05-12 14:55:51,161,CASH,6,179.58,14.37,0.0,193.95,2025-05-12 14:55:51
1348,TXN-001348,1,2024-10-20 15:07:10,453,CARD,8,205.92,15.39,13.5,207.81,2024-10-20 15:07:10
1349,TXN-001349,1,2025-01-13 19:45:33,,EWALLET,9,153.79,12.17,1.74,164.22,2025-01-13 19:45:33
1350,TXN-001350,1,2024-03-14 08:34:13,211,CASH,11,267.34,21.33,0.66,288.01,2024-03-14 08:34:13
1351,TXN-001351,1,2025-02-01 15:24:34,,EWALLET,9,263.26,20.06,12.42,270.9,2025-02-01 15:24:34
1352,TXN-001352,1,2024-01-08 12:23:22,493,CASH,11,132.19,10.35,2.78,139.76,2024-01-08 12:23:22
1353,TXN-001353,1,2024-05-23 14:03:07,106,CASH,3,101.27,8.1,0.0,109.37,2024-05-23 14:03:07
1354,TXN-001354,1,2025-03-06 18:49:35,351,EWALLET,3,61.62,4.93,0.0,66.55,2025-03-06 18:49:35
1355,TXN-001355,1,2025-04-30 17:25:32,,CARD,7,107.41,8.59,0.0,116.0,2025-04-30 17:25:32
1356,TXN-001356,1,2024-07-15 08:29:09,154,CARD,9,316.91,24.78,7.06,334.63,2024-07-15 08:29:09
1357,TXN-001357,1,2025-05-27 20:17:52,352,CARD,11,178.8,13.68,7.85,184.63,2025-05-27 20:17:52
1358,TXN-001358,1,2024-05-22 09:52:14,,CARD,6,140.44,11.17,0.81,150.8,2024-05-22 09:52:14
1359,TXN-001359,1,2024-11-28 14:52:01,139,CARD,11,131.66,10.4,1.66,140.4,2024-11-28 14:52:01
1360,TXN-001360,1,2025-01-20 12:16:47,1,CARD,15,335.22,26.5,4.06,357.66,2025-01-20 12:16:47
1361,TXN-001361,1,2024-02-29 11:19:01,27,EWALLET,9,162.96,12.9,1.7,174.16,2024-02-29 11:19:01
1362,TXN-001362,1,2024-04-20 14:18:13,87,EWALLET,18,330.88,25.06,17.72,338.22,2024-04-20 14:18:13
1363,TXN-001363,1,2025-01-27 21:09:39,360,CASH,7,206.28,16.51,0.0,222.79,2025-01-27 21:09:39
1364,TXN-001364,1,2024-06-11 09:45:54,211,CARD,3,25.06,1.98,0.34,26.7,2024-06-11 09:45:54
1365,TXN-001365,1,2024-03-29 15:16:18,241,CARD,11,243.52,19.13,4.44,258.21,2024-03-29 15:16:18
1366,TXN-001366,1,2024-08-14 21:20:39,71,CARD,12,344.11,27.05,5.88,365.28,2024-08-14 21:20:39
1367,TXN-001367,1,2024-04-23 21:30:25,,CASH,10,239.16,18.74,5.0,252.9,2024-04-23 21:30:25
1368,TXN-001368,1,2024-09-15 14:41:30,,EWALLET,7,95.35,6.44,14.72,87.07,2024-09-15 14:41:30
1369,TXN-001369,1,2025-05-20 18:38:32,366,CARD,10,288.21,22.8,3.1,307.91,2025-05-20 18:38:32
1370,TXN-001370,1,2024-05-18 13:02:53,278,CASH,14,239.38,18.31,10.56,247.13,2024-05-18 13:02:53
1371,TXN-001371,1,2024-11-19 08:57:37,110,CARD,16,390.42,30.75,6.09,415.08,2024-11-19 08:57:37
1372,TXN-001372,1,2024-05-30 17:12:17,,EWALLET,11,261.29,20.55,4.28,277.56,2024-05-30 17:12:17
1373,TXN-001373,1,2024-07-16 15:25:44,370,EWALLET,9,169.61,13.25,3.98,178.88,2024-07-16 15:25:44
1374,TXN-001374,1,2024-02-27 14:52:01,,CASH,12,274.66,21.04,11.56,284.14,2024-02-27 14:52:01
1375,TXN-001375,1,2024-12-01 15:54:26,45,CASH,22,381.92,28.78,22.2,388.5,2024-12-01 15:54:26
1376,TXN-001376,1,2024-02-16 17:32:09,,CASH,9,278.22,22.25,0.0,300.47,2024-02-16 17:32:09
1377,TXN-001377,1,2024-03-28 16:02:54,,CARD,6,157.48,12.6,0.0,170.08,2024-03-28 16:02:54
1378,TXN-001378,1,2024-10-21 18:07:57,,CARD,9,180.87,14.25,2.69,192.43,2024-10-21 18:07:57
1379,TXN-001379,1,2025-05-25 16:26:01,368,CASH,7,118.53,8.61,10.95,116.19,2025-05-25 16:26:01
1380,TXN-001380,1,2024-06-21 21:36:47,,EWALLET,18,490.56,38.56,8.6,520.52,2024-06-21 21:36:47
1381,TXN-001381,1,2024-11-26 13:00:16,452,CARD,7,86.26,6.9,0.0,93.16,2024-11-26 13:00:16
1382,TXN-001382,1,2025-01-14 13:51:17,470,CASH,7,95.18,7.34,3.3,99.22,2025-01-14 13:51:17
1383,TXN-001383,1,2024-08-28 11:48:50,155,CARD,12,208.72,16.69,0.0,225.41,2024-08-28 11:48:50
1384,TXN-001384,1,2024-07-17 15:22:15,,CARD,4,55.04,4.41,0.0,59.45,2024-07-17 15:22:15
1385,TXN-001385,1,2024-03-01 10:26:47,478,CARD,13,231.54,18.52,0.0,250.06,2024-03-01 10:26:47
1386,TXN-001386,1,2024-05-31 20:26:33,,CARD,11,163.35,12.98,1.02,175.31,2024-05-31 20:26:33
1387,TXN-001387,1,2024-07-25 13:23:06,97,CARD,7,145.61,11.61,0.58,156.64,2024-07-25 13:23:06
1388,TXN-001388,1,2024-04-04 09:40:02,239,CARD,5,85.06,6.81,0.0,91.87,2024-04-04 09:40:02
1389,TXN-001389,1,2024-08-10 15:50:41,,CARD,12,307.33,23.85,9.29,321.89,2024-08-10 15:50:41
1390,TXN-001390,1,2024-06-15 22:02:25,39,CARD,21,658.63,47.6,63.72,642.51,2024-06-15 22:02:25
1391,TXN-001391,1,2024-08-06 20:38:20,448,CARD,7,172.97,13.7,1.71,184.96,2024-08-06 20:38:20
1392,TXN-001392,1,2024-03-20 10:25:02,,CASH,2,49.6,3.84,1.67,51.77,2024-03-20 10:25:02
1393,TXN-001393,1,2025-01-18 17:02:47,115,CARD,13,365.67,28.33,11.87,382.13,2025-01-18 17:02:47
1394,TXN-001394,1,2025-05-14 13:02:47,377,CARD,16,277.58,22.09,1.48,298.19,2025-05-14 13:02:47
1395,TXN-001395,1,2024-12-16 10:47:08,,CARD,9,174.74,13.66,3.87,184.53,2024-12-16 10:47:08
1396,TXN-001396,1,2024-08-28 18:45:28,,CARD,8,197.91,15.7,1.68,211.93,2024-08-28 18:45:28
1397,TXN-001397,1,2024-03-02 16:01:27,406,CARD,15,329.72,26.0,4.73,350.99,2024-03-02 16:01:27
1398,TXN-001398,1,2024-05-06 12:40:14,23,CARD,9,68.49,5.48,0.0,73.97,2024-05-06 12:40:14
1399,TXN-001399,1,2024-04-24 21:18:07,48,CARD,10,279.44,22.35,0.0,301.79,2024-04-24 21:18:07
1400,TXN-001400,1,2025-02-26 12:55:20,,CASH,15,380.38,30.44,0.0,410.82,2025-02-26 12:55:20
1401,TXN-001401,1,2024-05-28 21:47:12,151,CASH,5,151.56,11.88,3.16,160.28,2024-05-28 21:47:12
1402,TXN-001402,1,2024-11-28 16:33:15,,CARD,5,68.05,5.44,0.0,73.49,2024-11-28 16:33:15
1403,TXN-001403,1,2024-08-23 12:00:45,,CARD,12,362.89,29.02,0.0,391.91,2024-08-23 12:00:45
1404,TXN-001404,1,2025-04-21 16:45:16,451,CASH,5,6.23,0.5,0.0,6.73,2025-04-21 16:45:16
1405,TXN-001405,1,2025-04-24 13:29:16,209,EWALLET,8,223.01,17.84,0.0,240.85,2025-04-24 13:29:16
1406,TXN-001406,1,2025-05-05 12:39:00,106,CARD,5,59.4,4.75,0.0,64.15,2025-05-05 12:39:00
1407,TXN-001407,1,2024-05-13 10:50:31,,EWALLET,18,318.91,25.17,4.28,339.8,2024-05-13 10:50:31
1408,TXN-001408,1,2024-06-29 21:14:56,,CARD,8,164.73,12.94,3.09,174.58,2024-06-29 21:14:56
1409,TXN-001409,1,2025-03-13 08:12:19,,CARD,9,97.73,7.73,1.16,104.3,2025-03-13 08:12:19
1410,TXN-001410,1,2024-05-18 20:11:07,,CARD,9,99.34,7.77,2.16,104.95,2024-05-18 20:11:07
1411,TXN-001411,1,2024-12-18 11:22:52,,EWALLET,20,159.53,12.56,2.6,169.49,2024-12-18 11:22:52
1412,TXN-001412,1,2024-11-13 16:28:54,,CARD,13,94.07,7.44,1.22,100.29,2024-11-13 16:28:54
1413,TXN-001413,1,2024-02-29 21:04:33,132,CASH,4,100.19,8.01,0.0,108.2,2024-02-29 21:04:33
1414,TXN-001414,1,2024-02-04 08:10:39,,CARD,7,220.88,17.07,7.51,230.44,2024-02-04 08:10:39
1415,TXN-001415,1,2024-04-25 16:04:53,474,CARD,11,203.16,16.13,1.64,217.65,2024-04-25 16:04:53
1416,TXN-001416,1,2024-05-24 09:19:32,,CARD,3,99.51,7.97,0.0,107.48,2024-05-24 09:19:32
1417,TXN-001417,1,2024-02-25 12:28:11,,EWALLET,8,182.34,12.23,29.37,165.2,2024-02-25 12:28:11
1418,TXN-001418,1,2024-12-23 08:58:19,,CARD,14,203.69,16.3,0.0,219.99,2024-12-23 08:58:19
1419,TXN-001419,1,2025-05-10 15:24:01,,CARD,18,336.21,24.45,30.56,330.1,2025-05-10 15:24:01
1420,TXN-001420,1,2024-01-28 09:55:32,4,CARD,16,249.59,18.96,12.76,255.79,2024-01-28 09:55:32
1421,TXN-001421,1,2024-03-13 17:06:43,,CARD,10,80.32,6.42,0.0,86.74,2024-03-13 17:06:43
1422,TXN-001422,1,2024-05-17 20:48:23,199,CARD,9,297.02,23.77,0.0,320.79,2024-05-17 20:48:23
1423,TXN-001423,1,2024-01-27 13:54:07,,EWALLET,13,394.13,31.19,4.29,421.03,2024-01-27 13:54:07
1424,TXN-001424,1,2025-05-12 13:30:13,431,EWALLET,6,65.84,5.27,0.0,71.11,2025-05-12 13:30:13
1425,TXN-001425,1,2025-05-18 12:56:17,,CARD,8,219.05,17.45,0.89,235.61,2025-05-18 12:56:17
1426,TXN-001426,1,2024-12-03 18:32:34,493,CARD,11,301.42,23.93,2.22,323.13,2024-12-03 18:32:34
1427,TXN-001427,1,2024-02-03 16:49:43,,CARD,12,271.39,18.74,37.29,252.84,2024-02-03 16:49:43
1428,TXN-001428,1,2024-12-31 19:53:16,238,CARD,3,62.72,5.01,0.0,67.73,2024-12-31 19:53:16
1429,TXN-001429,1,2025-03-25 12:00:13,396,CARD,6,126.37,9.94,2.07,134.24,2025-03-25 12:00:13
1430,TXN-001430,1,2025-02-19 16:44:44,462,CASH,17,115.23,9.21,0.0,124.44,2025-02-19 16:44:44
1431,TXN-001431,1,2024-06-25 11:21:08,76,EWALLET,8,164.01,12.7,5.22,171.49,2024-06-25 11:21:08
1432,TXN-001432,1,2024-07-18 13:42:49,248,CASH,20,236.54,18.81,1.45,253.9,2024-07-18 13:42:49
1433,TXN-001433,1,2024-05-24 11:35:12,190,CASH,6,82.02,6.44,1.48,86.98,2024-05-24 11:35:12
1434,TXN-001434,1,2024-05-05 18:56:29,,CARD,10,192.49,13.84,19.5,186.83,2024-05-05 18:56:29
1435,TXN-001435,1,2025-02-28 14:39:58,49,CASH,12,204.18,16.34,0.0,220.52,2025-02-28 14:39:58
1436,TXN-001436,1,2024-01-12 16:57:07,270,EWALLET,5,123.1,9.57,3.54,129.13,2024-01-12 16:57:07
1437,TXN-001437,1,2025-05-06 22:37:01,428,EWALLET,9,184.62,14.61,1.92,197.31,2025-05-06 22:37:01
1438,TXN-001438,1,2025-01-20 15:41:46,,EWALLET,8,182.44,14.6,0.0,197.04,2025-01-20 15:41:46
1439,TXN-001439,1,2024-11-30 15:19:15,77,EWALLET,8,197.23,14.55,15.46,196.32,2024-11-30 15:19:15
1440,TXN-001440,1,2024-04-16 19:06:01,54,CARD,13,286.0,22.51,4.64,303.87,2024-04-16 19:06:01
1441,TXN-001441,1,2024-09-18 12:49:28,,CASH,6,101.47,7.97,1.75,107.69,2024-09-18 12:49:28
1442,TXN-001442,1,2025-05-15 17:09:43,191,CARD,9,305.04,24.39,0.0,329.43,2025-05-15 17:09:43
1443,TXN-001443,1,2025-02-12 20:15:26,,CASH,7,181.64,14.53,0.0,196.17,2025-02-12 20:15:26
1444,TXN-001444,1,2024-12-23 20:11:09,398,CARD,3,88.24,6.83,2.94,92.13,2024-12-23 20:11:09
1445,TXN-001445,1,2025-01-24 15:30:58,112,CARD,12,278.27,22.26,0.0,300.53,2025-01-24 15:30:58
1446,TXN-001446,1,2024-11-23 11:19:24,,CARD,10,238.57,17.88,15.17,241.28,2024-11-23 11:19:24
1447,TXN-001447,1,2025-01-31 13:09:20,105,CARD,3,61.88,4.95,0.0,66.83,2025-01-31 13:09:20
1448,TXN-001448,1,2024-07-21 10:46:50,390,CARD,15,299.35,22.98,12.06,310.27,2024-07-21 10:46:50
1449,TXN-001449,1,2025-04-06 17:05:13,374,CARD,13,295.6,23.02,7.89,310.73,2025-04-06 17:05:13
1450,TXN-001450,1,2024-01-28 22:51:36,,CARD,18,399.54,31.09,10.92,419.71,2024-01-28 22:51:36
1451,TXN-001451,1,2024-12-11 16:58:33,433,EWALLET,10,315.54,25.23,0.22,340.55,2024-12-11 16:58:33
1452,TXN-001452,1,2024-04-08 20:49:07,,CARD,7,198.87,15.69,2.79,211.77,2024-04-08 20:49:07
1453,TXN-001453,1,2024-04-15 19:18:40,272,CARD,5,73.32,5.87,0.0,79.19,2024-04-15 19:18:40
1454,TXN-001454,1,2024-06-15 12:10:31,,CARD,10,187.72,14.16,10.69,191.19,2024-06-15 12:10:31
1455,TXN-001455,1,2025-05-02 12:10:09,311,CARD,11,56.0,4.47,0.0,60.47,2025-05-02 12:10:09
1456,TXN-001456,1,2024-03-16 12:37:30,,CASH,13,277.1,19.22,37.02,259.3,2024-03-16 12:37:30
1457,TXN-001457,1,2024-03-04 14:36:03,51,EWALLET,14,175.15,13.81,2.6,186.36,2024-03-04 14:36:03
1458,TXN-001458,1,2024-08-19 11:41:46,,EWALLET,8,58.92,4.7,0.2,63.42,2024-08-19 11:41:46
1459,TXN-001459,1,2024-03-01 18:03:55,378,CASH,20,427.32,33.86,4.08,457.1,2024-03-01 18:03:55
1460,TXN-001460,1,2024-12-16 18:39:01,25,CARD,6,138.69,10.98,1.58,148.09,2024-12-16 18:39:01
1461,TXN-001461,1,2024-09-16 18:09:52,,CARD,5,152.28,11.84,4.28,159.84,2024-09-16 18:09:52
1462,TXN-001462,1,2025-05-17 12:06:53,,CARD,12,271.52,21.67,0.73,292.46,2025-05-17 12:06:53
1463,TXN-001463,1,2024-12-01 11:50:27,39,CARD,18,287.72,21.52,18.83,290.41,2024-12-01 11:50:27
1464,TXN-001464,1,2025-02-06 13:29:22,63,CARD,5,82.9,6.64,0.0,89.54,2025-02-06 13:29:22
1465,TXN-001465,1,2025-05-12 17:40:48,95,CARD,12,150.75,11.92,1.81,160.86,2025-05-12 17:40:48
1466,TXN-001466,1,2024-09-21 19:30:27,316,CASH,15,281.91,21.89,8.3,295.5,2024-09-21 19:30:27
1467,TXN-001467,1,2024-07-23 11:18:28,,CARD,4,28.88,2.29,0.2,30.97,2024-07-23 11:18:28
1468,TXN-001468,1,2024-09-20 14:04:12,459,CARD,7,164.39,12.9,3.18,174.11,2024-09-20 14:04:12
1469,TXN-001469,1,2024-04-28 17:41:30,,EWALLET,14,191.26,14.9,5.06,201.1,2024-04-28 17:41:30
1470,TXN-001470,1,2024-05-29 16:46:17,279,CASH,4,112.1,8.97,0.0,121.07,2024-05-29 16:46:17
1471,TXN-001471,1,2024-06-06 19:04:21,233,CARD,9,151.5,12.06,0.74,162.82,2024-06-06 19:04:21
1472,TXN-001472,1,2024-05-04 13:31:43,387,CARD,12,173.58,12.78,13.71,172.65,2024-05-04 13:31:43
1473,TXN-001473,1,2024-02-18 09:48:57,401,CARD,11,104.38,8.07,3.44,109.01,2024-02-18 09:48:57
1474,TXN-001474,1,2024-03-27 16:25:42,,CARD,6,138.73,11.1,0.0,149.83,2024-03-27 16:25:42
1475,TXN-001475,1,2025-05-11 22:50:21,101,CASH,12,296.09,22.25,17.82,300.52,2025-05-11 22:50:21
1476,TXN-001476,1,2024-02-17 21:33:38,495,CARD,11,210.53,16.46,4.67,222.32,2024-02-17 21:33:38
1477,TXN-001477,1,2024-02-18 17:01:05,223,CARD,14,317.68,25.07,4.17,338.58,2024-02-18 17:01:05
1478,TXN-001478,1,2024-02-14 16:01:53,132,CARD,13,297.46,23.5,3.74,317.22,2024-02-14 16:01:53
1479,TXN-001479,1,2024-08-27 08:10:54,333,CARD,4,80.02,6.4,0.0,86.42,2024-08-27 08:10:54
1480,TXN-001480,1,2025-05-09 18:08:02,,CASH,16,359.85,28.38,4.97,383.26,2025-05-09 18:08:02
1481,TXN-001481,1,2024-08-09 21:12:02,150,CASH,3,114.9,9.19,0.0,124.09,2024-08-09 21:12:02
1482,TXN-001482,1,2025-05-08 15:49:14,,CARD,14,348.15,27.86,0.0,376.01,2025-05-08 15:49:14
1483,TXN-001483,1,2024-11-20 08:13:01,357,CARD,9,148.7,11.33,6.89,153.14,2024-11-20 08:13:01
1484,TXN-001484,1,2024-04-13 11:21:41,223,CARD,19,431.94,33.06,18.58,446.42,2024-04-13 11:21:41
1485,TXN-001485,1,2024-09-17 16:14:05,497,CARD,11,141.06,11.29,0.0,152.35,2024-09-17 16:14:05
1486,TXN-001486,1,2025-04-15 20:06:14,41,CARD,12,336.69,26.93,0.0,363.62,2025-04-15 20:06:14
1487,TXN-001487,1,2025-04-07 14:52:48,87,CARD,8,131.84,10.26,3.57,138.53,2025-04-07 14:52:48
1488,TXN-001488,1,2025-03-19 11:42:59,,EWALLET,5,95.93,7.68,0.0,103.61,2025-03-19 11:42:59
1489,TXN-001489,1,2024-08-22 19:05:44,117,CARD,16,278.99,22.08,2.98,298.09,2024-08-22 19:05:44
1490,TXN-001490,1,2024-01-29 22:34:29,40,CARD,9,158.47,12.63,0.58,170.52,2024-01-29 22:34:29
1491,TXN-001491,1,2024-03-02 11:22:34,,CASH,19,298.74,22.6,16.35,304.99,2024-03-02 11:22:34
1492,TXN-001492,1,2024-05-15 17:44:16,,CARD,4,26.02,2.08,0.0,28.1,2024-05-15 17:44:16
1493,TXN-001493,1,2024-05-15 21:35:25,441,CARD,9,319.68,25.18,4.93,339.93,2024-05-15 21:35:25
1494,TXN-001494,1,2024-05-14 19:56:44,241,EWALLET,11,159.52,12.75,0.12,172.15,2024-05-14 19:56:44
1495,TXN-001495,1,2025-02-18 16:24:47,,EWALLET,5,93.56,7.38,1.38,99.56,2025-02-18 16:24:47
1496,TXN-001496,1,2025-01-22 12:57:18,94,CASH,24,572.66,45.26,6.93,610.99,2025-01-22 12:57:18
1497,TXN-001497,1,2024-04-19 21:08:02,471,EWALLET,9,262.17,20.74,2.86,280.05,2024-04-19 21:08:02
1498,TXN-001498,1,2025-05-15 14:21:08,,CARD,7,168.66,12.82,8.45,173.03,2025-05-15 14:21:08
1499,TXN-001499,1,2024-08-07 11:08:31,,CARD,17,439.12,35.12,0.0,474.24,2024-08-07 11:08:31
1500,TXN-001500,1,2024-12-18 08:18:46,243,CASH,5,187.59,15.01,0.0,202.6,2024-12-18 08:18:46
1501,TXN-001501,1,2025-03-29 16:05:35,134,EWALLET,9,132.92,10.34,3.7,139.56,2025-03-29 16:05:35
1502,TXN-001502,1,2024-01-12 14:33:57,,EWALLET,9,261.19,20.46,5.55,276.1,2024-01-12 14:33:57
1503,TXN-001503,1,2024-10-28 12:22:43,,CARD,7,215.6,16.91,4.32,228.19,2024-10-28 12:22:43
1504,TXN-001504,1,2025-02-04 20:21:49,170,EWALLET,9,164.04,12.86,3.24,173.66,2025-02-04 20:21:49
1505,TXN-001505,1,2024-09-15 08:03:24,,CARD,17,346.3,26.75,11.89,361.16,2024-09-15 08:03:24
1506,TXN-001506,1,2025-01-21 20:47:48,,CARD,4,157.67,12.5,1.42,168.75,2025-01-21 20:47:48
1507,TXN-001507,1,2024-11-29 13:43:46,493,CARD,12,208.66,16.7,0.0,225.36,2024-11-29 13:43:46
1508,TXN-001508,1,2025-05-31 16:57:15,463,CASH,10,133.18,9.83,10.25,132.76,2025-05-31 16:57:15
1509,TXN-001509,1,2024-05-19 10:33:27,296,CARD,16,203.78,15.39,11.13,208.04,2024-05-19 10:33:27
1510,TXN-001510,1,2025-01-31 09:53:44,303,CARD,8,303.03,23.77,5.83,320.97,2025-01-31 09:53:44
1511,TXN-001511,1,2024-06-07 17:57:25,3,EWALLET,11,307.77,24.31,3.74,328.34,2024-06-07 17:57:25
1512,TXN-001512,1,2024-06-20 19:46:00,72,CARD,15,82.24,6.58,0.0,88.82,2024-06-20 19:46:00
1513,TXN-001513,1,2024-04-03 13:10:03,38,CASH,7,145.92,11.65,0.37,157.2,2024-04-03 13:10:03
1514,TXN-001514,1,2025-04-26 13:28:41,224,CARD,13,211.98,16.13,10.38,217.73,2025-04-26 13:28:41
1515,TXN-001515,1,2025-02-14 17:41:32,197,EWALLET,10,197.26,15.78,0.0,213.04,2025-02-14 17:41:32
1516,TXN-001516,1,2024-12-12 21:05:23,,EWALLET,13,350.01,27.19,10.01,367.19,2024-12-12 21:05:23
1517,TXN-001517,1,2024-02-12 22:58:56,499,CARD,4,124.21,9.94,0.0,134.15,2024-02-12 22:58:56
1518,TXN-001518,1,2024-12-27 20:06:31,368,EWALLET,2,82.11,6.57,0.0,88.68,2024-12-27 20:06:31
1519,TXN-001519,1,2025-04-15 14:10:21,,CARD,3,44.06,3.44,0.96,46.54,2025-04-15 14:10:21
1520,TXN-001520,1,2024-07-25 16:12:39,,CASH,13,251.93,19.76,4.94,266.75,2024-07-25 16:12:39
1521,TXN-001521,1,2025-04-25 09:28:26,74,EWALLET,2,46.94,3.62,1.74,48.82,2025-04-25 09:28:26
1522,TXN-001522,1,2024-03-16 17:41:22,494,CARD,13,117.14,8.72,8.19,117.67,2024-03-16 17:41:22
1523,TXN-001523,1,2024-08-08 13:38:48,250,CASH,11,178.05,14.08,2.06,190.07,2024-08-08 13:38:48
1524,TXN-001524,1,2024-08-28 18:55:35,,EWALLET,7,292.52,23.16,2.94,312.74,2024-08-28 18:55:35
1525,TXN-001525,1,2024-12-22 15:33:38,288,EWALLET,5,143.37,11.13,4.34,150.16,2024-12-22 15:33:38
1526,TXN-001526,1,2024-10-06 17:36:17,416,EWALLET,7,100.74,7.41,8.03,100.12,2024-10-06 17:36:17
1527,TXN-001527,1,2025-04-08 16:34:08,,CASH,14,301.26,23.66,5.56,319.36,2025-04-08 16:34:08
1528,TXN-001528,1,2024-02-06 12:25:44,375,CASH,5,78.67,6.3,0.0,84.97,2024-02-06 12:25:44
1529,TXN-001529,1,2024-12-13 16:02:14,,EWALLET,10,186.8,14.77,2.06,199.51,2024-12-13 16:02:14
1530,TXN-001530,1,2024-03-01 21:24:09,214,CARD,6,113.75,9.1,0.0,122.85,2024-03-01 21:24:09
1531,TXN-001531,1,2024-11-10 17:50:14,115,EWALLET,11,148.2,10.87,12.33,146.74,2024-11-10 17:50:14
1532,TXN-001532,1,2024-11-10 14:53:45,91,CASH,7,78.94,6.3,0.15,85.09,2024-11-10 14:53:45
1533,TXN-001533,1,2024-08-02 14:19:24,,CASH,7,78.53,6.23,0.69,84.07,2024-08-02 14:19:24
1534,TXN-001534,1,2025-02-01 15:53:18,309,EWALLET,20,349.27,26.64,16.12,359.79,2025-02-01 15:53:18
1535,TXN-001535,1,2025-03-06 16:33:42,418,CASH,5,91.74,7.33,0.0,99.07,2025-03-06 16:33:42
1536,TXN-001536,1,2024-11-16 14:31:03,132,CASH,17,260.56,19.93,11.36,269.13,2024-11-16 14:31:03
1537,TXN-001537,1,2025-02-28 10:30:36,,CARD,17,327.15,25.9,3.45,349.6,2025-02-28 10:30:36
1538,TXN-001538,1,2024-11-27 14:47:51,300,EWALLET,13,320.04,25.51,1.32,344.23,2024-11-27 14:47:51
1539,TXN-001539,1,2024-03-26 20:13:34,,CARD,7,119.61,9.57,0.0,129.18,2024-03-26 20:13:34
1540,TXN-001540,1,2024-06-20 21:23:33,,CARD,7,102.28,8.02,1.96,108.34,2024-06-20 21:23:33
1541,TXN-001541,1,2024-04-12 12:33:24,418,CARD,7,124.29,9.77,2.25,131.81,2024-04-12 12:33:24
1542,TXN-001542,1,2025-02-23 14:49:09,411,CARD,10,144.52,11.15,5.17,150.5,2025-02-23 14:49:09
1543,TXN-001543,1,2024-10-05 15:25:31,99,CARD,9,130.18,10.36,0.72,139.82,2024-10-05 15:25:31
1544,TXN-001544,1,2025-03-24 16:26:06,198,EWALLET,5,47.94,3.84,0.0,51.78,2025-03-24 16:26:06
1545,TXN-001545,1,2024-11-10 17:28:38,11,CARD,15,251.78,18.1,25.6,244.28,2024-11-10 17:28:38
1546,TXN-001546,1,2024-10-21 20:50:29,394,CARD,2,42.41,3.4,0.0,45.81,2024-10-21 20:50:29
1547,TXN-001547,1,2025-05-18 11:00:08,355,CARD,10,249.55,19.97,0.0,269.52,2025-05-18 11:00:08
1548,TXN-001548,1,2024-09-27 10:58:25,,EWALLET,14,329.98,26.4,0.0,356.38,2024-09-27 10:58:25
1549,TXN-001549,1,2024-01-05 19:26:46,237,CASH,2,42.89,3.43,0.0,46.32,2024-01-05 19:26:46
1550,TXN-001550,1,2024-08-29 21:34:57,297,CARD,6,175.6,13.61,5.56,183.65,2024-08-29 21:34:57
1551,TXN-001551,1,2024-08-06 16:49:07,173,CARD,5,135.89,10.47,5.13,141.23,2024-08-06 16:49:07
1552,TXN-001552,1,2024-11-02 18:07:09,,CARD,16,343.91,25.46,25.67,343.7,2024-11-02 18:07:09
1553,TXN-001553,1,2024-10-29 13:54:47,,EWALLET,14,292.61,23.25,2.04,313.82,2024-10-29 13:54:47
1554,TXN-001554,1,2024-09-21 12:35:59,321,CASH,12,329.69,26.37,0.0,356.06,2024-09-21 12:35:59
1555,TXN-001555,1,2024-02-17 20:52:42,,CASH,18,340.04,25.69,18.97,346.76,2024-02-17 20:52:42
1556,TXN-001556,1,2024-10-15 16:10:05,205,CARD,3,76.18,5.96,1.66,80.48,2024-10-15 16:10:05
1557,TXN-001557,1,2024-09-30 16:52:08,,CARD,7,61.23,4.9,0.0,66.13,2024-09-30 16:52:08
1558,TXN-001558,1,2025-04-13 14:35:29,,CARD,15,173.79,13.3,7.44,179.65,2025-04-13 14:35:29
1559,TXN-001559,1,2024-11-16 13:20:37,186,EWALLET,11,125.78,9.72,4.15,131.35,2024-11-16 13:20:37
1560,TXN-001560,1,2025-04-01 10:48:11,,CASH,11,282.87,22.18,5.6,299.45,2025-04-01 10:48:11
1561,TXN-001561,1,2024-01-20 18:34:11,,EWALLET,15,322.42,25.21,7.37,340.26,2024-01-20 18:34:11
1562,TXN-001562,1,2024-03-14 15:57:02,234,EWALLET,17,421.91,33.5,2.94,452.47,2024-03-14 15:57:02
1563,TXN-001563,1,2025-05-18 19:05:32,,CARD,8,135.39,9.81,12.81,132.39,2025-05-18 19:05:32
1564,TXN-001564,1,2024-09-17 19:49:15,,CARD,12,92.57,7.39,0.27,99.69,2024-09-17 19:49:15
1565,TXN-001565,1,2024-10-13 18:02:52,89,EWALLET,18,450.49,34.76,15.92,469.33,2024-10-13 18:02:52
1566,TXN-001566,1,2024-04-25 12:56:58,44,CARD,14,264.29,20.74,5.1,279.93,2024-04-25 12:56:58
1567,TXN-001567,1,2025-03-07 19:11:46,,CARD,17,328.7,25.98,3.93,350.75,2025-03-07 19:11:46
1568,TXN-001568,1,2025-05-15 15:38:54,,CARD,15,316.93,25.37,0.0,342.3,2025-05-15 15:38:54
1569,TXN-001569,1,2025-02-23 14:02:23,353,CARD,19,274.04,21.39,6.58,288.85,2025-02-23 14:02:23
1570,TXN-001570,1,2024-10-01 14:15:13,38,CARD,7,147.57,11.71,1.27,158.01,2024-10-01 14:15:13
1571,TXN-001571,1,2024-06-01 20:00:45,15,CASH,18,355.13,26.87,19.06,362.94,2024-06-01 20:00:45
1572,TXN-001572,1,2024-03-19 14:31:40,387,CARD,9,209.2,16.74,0.0,225.94,2024-03-19 14:31:40
1573,TXN-001573,1,2024-12-11 17:28:00,17,CARD,6,192.18,15.37,0.0,207.55,2024-12-11 17:28:00
1574,TXN-001574,1,2025-01-23 14:13:28,160,CARD,13,445.02,35.61,0.0,480.63,2025-01-23 14:13:28
1575,TXN-001575,1,2024-04-30 15:16:50,,CARD,4,98.16,7.86,0.0,106.02,2024-04-30 15:16:50
1576,TXN-001576,1,2024-04-07 10:43:32,,CARD,17,265.61,21.04,2.54,284.11,2024-04-07 10:43:32
1577,TXN-001577,1,2024-03-04 16:03:59,33,CARD,4,55.56,4.36,1.11,58.81,2024-03-04 16:03:59
1578,TXN-001578,1,2024-04-21 20:12:34,,CARD,11,289.25,21.2,24.28,286.17,2024-04-21 20:12:34
1579,TXN-001579,1,2024-09-08 12:18:01,51,CARD,17,293.44,22.0,18.43,297.01,2024-09-08 12:18:01
1580,TXN-001580,1,2024-11-14 11:47:28,,CARD,5,89.49,6.84,3.98,92.35,2024-11-14 11:47:28
1581,TXN-001581,1,2024-11-27 12:38:39,488,EWALLET,5,127.33,10.05,1.73,135.65,2024-11-27 12:38:39
1582,TXN-001582,1,2024-07-13 10:29:39,435,CARD,8,81.0,6.48,0.0,87.48,2024-07-13 10:29:39
1583,TXN-001583,1,2024-01-02 15:35:50,,CARD,9,161.23,12.29,7.56,165.96,2024-01-02 15:35:50
1584,TXN-001584,1,2025-03-14 13:53:06,21,CASH,12,386.69,30.73,2.69,414.73,2025-03-14 13:53:06
1585,TXN-001585,1,2025-02-19 15:20:18,255,EWALLET,14,421.08,33.69,0.0,454.77,2025-02-19 15:20:18
1586,TXN-001586,1,2024-08-25 13:26:43,,CARD,11,296.94,22.15,20.22,298.87,2024-08-25 13:26:43
1587,TXN-001587,1,2024-09-26 18:01:16,301,EWALLET,10,156.24,12.49,0.17,168.56,2024-09-26 18:01:16
1588,TXN-001588,1,2024-06-30 12:15:04,87,EWALLET,18,497.96,37.53,28.83,506.66,2024-06-30 12:15:04
1589,TXN-001589,1,2024-02-26 14:05:18,486,CARD,7,162.85,13.03,0.0,175.88,2024-02-26 14:05:18
1590,TXN-001590,1,2024-02-26 14:14:53,15,CASH,10,221.15,17.21,5.92,232.44,2024-02-26 14:14:53
1591,TXN-001591,1,2025-05-06 12:32:29,195,CARD,16,354.73,28.22,2.0,380.95,2025-05-06 12:32:29
1592,TXN-001592,1,2024-05-14 18:39:58,331,EWALLET,7,46.95,3.75,0.0,50.7,2024-05-14 18:39:58
1593,TXN-001593,1,2024-11-06 15:33:44,259,CASH,15,267.81,21.13,3.75,285.19,2024-11-06 15:33:44
1594,TXN-001594,1,2024-08-21 18:23:21,,CARD,6,108.83,8.57,1.77,115.63,2024-08-21 18:23:21
1595,TXN-001595,1,2024-05-14 14:41:23,,CASH,8,168.51,13.27,2.72,179.06,2024-05-14 14:41:23
1596,TXN-001596,1,2025-03-13 21:14:59,348,CARD,4,76.85,5.94,2.6,80.19,2025-03-13 21:14:59
1597,TXN-001597,1,2024-06-02 22:43:05,,CASH,13,379.24,27.75,32.36,374.63,2024-06-02 22:43:05
1598,TXN-001598,1,2024-11-05 20:51:51,,EWALLET,3,27.36,2.16,0.29,29.23,2024-11-05 20:51:51
1599,TXN-001599,1,2024-04-07 19:21:20,,CARD,14,395.48,30.2,18.11,407.57,2024-04-07 19:21:20
1600,TXN-001600,1,2024-08-28 15:42:58,103,CARD,13,292.3,23.2,2.22,313.28,2024-08-28 15:42:58
1601,TXN-001601,1,2025-03-08 16:53:16,261,CARD,20,456.86,31.21,66.8,421.27,2025-03-08 16:53:16
1602,TXN-001602,1,2024-12-17 13:50:19,,CARD,3,84.4,6.62,1.62,89.4,2024-12-17 13:50:19
1603,TXN-001603,1,2024-06-08 15:23:02,,CARD,14,215.07,16.83,4.74,227.16,2024-06-08 15:23:02
1604,TXN-001604,1,2024-07-06 16:28:54,336,CASH,10,278.75,21.49,10.09,290.15,2024-07-06 16:28:54
1605,TXN-001605,1,2024-09-02 21:13:44,,CARD,4,60.7,4.86,0.0,65.56,2024-09-02 21:13:44
1606,TXN-001606,1,2025-03-11 16:47:01,358,CARD,7,126.18,10.1,0.0,136.28,2025-03-11 16:47:01
1607,TXN-001607,1,2024-01-15 16:10:33,115,CARD,2,9.39,0.75,0.0,10.14,2024-01-15 16:10:33
1608,TXN-001608,1,2025-03-14 18:33:40,,CARD,14,234.75,18.26,6.59,246.42,2025-03-14 18:33:40
1609,TXN-001609,1,2024-12-20 10:13:17,313,CARD,8,233.34,18.67,0.0,252.01,2024-12-20 10:13:17
1610,TXN-001610,1,2024-12-20 16:34:13,157,EWALLET,7,124.37,9.55,5.01,128.91,2024-12-20 16:34:13
1611,TXN-001611,1,2025-03-26 20:43:38,,EWALLET,17,311.19,24.44,5.84,329.79,2025-03-26 20:43:38
1612,TXN-001612,1,2024-06-21 15:42:04,,CARD,4,126.35,10.11,0.0,136.46,2024-06-21 15:42:04
1613,TXN-001613,1,2025-02-28 18:38:53,,CARD,7,152.01,12.11,0.6,163.52,2025-02-28 18:38:53
1614,TXN-001614,1,2025-02-27 10:37:41,254,CARD,16,184.26,14.74,0.0,199.0,2025-02-27 10:37:41
1615,TXN-001615,1,2024-01-13 09:38:59,82,CASH,13,344.08,26.44,13.55,356.97,2024-01-13 09:38:59
1616,TXN-001616,1,2024-02-18 12:07:59,97,CASH,9,74.05,5.47,5.67,73.85,2024-02-18 12:07:59
1617,TXN-001617,1,2024-12-10 16:50:53,,EWALLET,4,82.88,6.63,0.0,89.51,2024-12-10 16:50:53
1618,TXN-001618,1,2025-05-30 09:10:10,196,CARD,15,322.45,25.79,0.0,348.24,2025-05-30 09:10:10
1619,TXN-001619,1,2024-06-30 16:44:25,182,CASH,12,184.62,14.76,0.24,199.14,2024-06-30 16:44:25
1620,TXN-001620,1,2024-02-28 22:32:35,,EWALLET,2,52.81,4.19,0.43,56.57,2024-02-28 22:32:35
1621,TXN-001621,1,2025-01-13 21:33:38,,EWALLET,9,234.04,18.67,0.75,251.96,2025-01-13 21:33:38
1622,TXN-001622,1,2025-04-21 18:26:00,183,CASH,7,221.33,17.7,0.0,239.03,2025-04-21 18:26:00
1623,TXN-001623,1,2024-04-18 12:16:10,,EWALLET,13,230.97,18.29,2.43,246.83,2024-04-18 12:16:10
1624,TXN-001624,1,2024-07-04 16:36:06,195,CASH,10,275.78,22.02,0.54,297.26,2024-07-04 16:36:06
1625,TXN-001625,1,2024-10-25 18:04:24,481,CARD,12,305.69,24.03,5.4,324.32,2024-10-25 18:04:24
1626,TXN-001626,1,2025-03-18 17:52:11,,CASH,11,160.11,12.56,3.15,169.52,2025-03-18 17:52:11
1627,TXN-001627,1,2024-11-06 13:50:45,44,CARD,4,52.74,4.22,0.0,56.96,2024-11-06 13:50:45
1628,TXN-001628,1,2024-10-23 10:30:35,31,CASH,17,277.2,21.76,5.31,293.65,2024-10-23 10:30:35
1629,TXN-001629,1,2024-12-25 15:46:08,119,CARD,4,44.28,3.55,0.0,47.83,2024-12-25 15:46:08
1630,TXN-001630,1,2024-02-03 12:33:35,203,CARD,17,357.62,26.75,23.14,361.23,2024-02-03 12:33:35
1631,TXN-001631,1,2024-06-01 13:48:19,276,CASH,14,213.05,15.94,14.01,214.98,2024-06-01 13:48:19
1632,TXN-001632,1,2024-02-09 10:54:19,216,CARD,7,197.58,15.59,2.64,210.53,2024-02-09 10:54:19
1633,TXN-001633,1,2024-05-28 18:00:11,,CARD,8,180.97,14.49,0.0,195.46,2024-05-28 18:00:11
1634,TXN-001634,1,2024-01-03 19:51:18,,CARD,7,97.45,7.78,0.16,105.07,2024-01-03 19:51:18
1635,TXN-001635,1,2024-04-25 12:37:17,334,CARD,4,99.13,7.93,0.0,107.06,2024-04-25 12:37:17
1636,TXN-001636,1,2024-01-26 16:38:10,,CARD,16,248.25,19.86,0.0,268.11,2024-01-26 16:38:10
1637,TXN-001637,1,2024-11-26 14:00:22,85,CARD,12,265.01,20.92,3.54,282.39,2024-11-26 14:00:22
1638,TXN-001638,1,2024-11-15 12:18:32,,CARD,13,387.9,30.63,5.08,413.45,2024-11-15 12:18:32
1639,TXN-001639,1,2024-06-18 16:27:35,67,EWALLET,15,188.02,14.86,2.25,200.63,2024-06-18 16:27:35
1640,TXN-001640,1,2025-01-08 17:00:50,116,CASH,15,425.13,34.0,0.0,459.13,2025-01-08 17:00:50
1641,TXN-001641,1,2024-04-13 18:42:33,183,CARD,8,105.19,8.42,0.0,113.61,2024-04-13 18:42:33
1642,TXN-001642,1,2024-03-27 12:50:08,,CASH,11,326.35,25.71,5.08,346.98,2024-03-27 12:50:08
1643,TXN-001643,1,2025-05-29 19:47:27,175,CARD,12,278.13,22.13,1.5,298.76,2025-05-29 19:47:27
1644,TXN-001644,1,2025-04-03 15:27:39,,CARD,6,34.08,2.73,0.0,36.81,2025-04-03 15:27:39
1645,TXN-001645,1,2025-02-19 15:09:24,,CARD,18,436.49,34.78,1.84,469.43,2025-02-19 15:09:24
1646,TXN-001646,1,2024-07-22 22:23:58,340,CASH,10,312.7,25.01,0.0,337.71,2024-07-22 22:23:58
1647,TXN-001647,1,2024-11-10 08:14:19,208,CASH,8,114.44,8.75,4.94,118.25,2024-11-10 08:14:19
1648,TXN-001648,1,2025-04-07 14:35:51,237,CARD,7,206.05,16.49,0.0,222.54,2025-04-07 14:35:51
1649,TXN-001649,1,2024-10-19 14:15:14,,CARD,20,297.44,21.73,25.88,293.29,2024-10-19 14:15:14
1650,TXN-001650,1,2024-11-21 10:11:47,251,CASH,7,231.27,18.5,0.0,249.77,2024-11-21 10:11:47
1651,TXN-001651,1,2025-03-16 15:06:22,153,CARD,13,258.8,20.09,7.52,271.37,2025-03-16 15:06:22
1652,TXN-001652,1,2024-09-23 12:50:05,78,CARD,4,117.68,9.41,0.0,127.09,2024-09-23 12:50:05
1653,TXN-001653,1,2024-05-01 17:12:52,247,CARD,4,55.61,4.37,0.91,59.07,2024-05-01 17:12:52
1654,TXN-001654,1,2025-03-25 14:15:43,159,CARD,10,233.08,18.29,4.42,246.95,2025-03-25 14:15:43
1655,TXN-001655,1,2025-03-02 19:42:35,425,CASH,9,122.67,9.82,0.0,132.49,2025-03-02 19:42:35
1656,TXN-001656,1,2024-05-04 13:49:47,,EWALLET,18,508.98,35.27,68.2,476.05,2024-05-04 13:49:47
1657,TXN-001657,1,2025-04-11 11:12:13,,CARD,6,55.17,4.22,2.47,56.92,2025-04-11 11:12:13
1658,TXN-001658,1,2024-06-18 09:26:25,81,CARD,13,163.61,13.09,0.0,176.7,2024-06-18 09:26:25
1659,TXN-001659,1,2024-03-30 12:22:31,117,CARD,10,265.17,20.27,11.74,273.7,2024-03-30 12:22:31
1660,TXN-001660,1,2024-04-01 17:23:56,,EWALLET,18,565.85,45.27,0.0,611.12,2024-04-01 17:23:56
1661,TXN-001661,1,2024-01-20 13:12:14,240,EWALLET,17,418.26,31.13,29.17,420.22,2024-01-20 13:12:14
1662,TXN-001662,1,2024-06-12 15:06:32,,CARD,8,200.18,15.88,1.74,214.32,2024-06-12 15:06:32
1663,TXN-001663,1,2025-02-03 13:49:03,,CARD,7,198.38,15.82,0.62,213.58,2025-02-03 13:49:03
1664,TXN-001664,1,2024-09-10 17:06:37,491,CARD,7,157.62,12.15,5.69,164.08,2024-09-10 17:06:37
1665,TXN-001665,1,2024-04-26 19:54:05,362,EWALLET,13,138.58,10.76,4.14,145.2,2024-04-26 19:54:05
1666,TXN-001666,1,2024-10-29 10:54:28,342,CARD,9,186.83,14.41,6.68,194.56,2024-10-29 10:54:28
1667,TXN-001667,1,2024-09-26 19:16:36,467,CARD,7,115.38,9.23,0.0,124.61,2024-09-26 19:16:36
1668,TXN-001668,1,2024-03-07 18:44:27,,CARD,19,254.09,20.34,0.0,274.43,2024-03-07 18:44:27
1669,TXN-001669,1,2024-09-16 14:38:03,,CARD,18,336.88,26.81,1.68,362.01,2024-09-16 14:38:03
1670,TXN-001670,1,2024-11-28 17:48:39,,CARD,9,225.74,18.05,0.0,243.79,2024-11-28 17:48:39
1671,TXN-001671,1,2024-11-08 22:36:11,,CARD,6,78.98,6.31,0.0,85.29,2024-11-08 22:36:11
1672,TXN-001672,1,2024-06-12 18:52:23,176,CARD,16,398.02,31.85,0.0,429.87,2024-06-12 18:52:23
1673,TXN-001673,1,2024-03-03 13:33:15,8,CARD,12,229.57,16.83,19.31,227.09,2024-03-03 13:33:15
1674,TXN-001674,1,2024-01-23 16:24:25,371,CARD,4,27.41,2.16,0.45,29.12,2024-01-23 16:24:25
1675,TXN-001675,1,2024-09-09 11:11:20,,CARD,3,61.11,4.89,0.0,66.0,2024-09-09 11:11:20
1676,TXN-001676,1,2024-09-07 16:54:26,,CARD,13,178.58,13.45,10.41,181.62,2024-09-07 16:54:26
1677,TXN-001677,1,2025-04-16 16:44:47,137,CARD,6,107.49,8.37,2.94,112.92,2025-04-16 16:44:47
1678,TXN-001678,1,2024-08-07 11:03:03,31,CASH,13,254.05,20.32,0.0,274.37,2024-08-07 11:03:03
1679,TXN-001679,1,2024-10-12 17:58:34,,CARD,14,334.59,24.42,29.3,329.71,2024-10-12 17:58:34
1680,TXN-001680,1,2024-03-26 11:14:38,62,EWALLET,7,91.75,7.28,0.73,98.3,2024-03-26 11:14:38
1681,TXN-001681,1,2024-12-22 14:31:02,,EWALLET,19,278.84,21.47,10.59,289.72,2024-12-22 14:31:02
1682,TXN-001682,1,2025-03-17 14:40:11,,CASH,12,168.03,13.36,0.89,180.5,2025-03-17 14:40:11
1683,TXN-001683,1,2025-01-02 17:25:11,97,CARD,15,245.84,19.48,2.44,262.88,2025-01-02 17:25:11
1684,TXN-001684,1,2024-09-15 13:23:14,92,CASH,12,241.97,19.23,1.72,259.48,2024-09-15 13:23:14
1685,TXN-001685,1,2024-02-23 16:55:21,177,CASH,6,200.54,15.95,1.1,215.39,2024-02-23 16:55:21
1686,TXN-001686,1,2024-05-29 20:54:29,,CASH,9,169.61,13.33,2.94,180.0,2024-05-29 20:54:29
1687,TXN-001687,1,2025-05-29 16:15:40,,CARD,3,29.48,2.36,0.0,31.84,2025-05-29 16:15:40
1688,TXN-001688,1,2024-10-16 17:36:49,42,CARD,10,165.77,13.26,0.0,179.03,2024-10-16 17:36:49
1689,TXN-001689,1,2024-12-16 11:58:01,,CARD,9,149.41,11.94,0.1,161.25,2024-12-16 11:58:01
1690,TXN-001690,1,2024-04-03 10:25:36,178,CASH,7,201.69,16.06,0.95,216.8,2024-04-03 10:25:36
1691,TXN-001691,1,2025-04-14 19:57:57,326,EWALLET,5,103.24,8.26,0.0,111.5,2025-04-14 19:57:57
1692,TXN-001692,1,2024-02-24 10:25:35,198,CASH,15,328.56,24.63,20.78,332.41,2024-02-24 10:25:35
1693,TXN-001693,1,2025-04-25 09:47:20,,CASH,12,250.36,20.02,0.0,270.38,2025-04-25 09:47:20
1694,TXN-001694,1,2024-03-24 11:52:45,111,CASH,14,224.34,17.38,7.18,234.54,2024-03-24 11:52:45
1695,TXN-001695,1,2025-01-17 18:43:38,227,CASH,12,165.26,13.23,0.0,178.49,2025-01-17 18:43:38
1696,TXN-001696,1,2025-02-21 09:08:08,241,CASH,10,177.79,14.22,0.12,191.89,2025-02-21 09:08:08
1697,TXN-001697,1,2024-02-27 12:52:59,107,CASH,7,97.82,7.54,3.64,101.72,2024-02-27 12:52:59
1698,TXN-001698,1,2024-05-05 18:44:16,,CARD,10,131.62,10.07,5.83,135.86,2024-05-05 18:44:16
1699,TXN-001699,1,2024-05-06 14:16:06,342,CASH,11,314.14,24.95,2.22,336.87,2024-05-06 14:16:06
1700,TXN-001700,1,2025-02-12 20:16:51,406,CARD,14,268.85,21.17,4.19,285.83,2025-02-12 20:16:51
1701,TXN-001701,1,2024-01-01 11:26:59,3,CASH,5,109.04,8.72,0.0,117.76,2024-01-01 11:26:59
1702,TXN-001702,1,2024-08-27 09:13:52,,CARD,6,114.36,9.13,0.27,123.22,2024-08-27 09:13:52
1703,TXN-001703,1,2025-04-02 19:23:43,133,CARD,10,202.95,15.84,5.01,213.78,2025-04-02 19:23:43
1704,TXN-001704,1,2024-07-05 08:23:19,,CARD,6,187.2,14.98,0.0,202.18,2024-07-05 08:23:19
1705,TXN-001705,1,2025-01-31 15:30:32,,EWALLET,4,26.04,2.08,0.0,28.12,2025-01-31 15:30:32
1706,TXN-001706,1,2024-11-01 17:09:21,71,CASH,9,206.13,16.49,0.0,222.62,2024-11-01 17:09:21
1707,TXN-001707,1,2024-05-13 13:57:38,187,CARD,13,349.96,28.0,0.0,377.96,2024-05-13 13:57:38
1708,TXN-001708,1,2025-03-12 17:43:26,255,CARD,11,234.36,18.74,0.0,253.1,2025-03-12 17:43:26
1709,TXN-001709,1,2025-01-09 13:42:41,245,CARD,8,157.03,12.57,0.0,169.6,2025-01-09 13:42:41
1710,TXN-001710,1,2024-08-16 17:26:50,342,CARD,9,71.37,5.57,1.76,75.18,2024-08-16 17:26:50
1711,TXN-001711,1,2025-04-12 13:47:33,460,CASH,10,102.34,7.81,4.71,105.44,2025-04-12 13:47:33
1712,TXN-001712,1,2024-06-02 16:57:43,433,CASH,7,130.96,10.38,1.3,140.04,2024-06-02 16:57:43
1713,TXN-001713,1,2024-06-12 15:06:27,434,CARD,9,187.79,14.82,2.52,200.09,2024-06-12 15:06:27
1714,TXN-001714,1,2025-01-30 10:39:26,,EWALLET,13,320.73,25.65,0.0,346.38,2025-01-30 10:39:26
1715,TXN-001715,1,2024-06-19 15:06:29,279,CASH,9,177.58,14.2,0.0,191.78,2024-06-19 15:06:29
1716,TXN-001716,1,2025-05-19 10:50:32,426,CARD,8,57.22,4.38,2.36,59.24,2025-05-19 10:50:32
1717,TXN-001717,1,2024-08-17 18:18:34,440,EWALLET,15,348.9,26.38,19.05,356.23,2024-08-17 18:18:34
1718,TXN-001718,1,2024-12-25 11:50:39,345,EWALLET,9,280.61,22.45,0.0,303.06,2024-12-25 11:50:39
1719,TXN-001719,1,2024-03-24 12:36:00,412,EWALLET,18,317.62,24.65,9.35,332.92,2024-03-24 12:36:00
1720,TXN-001720,1,2025-03-12 14:40:22,9,CASH,13,237.6,18.91,1.02,255.49,2025-03-12 14:40:22
1721,TXN-001721,1,2024-11-02 10:33:51,94,CARD,11,250.47,18.8,15.41,253.86,2024-11-02 10:33:51
1722,TXN-001722,1,2025-04-01 16:27:28,,CARD,10,395.07,31.61,0.0,426.68,2025-04-01 16:27:28
1723,TXN-001723,1,2024-12-31 22:20:50,339,CASH,12,300.06,23.72,3.51,320.27,2024-12-31 22:20:50
1724,TXN-001724,1,2024-04-30 15:21:43,344,CARD,9,195.39,15.63,0.0,211.02,2024-04-30 15:21:43
1725,TXN-001725,1,2024-05-08 15:47:19,,CARD,4,99.92,7.99,0.0,107.91,2024-05-08 15:47:19
1726,TXN-001726,1,2025-04-14 17:33:06,340,CARD,12,248.62,19.63,3.28,264.97,2025-04-14 17:33:06
1727,TXN-001727,1,2024-01-05 15:39:18,,CASH,7,75.26,5.82,2.39,78.69,2024-01-05 15:39:18
1728,TXN-001728,1,2025-05-06 18:07:39,274,CARD,11,195.09,15.6,0.0,210.69,2025-05-06 18:07:39
1729,TXN-001729,1,2024-09-06 18:46:58,290,CARD,13,191.54,15.29,0.45,206.38,2024-09-06 18:46:58
1730,TXN-001730,1,2025-03-07 15:15:18,20,CARD,5,107.19,8.58,0.0,115.77,2025-03-07 15:15:18
1731,TXN-001731,1,2024-11-04 12:11:19,180,CARD,3,36.62,2.93,0.0,39.55,2024-11-04 12:11:19
1732,TXN-001732,1,2024-07-17 09:10:21,,CASH,12,212.83,16.67,4.41,225.09,2024-07-17 09:10:21
1733,TXN-001733,1,2024-03-05 14:57:35,405,CARD,6,104.17,8.2,1.65,110.72,2024-03-05 14:57:35
1734,TXN-001734,1,2025-01-14 14:51:16,432,CARD,12,63.06,5.0,0.51,67.55,2025-01-14 14:51:16
1735,TXN-001735,1,2024-03-20 14:09:26,,CARD,10,92.58,7.39,0.33,99.64,2024-03-20 14:09:26
1736,TXN-001736,1,2024-03-18 17:25:32,,CARD,6,135.42,10.84,0.0,146.26,2024-03-18 17:25:32
1737,TXN-001737,1,2024-07-05 21:13:58,,CARD,14,152.95,11.92,4.02,160.85,2024-07-05 21:13:58
1738,TXN-001738,1,2024-08-06 20:48:43,,CASH,21,329.35,26.15,2.58,352.92,2024-08-06 20:48:43
1739,TXN-001739,1,2024-05-31 19:09:52,337,CARD,9,158.55,12.69,0.0,171.24,2024-05-31 19:09:52
1740,TXN-001740,1,2024-05-10 14:39:12,370,CARD,16,166.16,13.09,2.36,176.89,2024-05-10 14:39:12
1741,TXN-001741,1,2024-02-05 12:19:31,,CARD,6,192.75,14.85,7.12,200.48,2024-02-05 12:19:31
1742,TXN-001742,1,2024-06-19 10:34:09,430,CARD,7,76.6,6.12,0.0,82.72,2024-06-19 10:34:09
1743,TXN-001743,1,2024-09-21 08:20:09,,CARD,19,353.86,27.26,13.26,367.86,2024-09-21 08:20:09
1744,TXN-001744,1,2024-03-16 17:07:35,343,CARD,10,164.31,12.87,3.39,173.79,2024-03-16 17:07:35
1745,TXN-001745,1,2024-02-23 19:42:18,145,CARD,4,88.08,7.05,0.0,95.13,2024-02-23 19:42:18
1746,TXN-001746,1,2024-11-08 14:40:22,417,EWALLET,13,388.62,31.09,0.0,419.71,2024-11-08 14:40:22
1747,TXN-001747,1,2025-03-02 14:10:42,118,CARD,13,298.51,21.7,27.35,292.86,2025-03-02 14:10:42
1748,TXN-001748,1,2024-06-30 18:11:45,483,CARD,6,70.68,5.5,1.92,74.26,2024-06-30 18:11:45
1749,TXN-001749,1,2024-10-02 17:51:31,148,CARD,11,164.03,13.12,0.0,177.15,2024-10-02 17:51:31
1750,TXN-001750,1,2024-09-12 17:54:57,,CASH,6,124.93,9.99,0.0,134.92,2024-09-12 17:54:57
1751,TXN-001751,1,2024-03-12 10:04:55,131,CARD,9,121.25,9.7,0.0,130.95,2024-03-12 10:04:55
1752,TXN-001752,1,2024-10-30 14:32:22,,CASH,11,286.14,22.9,0.0,309.04,2024-10-30 14:32:22
1753,TXN-001753,1,2024-03-12 15:18:47,7,CARD,6,162.95,12.91,1.62,174.24,2024-03-12 15:18:47
1754,TXN-001754,1,2024-02-14 12:47:55,340,CARD,4,53.98,4.11,2.52,55.57,2024-02-14 12:47:55
1755,TXN-001755,1,2024-12-05 19:44:47,,EWALLET,5,83.19,6.62,0.57,89.24,2024-12-05 19:44:47
1756,TXN-001756,1,2024-08-17 08:44:48,388,CASH,8,115.75,7.66,20.04,103.37,2024-08-17 08:44:48
1757,TXN-001757,1,2024-11-23 10:48:31,12,EWALLET,10,163.6,12.91,2.23,174.28,2024-11-23 10:48:31
1758,TXN-001758,1,2025-01-17 15:11:19,,CARD,4,11.61,0.92,0.0,12.53,2025-01-17 15:11:19
1759,TXN-001759,1,2025-02-03 19:47:11,225,CASH,8,91.77,7.34,0.0,99.11,2025-02-03 19:47:11
1760,TXN-001760,1,2024-09-27 15:44:46,227,EWALLET,6,157.03,12.46,1.06,168.43,2024-09-27 15:44:46
1761,TXN-001761,1,2024-02-12 10:51:50,313,EWALLET,7,166.67,13.34,0.0,180.01,2024-02-12 10:51:50
1762,TXN-001762,1,2024-03-09 13:49:55,,CARD,12,152.9,11.96,3.37,161.49,2024-03-09 13:49:55
1763,TXN-001763,1,2024-07-23 19:23:22,,EWALLET,9,111.68,8.82,1.43,119.07,2024-07-23 19:23:22
1764,TXN-001764,1,2025-02-21 14:41:52,446,CARD,14,209.79,16.65,1.68,224.76,2025-02-21 14:41:52
1765,TXN-001765,1,2024-07-03 12:00:49,,EWALLET,15,310.73,24.8,0.78,334.75,2024-07-03 12:00:49
1766,TXN-001766,1,2024-09-07 15:56:52,217,CARD,11,272.21,18.94,35.46,255.69,2024-09-07 15:56:52
1767,TXN-001767,1,2024-10-26 17:10:17,,EWALLET,12,219.24,16.78,9.72,226.3,2024-10-26 17:10:17
1768,TXN-001768,1,2025-03-03 16:56:30,427,CARD,13,177.98,14.24,0.0,192.22,2025-03-03 16:56:30
1769,TXN-001769,1,2024-03-29 17:23:20,,CASH,8,165.72,12.73,6.53,171.92,2024-03-29 17:23:20
1770,TXN-001770,1,2025-01-25 18:06:31,118,CARD,12,369.91,29.42,2.25,397.08,2025-01-25 18:06:31
1771,TXN-001771,1,2024-07-08 09:35:14,100,CARD,8,116.22,9.3,0.0,125.52,2024-07-08 09:35:14
1772,TXN-001772,1,2024-08-19 15:05:05,103,CARD,13,256.6,20.45,0.96,276.09,2024-08-19 15:05:05
1773,TXN-001773,1,2024-05-06 11:15:23,364,CASH,14,371.69,29.19,6.84,394.04,2024-05-06 11:15:23
1774,TXN-001774,1,2025-02-10 17:36:57,313,CARD,8,127.77,10.11,1.47,136.41,2025-02-10 17:36:57
1775,TXN-001775,1,2025-05-26 08:23:32,,CASH,7,175.94,13.76,3.95,185.75,2025-05-26 08:23:32
1776,TXN-001776,1,2024-07-09 12:27:05,134,CARD,6,142.83,11.24,2.34,151.73,2024-07-09 12:27:05
1777,TXN-001777,1,2024-11-09 11:10:04,423,EWALLET,12,119.52,9.2,4.49,124.23,2024-11-09 11:10:04
1778,TXN-001778,1,2025-01-06 18:15:35,29,EWALLET,15,399.54,31.95,0.0,431.49,2025-01-06 18:15:35
1779,TXN-001779,1,2024-09-06 16:23:49,,CASH,6,87.19,6.97,0.0,94.16,2024-09-06 16:23:49
1780,TXN-001780,1,2024-02-11 18:49:20,,CASH,9,215.19,17.22,0.0,232.41,2024-02-11 18:49:20
1781,TXN-001781,1,2024-06-26 12:35:18,328,CARD,9,215.78,17.26,0.0,233.04,2024-06-26 12:35:18
1782,TXN-001782,1,2024-01-02 18:11:14,476,CARD,12,309.38,24.18,7.02,326.54,2024-01-02 18:11:14
1783,TXN-001783,1,2025-03-07 14:31:30,339,CARD,10,232.9,18.07,7.01,243.96,2025-03-07 14:31:30
1784,TXN-001784,1,2024-09-10 14:35:04,274,EWALLET,7,152.94,12.04,2.39,162.59,2024-09-10 14:35:04
1785,TXN-001785,1,2024-07-13 20:17:57,,EWALLET,16,335.9,25.69,14.81,346.78,2024-07-13 20:17:57
1786,TXN-001786,1,2025-05-22 15:26:06,263,CARD,5,148.77,11.91,0.0,160.68,2025-05-22 15:26:06
1787,TXN-001787,1,2025-02-28 15:59:55,,CARD,10,130.03,10.01,4.94,135.1,2025-02-28 15:59:55
1788,TXN-001788,1,2024-02-06 12:13:06,141,CARD,13,279.51,22.35,0.0,301.86,2024-02-06 12:13:06
1789,TXN-001789,1,2024-04-04 13:55:36,,CARD,14,230.77,18.46,0.0,249.23,2024-04-04 13:55:36
1790,TXN-001790,1,2024-07-11 11:28:08,,EWALLET,10,149.96,12.0,0.0,161.96,2024-07-11 11:28:08
1791,TXN-001791,1,2024-07-05 22:50:31,,CARD,5,117.37,9.39,0.0,126.76,2024-07-05 22:50:31
1792,TXN-001792,1,2024-03-14 16:49:52,328,EWALLET,5,105.96,8.33,1.77,112.52,2024-03-14 16:49:52
1793,TXN-001793,1,2024-01-05 21:33:20,282,CARD,5,199.66,15.33,8.07,206.92,2024-01-05 21:33:20
1794,TXN-001794,1,2024-04-21 14:32:53,403,CARD,10,178.3,13.28,12.31,179.27,2024-04-21 14:32:53
1795,TXN-001795,1,2024-05-09 15:20:42,,CARD,5,82.76,6.62,0.0,89.38,2024-05-09 15:20:42
1796,TXN-001796,1,2024-07-04 10:16:26,,CARD,5,72.37,5.79,0.0,78.16,2024-07-04 10:16:26
1797,TXN-001797,1,2024-04-21 15:17:40,141,EWALLET,9,188.89,13.89,15.27,187.51,2024-04-21 15:17:40
1798,TXN-001798,1,2024-08-11 12:56:59,,CARD,17,370.0,26.83,34.65,362.18,2024-08-11 12:56:59
1799,TXN-001799,1,2024-02-26 12:29:13,416,CARD,4,134.4,10.36,5.0,139.76,2024-02-26 12:29:13
1800,TXN-001800,1,2025-04-14 22:19:35,369,CASH,13,192.29,15.29,1.11,206.47,2025-04-14 22:19:35
1801,TXN-001801,1,2024-05-02 19:14:37,13,CARD,11,309.91,24.68,1.5,333.09,2024-05-02 19:14:37
1802,TXN-001802,1,2024-03-25 16:08:24,,CARD,12,173.59,13.45,5.44,181.6,2024-03-25 16:08:24
1803,TXN-001803,1,2025-03-31 17:25:31,,EWALLET,5,17.49,1.39,0.0,18.88,2025-03-31 17:25:31
1804,TXN-001804,1,2025-05-05 15:09:03,305,CASH,9,160.23,12.78,0.4,172.61,2025-05-05 15:09:03
1805,TXN-001805,1,2024-09-07 14:25:13,,CARD,7,45.87,3.47,2.38,46.96,2024-09-07 14:25:13
1806,TXN-001806,1,2024-10-25 13:51:39,113,CARD,9,317.85,25.33,1.31,341.87,2024-10-25 13:51:39
1807,TXN-001807,1,2024-09-15 19:45:33,,CARD,13,353.58,27.16,14.0,366.74,2024-09-15 19:45:33
1808,TXN-001808,1,2024-11-12 16:22:44,,CARD,11,154.15,12.33,0.0,166.48,2024-11-12 16:22:44
1809,TXN-001809,1,2024-01-15 21:27:06,,CARD,8,200.54,15.66,4.74,211.46,2024-01-15 21:27:06
1810,TXN-001810,1,2024-11-29 19:02:40,258,CARD,8,152.06,12.17,0.0,164.23,2024-11-29 19:02:40
1811,TXN-001811,1,2024-12-15 11:47:31,,EWALLET,17,287.14,22.01,11.97,297.18,2024-12-15 11:47:31
1812,TXN-001812,1,2025-03-17 10:18:51,,CASH,11,326.0,25.51,7.12,344.39,2025-03-17 10:18:51
1813,TXN-001813,1,2024-10-22 15:29:55,130,CASH,15,437.59,34.99,0.0,472.58,2024-10-22 15:29:55
1814,TXN-001814,1,2024-09-28 17:08:58,347,CARD,17,340.76,24.63,32.99,332.4,2024-09-28 17:08:58
1815,TXN-001815,1,2024-09-11 13:49:52,,CARD,7,133.89,10.71,0.0,144.6,2024-09-11 13:49:52
1816,TXN-001816,1,2024-02-22 15:55:09,,CARD,5,66.43,5.31,0.0,71.74,2024-02-22 15:55:09
1817,TXN-001817,1,2025-03-22 18:50:09,,CARD,17,480.75,37.05,17.67,500.13,2025-03-22 18:50:09
1818,TXN-001818,1,2024-12-12 15:42:21,99,CARD,13,384.43,30.74,0.21,414.96,2024-12-12 15:42:21
1819,TXN-001819,1,2024-03-27 10:03:24,215,CARD,10,157.36,12.52,0.92,168.96,2024-03-27 10:03:24
1820,TXN-001820,1,2024-09-01 13:01:00,,CASH,9,153.57,11.12,14.52,150.17,2024-09-01 13:01:00
1821,TXN-001821,1,2025-02-06 14:28:33,497,CARD,11,155.03,12.41,0.0,167.44,2025-02-06 14:28:33
1822,TXN-001822,1,2025-03-24 10:50:02,126,CARD,3,97.75,7.72,1.32,104.15,2025-03-24 10:50:02
1823,TXN-001823,1,2024-04-21 15:11:51,203,CASH,13,325.4,24.57,18.37,331.6,2024-04-21 15:11:51
1824,TXN-001824,1,2025-02-25 15:41:33,17,CARD,4,60.4,4.83,0.0,65.23,2025-02-25 15:41:33
1825,TXN-001825,1,2024-06-28 12:38:01,,CASH,9,160.22,12.81,0.0,173.03,2024-06-28 12:38:01
1826,TXN-001826,1,2025-01-31 18:11:22,498,CASH,9,207.2,16.57,0.0,223.77,2025-01-31 18:11:22
1827,TXN-001827,1,2024-07-13 10:16:33,,CARD,6,112.86,8.92,1.37,120.41,2024-07-13 10:16:33
1828,TXN-001828,1,2024-01-22 13:04:26,140,CASH,13,333.82,26.51,2.47,357.86,2024-01-22 13:04:26
1829,TXN-001829,1,2025-02-24 11:04:00,296,CASH,3,18.67,1.5,0.0,20.17,2025-02-24 11:04:00
1830,TXN-001830,1,2024-02-24 08:10:00,,CARD,8,178.16,14.08,2.02,190.22,2024-02-24 08:10:00
1831,TXN-001831,1,2024-12-08 13:49:21,166,CARD,8,143.09,10.56,11.2,142.45,2024-12-08 13:49:21
1832,TXN-001832,1,2024-03-30 17:25:10,311,CARD,10,260.38,20.78,0.74,280.42,2024-03-30 17:25:10
1833,TXN-001833,1,2024-08-29 21:28:58,,CARD,12,318.86,25.2,3.84,340.22,2024-08-29 21:28:58
1834,TXN-001834,1,2024-03-14 16:58:50,340,EWALLET,7,163.7,12.76,4.28,172.18,2024-03-14 16:58:50
1835,TXN-001835,1,2024-12-09 21:51:28,97,CARD,11,239.33,18.56,7.36,250.53,2024-12-09 21:51:28
1836,TXN-001836,1,2025-05-15 12:17:52,,CARD,9,301.6,24.12,0.0,325.72,2025-05-15 12:17:52
1837,TXN-001837,1,2024-05-26 15:50:46,468,CARD,15,287.35,22.46,6.72,303.09,2024-05-26 15:50:46
1838,TXN-001838,1,2024-04-16 14:15:17,,CARD,9,155.49,12.36,1.11,166.74,2024-04-16 14:15:17
1839,TXN-001839,1,2024-12-25 12:42:37,,CARD,13,253.83,20.04,3.38,270.49,2024-12-25 12:42:37
1840,TXN-001840,1,2024-12-30 22:41:47,,CARD,11,219.85,17.58,0.0,237.43,2024-12-30 22:41:47
1841,TXN-001841,1,2025-03-02 13:05:39,,CARD,9,200.43,14.99,13.15,202.27,2025-03-02 13:05:39
1842,TXN-001842,1,2024-12-26 16:57:46,,CARD,14,257.15,20.58,0.0,277.73,2024-12-26 16:57:46
1843,TXN-001843,1,2024-03-03 14:13:23,167,CARD,15,270.43,21.0,8.08,283.35,2024-03-03 14:13:23
1844,TXN-001844,1,2024-04-29 19:53:03,,CARD,6,17.22,1.38,0.0,18.6,2024-04-29 19:53:03
1845,TXN-001845,1,2024-12-25 15:08:56,74,CASH,12,252.4,19.78,5.19,266.99,2024-12-25 15:08:56
1846,TXN-001846,1,2024-02-20 10:41:20,,EWALLET,4,37.63,3.01,0.0,40.64,2024-02-20 10:41:20
1847,TXN-001847,1,2024-11-04 19:43:24,484,CASH,10,175.44,14.03,0.27,189.2,2024-11-04 19:43:24
1848,TXN-001848,1,2025-04-06 11:03:45,82,CARD,13,239.7,18.16,12.83,245.03,2025-04-06 11:03:45
1849,TXN-001849,1,2024-02-05 12:21:43,178,CARD,8,160.16,12.82,0.0,172.98,2024-02-05 12:21:43
1850,TXN-001850,1,2024-11-01 19:28:19,256,CARD,14,253.76,20.31,0.0,274.07,2024-11-01 19:28:19
1851,TXN-001851,1,2025-01-29 15:02:27,165,CARD,4,79.74,6.38,0.0,86.12,2025-01-29 15:02:27
1852,TXN-001852,1,2024-09-25 11:38:59,332,CARD,12,269.41,21.55,0.0,290.96,2024-09-25 11:38:59
1853,TXN-001853,1,2025-03-21 14:31:51,225,CARD,9,129.44,10.04,3.84,135.64,2025-03-21 14:31:51
1854,TXN-001854,1,2025-01-15 20:42:27,74,CARD,7,169.62,13.38,2.38,180.62,2025-01-15 20:42:27
1855,TXN-001855,1,2025-05-26 17:42:37,,CARD,4,49.64,3.97,0.0,53.61,2025-05-26 17:42:37
1856,TXN-001856,1,2024-07-18 16:42:01,450,CARD,11,340.25,26.95,3.34,363.86,2024-07-18 16:42:01
1857,TXN-001857,1,2024-01-14 20:04:45,,CARD,11,290.26,21.58,20.49,291.35,2024-01-14 20:04:45
1858,TXN-001858,1,2024-12-15 14:49:09,,CARD,7,207.4,15.07,18.96,203.51,2024-12-15 14:49:09
1859,TXN-001859,1,2025-02-06 19:09:01,,CARD,7,111.61,8.94,0.0,120.55,2025-02-06 19:09:01
1860,TXN-001860,1,2025-05-21 12:07:32,,EWALLET,6,69.08,5.49,0.48,74.09,2025-05-21 12:07:32
1861,TXN-001861,1,2024-05-21 19:03:04,357,CARD,13,239.09,18.87,3.24,254.72,2024-05-21 19:03:04
1862,TXN-001862,1,2024-06-02 15:23:27,,CARD,7,82.89,6.27,4.5,84.66,2024-06-02 15:23:27
1863,TXN-001863,1,2024-08-31 13:09:50,180,CARD,19,284.53,21.82,11.69,294.66,2024-08-31 13:09:50
1864,TXN-001864,1,2024-10-23 21:36:46,,CARD,22,215.72,17.21,0.58,232.35,2024-10-23 21:36:46
1865,TXN-001865,1,2025-05-18 14:05:12,,CASH,12,218.67,16.79,8.94,226.52,2025-05-18 14:05:12
1866,TXN-001866,1,2024-07-04 18:53:35,415,EWALLET,7,74.59,5.82,1.77,78.64,2024-07-04 18:53:35
1867,TXN-001867,1,2025-04-05 11:20:54,,CARD,12,337.24,25.81,14.52,348.53,2025-04-05 11:20:54
1868,TXN-001868,1,2025-03-24 14:37:23,,CARD,4,115.99,9.28,0.0,125.27,2025-03-24 14:37:23
1869,TXN-001869,1,2024-06-20 13:49:59,206,CASH,13,247.76,19.57,3.25,264.08,2024-06-20 13:49:59
1870,TXN-001870,1,2024-01-02 11:41:11,,CARD,4,75.66,6.06,0.0,81.72,2024-01-02 11:41:11
1871,TXN-001871,1,2025-01-04 13:54:30,,CARD,13,184.49,14.22,6.84,191.87,2025-01-04 13:54:30
1872,TXN-001872,1,2024-05-30 09:30:16,,CARD,18,247.16,19.76,0.0,266.92,2024-05-30 09:30:16
1873,TXN-001873,1,2025-03-07 16:15:23,493,CARD,10,325.24,25.76,3.24,347.76,2025-03-07 16:15:23
1874,TXN-001874,1,2024-10-03 20:32:57,103,CARD,10,156.37,12.45,0.72,168.1,2024-10-03 20:32:57
1875,TXN-001875,1,2025-05-03 15:57:12,,EWALLET,10,356.27,25.76,34.28,347.75,2025-05-03 15:57:12
1876,TXN-001876,1,2024-01-26 08:49:41,192,EWALLET,5,142.14,11.17,2.52,150.79,2024-01-26 08:49:41
1877,TXN-001877,1,2024-10-10 16:08:13,76,CASH,5,71.71,5.74,0.0,77.45,2024-10-10 16:08:13
1878,TXN-001878,1,2025-05-13 11:55:12,,CASH,8,88.96,7.08,0.41,95.63,2025-05-13 11:55:12
1879,TXN-001879,1,2025-03-28 11:33:13,,CARD,7,228.73,17.89,5.08,241.54,2025-03-28 11:33:13
1880,TXN-001880,1,2025-05-14 17:50:32,489,CARD,3,27.35,2.18,0.09,29.44,2025-05-14 17:50:32
1881,TXN-001881,1,2025-05-03 16:43:27,457,CARD,13,143.44,11.22,3.36,151.3,2025-05-03 16:43:27
1882,TXN-001882,1,2024-04-09 17:36:11,40,CASH,6,227.83,18.23,0.0,246.06,2024-04-09 17:36:11
1883,TXN-001883,1,2024-09-08 21:24:24,308,CARD,8,85.67,6.04,10.15,81.56,2024-09-08 21:24:24
1884,TXN-001884,1,2024-05-17 13:26:46,,CARD,14,297.31,23.73,0.58,320.46,2024-05-17 13:26:46
1885,TXN-001885,1,2025-02-13 12:07:15,,EWALLET,12,155.0,12.41,0.0,167.41,2025-02-13 12:07:15
1886,TXN-001886,1,2024-10-13 13:34:04,113,CASH,14,197.84,15.14,8.62,204.36,2024-10-13 13:34:04
1887,TXN-001887,1,2024-10-18 14:59:29,399,CASH,13,211.49,16.75,2.08,226.16,2024-10-18 14:59:29
1888,TXN-001888,1,2024-04-25 08:37:29,310,EWALLET,7,101.75,8.14,0.0,109.89,2024-04-25 08:37:29
1889,TXN-001889,1,2024-08-16 13:46:42,34,EWALLET,10,223.22,17.86,0.0,241.08,2024-08-16 13:46:42
1890,TXN-001890,1,2024-11-09 17:32:24,434,CARD,19,312.42,23.72,15.88,320.26,2024-11-09 17:32:24
1891,TXN-001891,1,2024-05-25 12:51:46,336,CARD,16,245.17,18.05,19.63,243.59,2024-05-25 12:51:46
1892,TXN-001892,1,2025-04-27 14:19:53,236,CARD,18,282.74,21.93,8.54,296.13,2025-04-27 14:19:53
1893,TXN-001893,1,2024-03-13 16:22:26,,CASH,14,395.9,31.55,1.47,425.98,2024-03-13 16:22:26
1894,TXN-001894,1,2025-01-20 10:09:33,182,CASH,3,44.81,3.58,0.0,48.39,2025-01-20 10:09:33
1895,TXN-001895,1,2024-01-13 21:09:41,340,CARD,7,108.76,8.7,0.0,117.46,2024-01-13 21:09:41
1896,TXN-001896,1,2024-06-09 08:27:22,,CARD,12,229.65,16.97,17.67,228.95,2024-06-09 08:27:22
1897,TXN-001897,1,2025-04-06 11:42:16,447,EWALLET,17,322.18,25.74,0.6,347.32,2025-04-06 11:42:16
1898,TXN-001898,1,2025-01-03 18:31:00,499,CASH,6,141.66,10.98,4.41,148.23,2025-01-03 18:31:00
1899,TXN-001899,1,2024-04-17 18:14:17,492,EWALLET,7,135.44,10.75,0.98,145.21,2024-04-17 18:14:17
1900,TXN-001900,1,2025-01-25 10:46:07,163,CARD,16,270.28,20.18,17.95,272.51,2025-01-25 10:46:07
1901,TXN-001901,1,2025-02-18 21:38:35,,EWALLET,8,116.25,9.3,0.0,125.55,2025-02-18 21:38:35
1902,TXN-001902,1,2025-04-03 16:52:36,,CASH,14,245.91,19.67,0.0,265.58,2025-04-03 16:52:36
1903,TXN-001903,1,2024-08-23 17:26:21,56,CASH,9,193.6,15.44,0.78,208.26,2024-08-23 17:26:21
1904,TXN-001904,1,2025-04-19 14:14:58,,CARD,22,298.69,22.43,18.32,302.8,2025-04-19 14:14:58
1905,TXN-001905,1,2024-07-22 16:08:56,367,CASH,17,384.8,29.98,9.96,404.82,2024-07-22 16:08:56
1906,TXN-001906,1,2024-03-30 19:42:07,,CARD,14,146.86,11.24,6.3,151.8,2024-03-30 19:42:07
1907,TXN-001907,1,2025-04-30 21:02:56,51,CARD,15,283.78,22.31,4.84,301.25,2025-04-30 21:02:56
1908,TXN-001908,1,2024-06-08 10:57:06,,EWALLET,11,105.43,8.42,0.11,113.74,2024-06-08 10:57:06
1909,TXN-001909,1,2024-05-01 15:47:31,236,CARD,19,310.88,24.8,0.92,334.76,2024-05-01 15:47:31
1910,TXN-001910,1,2025-01-05 20:20:38,,EWALLET,10,156.63,12.5,0.18,168.95,2025-01-05 20:20:38
1911,TXN-001911,1,2024-08-16 16:38:06,,EWALLET,6,49.58,3.96,0.0,53.54,2024-08-16 16:38:06
1912,TXN-001912,1,2024-12-12 10:21:50,441,CARD,4,15.56,1.25,0.0,16.81,2024-12-12 10:21:50
1913,TXN-001913,1,2024-12-25 18:42:52,,EWALLET,10,107.73,8.6,0.22,116.11,2024-12-25 18:42:52
1914,TXN-001914,1,2024-10-31 14:03:15,389,CARD,14,263.97,20.97,1.74,283.2,2024-10-31 14:03:15
1915,TXN-001915,1,2024-07-26 22:25:04,275,CASH,13,145.71,11.49,2.25,154.95,2024-07-26 22:25:04
1916,TXN-001916,1,2025-01-02 12:55:16,389,EWALLET,9,134.81,10.8,0.0,145.61,2025-01-02 12:55:16
1917,TXN-001917,1,2024-02-04 13:28:44,227,CARD,9,194.96,13.84,21.99,186.81,2024-02-04 13:28:44
1918,TXN-001918,1,2024-12-19 18:26:20,131,EWALLET,4,74.7,5.98,0.0,80.68,2024-12-19 18:26:20
1919,TXN-001919,1,2024-07-27 10:44:03,436,EWALLET,10,170.54,12.52,14.21,168.85,2024-07-27 10:44:03
1920,TXN-001920,1,2025-03-19 16:05:47,212,CASH,7,101.39,8.11,0.0,109.5,2025-03-19 16:05:47
1921,TXN-001921,1,2024-08-02 17:24:05,262,CARD,9,106.68,8.49,0.6,114.57,2024-08-02 17:24:05
1922,TXN-001922,1,2024-06-08 17:25:30,463,CASH,12,148.52,11.11,9.69,149.94,2024-06-08 17:25:30
1923,TXN-001923,1,2025-02-06 19:25:54,,CARD,5,198.03,15.84,0.0,213.87,2025-02-06 19:25:54
1924,TXN-001924,1,2025-03-19 19:12:22,169,EWALLET,7,155.45,12.41,0.37,167.49,2025-03-19 19:12:22
1925,TXN-001925,1,2024-05-22 17:51:21,,CARD,5,11.62,0.9,0.33,12.19,2024-05-22 17:51:21
1926,TXN-001926,1,2024-10-24 11:47:57,,EWALLET,4,55.82,4.45,0.22,60.05,2024-10-24 11:47:57
1927,TXN-001927,1,2024-04-14 14:22:27,230,CARD,6,59.43,4.64,1.3,62.77,2024-04-14 14:22:27
1928,TXN-001928,1,2024-11-04 15:52:56,,EWALLET,4,29.7,2.38,0.0,32.08,2024-11-04 15:52:56
1929,TXN-001929,1,2024-08-03 10:44:17,252,EWALLET,17,362.7,28.72,3.64,387.78,2024-08-03 10:44:17
1930,TXN-001930,1,2024-04-30 15:46:54,434,EWALLET,9,90.42,7.23,0.0,97.65,2024-04-30 15:46:54
1931,TXN-001931,1,2025-05-25 13:13:40,194,CASH,25,384.33,27.79,36.86,375.26,2025-05-25 13:13:40
1932,TXN-001932,1,2025-05-20 14:04:57,497,CARD,13,172.91,13.83,0.0,186.74,2025-05-20 14:04:57
1933,TXN-001933,1,2024-12-29 11:34:17,56,CARD,14,259.97,19.45,16.91,262.51,2024-12-29 11:34:17
1934,TXN-001934,1,2024-08-18 12:08:44,393,CASH,21,401.73,30.14,24.8,407.07,2024-08-18 12:08:44
1935,TXN-001935,1,2024-02-22 09:34:01,,CASH,8,195.2,15.62,0.0,210.82,2024-02-22 09:34:01
1936,TXN-001936,1,2025-02-21 14:30:08,480,CARD,8,178.27,14.26,0.0,192.53,2025-02-21 14:30:08
1937,TXN-001937,1,2024-11-29 10:59:29,,CARD,8,140.6,11.11,1.62,150.09,2024-11-29 10:59:29
1938,TXN-001938,1,2024-01-02 14:23:15,,CASH,10,247.78,19.75,0.96,266.57,2024-01-02 14:23:15
1939,TXN-001939,1,2025-04-22 21:26:48,,CARD,3,77.32,6.18,0.0,83.5,2025-04-22 21:26:48
1940,TXN-001940,1,2024-04-19 10:15:09,182,CASH,13,234.25,18.66,1.18,251.73,2024-04-19 10:15:09
1941,TXN-001941,1,2024-08-15 21:42:25,,CARD,13,264.63,21.06,1.44,284.25,2024-08-15 21:42:25
1942,TXN-001942,1,2024-10-04 14:53:27,,CARD,9,194.69,15.46,1.43,208.72,2024-10-04 14:53:27
1943,TXN-001943,1,2024-02-03 18:08:02,370,CARD,11,159.26,12.09,8.13,163.22,2024-02-03 18:08:02
1944,TXN-001944,1,2024-07-19 16:04:07,280,CARD,10,113.18,9.03,0.3,121.91,2024-07-19 16:04:07
1945,TXN-001945,1,2024-09-26 09:59:09,209,EWALLET,15,211.48,16.9,0.27,228.11,2024-09-26 09:59:09
1946,TXN-001946,1,2025-03-29 18:17:57,,EWALLET,7,105.41,8.2,2.85,110.76,2025-03-29 18:17:57
1947,TXN-001947,1,2024-01-06 14:05:47,,CARD,13,385.86,30.7,2.16,414.4,2024-01-06 14:05:47
1948,TXN-001948,1,2024-09-06 21:34:18,324,CASH,12,217.91,17.4,0.54,234.77,2024-09-06 21:34:18
1949,TXN-001949,1,2024-02-14 13:45:01,,EWALLET,13,285.9,22.64,2.89,305.65,2024-02-14 13:45:01
1950,TXN-001950,1,2025-05-22 10:40:10,73,EWALLET,11,154.16,12.2,1.57,164.79,2025-05-22 10:40:10
1951,TXN-001951,1,2024-01-30 13:33:58,402,CARD,12,144.04,11.3,2.94,152.4,2024-01-30 13:33:58
1952,TXN-001952,1,2024-03-29 09:00:05,29,CARD,13,195.93,15.67,0.17,211.43,2024-03-29 09:00:05
1953,TXN-001953,1,2024-03-24 19:27:46,193,CARD,11,366.12,27.81,18.54,375.39,2024-03-24 19:27:46
1954,TXN-001954,1,2024-03-07 19:52:52,145,CARD,14,339.88,26.92,3.32,363.48,2024-03-07 19:52:52
1955,TXN-001955,1,2025-01-07 14:17:09,,CARD,7,175.34,13.51,6.6,182.25,2025-01-07 14:17:09
1956,TXN-001956,1,2024-10-27 09:52:49,,EWALLET,14,205.87,15.14,16.55,204.46,2024-10-27 09:52:49
1957,TXN-001957,1,2024-03-13 11:09:01,,CASH,9,202.0,15.94,2.91,215.03,2024-03-13 11:09:01
1958,TXN-001958,1,2024-10-14 11:02:24,,CARD,17,309.83,24.71,1.08,333.46,2024-10-14 11:02:24
1959,TXN-001959,1,2024-09-07 21:03:51,261,CARD,12,202.93,15.44,10.0,208.37,2024-09-07 21:03:51
1960,TXN-001960,1,2024-09-23 19:36:05,390,CARD,3,87.88,7.03,0.0,94.91,2024-09-23 19:36:05
1961,TXN-001961,1,2024-10-18 17:07:24,268,CARD,13,372.88,29.78,0.6,402.06,2024-10-18 17:07:24
1962,TXN-001962,1,2024-07-13 11:38:37,280,EWALLET,18,122.0,8.65,13.78,116.87,2024-07-13 11:38:37
1963,TXN-001963,1,2025-03-29 13:10:10,,CARD,5,97.26,7.09,8.6,95.75,2025-03-29 13:10:10
1964,TXN-001964,1,2024-04-12 10:59:11,411,CARD,10,264.16,20.74,4.76,280.14,2024-04-12 10:59:11
1965,TXN-001965,1,2024-07-06 21:16:42,458,CARD,17,342.15,26.67,8.79,360.03,2024-07-06 21:16:42
1966,TXN-001966,1,2024-04-16 20:18:28,355,CARD,5,39.11,3.13,0.0,42.24,2024-04-16 20:18:28
1967,TXN-001967,1,2024-05-05 15:37:08,,CARD,7,116.12,9.28,0.0,125.4,2024-05-05 15:37:08
1968,TXN-001968,1,2025-02-08 12:55:06,179,CASH,20,303.68,21.44,35.9,289.22,2025-02-08 12:55:06
1969,TXN-001969,1,2024-09-02 15:16:45,139,CASH,6,104.47,8.2,1.99,110.68,2024-09-02 15:16:45
1970,TXN-001970,1,2024-12-14 13:11:10,279,CARD,28,454.98,33.95,30.64,458.29,2024-12-14 13:11:10
1971,TXN-001971,1,2024-12-18 13:02:28,469,CARD,7,123.85,9.9,0.0,133.75,2024-12-18 13:02:28
1972,TXN-001972,1,2024-03-16 11:36:57,261,CARD,11,316.32,24.77,6.56,334.53,2024-03-16 11:36:57
1973,TXN-001973,1,2024-07-31 14:21:41,,CARD,15,332.7,26.34,3.5,355.54,2024-07-31 14:21:41
1974,TXN-001974,1,2024-06-03 13:54:19,,CARD,6,81.18,6.31,2.4,85.09,2024-06-03 13:54:19
1975,TXN-001975,1,2024-10-16 19:31:25,218,CARD,4,61.92,4.96,0.0,66.88,2024-10-16 19:31:25
1976,TXN-001976,1,2024-06-21 11:28:48,240,CASH,11,209.44,16.76,0.0,226.2,2024-06-21 11:28:48
1977,TXN-001977,1,2024-03-04 22:33:13,167,CARD,8,133.94,10.66,0.73,143.87,2024-03-04 22:33:13
1978,TXN-001978,1,2025-02-25 12:51:08,144,CASH,10,136.27,10.86,0.48,146.65,2025-02-25 12:51:08
1979,TXN-001979,1,2024-11-14 15:28:49,78,CARD,7,228.8,17.94,4.66,242.08,2024-11-14 15:28:49
1980,TXN-001980,1,2024-04-22 16:08:21,,CASH,7,202.01,15.66,6.29,211.38,2024-04-22 16:08:21
1981,TXN-001981,1,2024-02-23 14:32:55,,CARD,5,83.72,6.49,2.65,87.56,2024-02-23 14:32:55
1982,TXN-001982,1,2024-09-22 10:25:59,,CASH,9,183.43,13.87,10.07,187.23,2024-09-22 10:25:59
1983,TXN-001983,1,2024-04-12 21:24:20,279,CASH,10,212.61,16.77,3.12,226.26,2024-04-12 21:24:20
1984,TXN-001984,1,2024-08-06 13:29:45,293,CARD,3,106.02,8.48,0.0,114.5,2024-08-06 13:29:45
1985,TXN-001985,1,2025-03-08 15:51:20,,CASH,9,311.49,24.72,2.45,333.76,2025-03-08 15:51:20
1986,TXN-001986,1,2025-03-07 12:26:55,,CARD,6,145.86,11.67,0.0,157.53,2025-03-07 12:26:55
1987,TXN-001987,1,2024-09-02 11:44:27,452,EWALLET,11,228.82,18.25,0.81,246.26,2024-09-02 11:44:27
1988,TXN-001988,1,2024-08-13 20:52:08,3,CARD,5,95.59,7.65,0.0,103.24,2024-08-13 20:52:08
1989,TXN-001989,1,2024-11-08 17:24:39,328,CASH,13,397.62,31.04,9.64,419.02,2024-11-08 17:24:39
1990,TXN-001990,1,2025-02-05 19:14:23,314,EWALLET,6,68.39,5.47,0.0,73.86,2025-02-05 19:14:23
1991,TXN-001991,1,2024-01-15 19:06:56,388,CARD,12,309.99,24.8,0.0,334.79,2024-01-15 19:06:56
1992,TXN-001992,1,2024-10-29 12:29:33,330,CASH,10,173.79,13.84,0.72,186.91,2024-10-29 12:29:33
1993,TXN-001993,1,2024-09-25 12:11:01,,CARD,12,273.16,21.56,3.56,291.16,2024-09-25 12:11:01
1994,TXN-001994,1,2024-07-11 14:32:30,45,CARD,3,84.25,6.74,0.0,90.99,2024-07-11 14:32:30
1995,TXN-001995,1,2024-10-21 12:40:55,395,CARD,8,163.68,12.62,5.9,170.4,2024-10-21 12:40:55
1996,TXN-001996,1,2024-03-18 14:58:27,85,CARD,16,454.26,36.09,3.12,487.23,2024-03-18 14:58:27
1997,TXN-001997,1,2024-10-30 13:20:47,473,CARD,9,222.83,17.74,1.13,239.44,2024-10-30 13:20:47
1998,TXN-001998,1,2024-01-26 08:01:58,,CARD,7,53.01,4.17,0.86,56.32,2024-01-26 08:01:58
1999,TXN-001999,1,2024-09-16 19:23:46,369,CARD,8,282.05,22.05,6.48,297.62,2024-09-16 19:23:46
2000,TXN-002000,1,2024-10-14 18:29:37,,CARD,9,161.45,12.92,0.0,174.37,2024-10-14 18:29:37
2001,TXN-002001,1,2024-09-04 11:08:10,,CARD,4,81.5,6.52,0.0,88.02,2024-09-04 11:08:10
2002,TXN-002002,1,2024-07-24 10:54:10,,CASH,13,333.54,26.56,1.62,358.48,2024-07-24 10:54:10
2003,TXN-002003,1,2025-05-07 11:01:46,57,CARD,9,256.66,20.11,5.31,271.46,2025-05-07 11:01:46
2004,TXN-002004,1,2024-09-02 13:23:09,141,CARD,2,49.72,3.98,0.0,53.7,2024-09-02 13:23:09
2005,TXN-002005,1,2024-11-30 18:57:08,416,CARD,15,187.19,14.4,7.19,194.4,2024-11-30 18:57:08
2006,TXN-002006,1,2024-03-05 08:46:59,,CARD,15,146.27,11.63,1.02,156.88,2024-03-05 08:46:59
2007,TXN-002007,1,2024-11-19 20:23:30,59,EWALLET,8,110.96,8.87,0.0,119.83,2024-11-19 20:23:30
2008,TXN-002008,1,2025-01-09 14:13:39,215,EWALLET,11,246.73,19.14,7.41,258.46,2025-01-09 14:13:39
2009,TXN-002009,1,2025-04-28 09:57:40,351,EWALLET,7,209.45,16.76,0.0,226.21,2025-04-28 09:57:40
2010,TXN-002010,1,2024-06-02 11:54:37,226,CASH,12,314.42,22.82,29.26,307.98,2024-06-02 11:54:37
2011,TXN-002011,1,2024-05-29 13:39:35,135,EWALLET,5,107.57,8.53,0.87,115.23,2024-05-29 13:39:35
2012,TXN-002012,1,2024-01-05 18:50:30,,CASH,17,182.08,14.43,1.77,194.74,2024-01-05 18:50:30
2013,TXN-002013,1,2024-07-04 20:57:09,91,CARD,5,146.17,11.7,0.0,157.87,2024-07-04 20:57:09
2014,TXN-002014,1,2024-01-09 12:57:57,,EWALLET,7,171.99,13.76,0.0,185.75,2024-01-09 12:57:57
2015,TXN-002015,1,2025-01-01 15:17:04,317,CARD,12,240.26,19.22,0.0,259.48,2025-01-01 15:17:04
2016,TXN-002016,1,2024-03-12 19:25:43,13,CARD,8,156.56,12.09,5.42,163.23,2024-03-12 19:25:43
2017,TXN-002017,1,2024-06-09 14:09:21,38,CARD,12,226.64,17.79,4.29,240.14,2024-06-09 14:09:21
2018,TXN-002018,1,2025-05-29 10:03:27,448,CARD,10,306.08,23.92,6.93,323.07,2025-05-29 10:03:27
2019,TXN-002019,1,2024-02-01 13:27:50,,CARD,9,154.68,12.11,3.25,163.54,2024-02-01 13:27:50
2020,TXN-002020,1,2024-05-11 09:26:39,437,CASH,17,437.78,33.22,22.54,448.46,2024-05-11 09:26:39
2021,TXN-002021,1,2025-05-29 13:13:49,283,EWALLET,11,164.4,12.95,2.45,174.9,2025-05-29 13:13:49
2022,TXN-002022,1,2025-04-02 16:07:48,,EWALLET,5,36.6,2.9,0.33,39.17,2025-04-02 16:07:48
2023,TXN-002023,1,2025-01-02 16:24:35,,CARD,12,228.45,18.27,0.0,246.72,2025-01-02 16:24:35
2024,TXN-002024,1,2024-07-20 13:43:40,373,CARD,13,442.44,32.13,40.78,433.79,2024-07-20 13:43:40
2025,TXN-002025,1,2025-03-26 18:44:58,,CARD,10,182.58,14.16,5.76,190.98,2025-03-26 18:44:58
2026,TXN-002026,1,2024-04-01 13:30:20,205,CARD,6,63.95,5.11,0.0,69.06,2024-04-01 13:30:20
2027,TXN-002027,1,2024-01-03 16:35:47,,CARD,10,77.63,6.2,0.0,83.83,2024-01-03 16:35:47
2028,TXN-002028,1,2024-09-11 18:27:01,295,CARD,8,149.13,11.85,0.96,160.02,2024-09-11 18:27:01
2029,TXN-002029,1,2024-08-12 10:06:54,314,CASH,13,144.17,11.43,1.25,154.35,2024-08-12 10:06:54
2030,TXN-002030,1,2025-05-08 09:14:37,295,EWALLET,3,95.6,7.65,0.0,103.25,2025-05-08 09:14:37
2031,TXN-002031,1,2024-01-17 15:43:24,151,CARD,11,160.99,12.88,0.0,173.87,2024-01-17 15:43:24
2032,TXN-002032,1,2024-09-11 11:29:31,352,EWALLET,5,38.6,3.09,0.0,41.69,2024-09-11 11:29:31
2033,TXN-002033,1,2024-02-01 19:37:11,237,EWALLET,11,154.95,12.15,3.12,163.98,2024-02-01 19:37:11
2034,TXN-002034,1,2025-02-12 19:39:14,,CARD,5,146.87,11.23,6.6,151.5,2025-02-12 19:39:14
2035,TXN-002035,1,2025-05-13 22:11:30,168,CASH,11,272.35,21.78,0.0,294.13,2025-05-13 22:11:30
2036,TXN-002036,1,2024-11-24 12:34:27,118,CARD,14,357.4,27.95,7.99,377.36,2024-11-24 12:34:27
2037,TXN-002037,1,2024-11-07 17:46:51,,CARD,11,227.59,18.05,1.98,243.66,2024-11-07 17:46:51
2038,TXN-002038,1,2024-05-31 17:22:37,424,CASH,10,229.48,18.24,1.62,246.1,2024-05-31 17:22:37
2039,TXN-002039,1,2024-06-10 20:01:59,154,CARD,10,262.8,20.63,4.93,278.5,2024-06-10 20:01:59
2040,TXN-002040,1,2024-04-24 10:44:14,,CARD,7,97.89,7.83,0.0,105.72,2024-04-24 10:44:14
2041,TXN-002041,1,2024-02-06 17:08:24,180,CARD,10,122.06,9.76,0.0,131.82,2024-02-06 17:08:24
2042,TXN-002042,1,2024-05-19 12:02:12,,CARD,13,143.75,11.02,6.04,148.73,2024-05-19 12:02:12
2043,TXN-002043,1,2025-01-14 09:11:23,200,CARD,4,90.41,7.07,2.03,95.45,2025-01-14 09:11:23
2044,TXN-002044,1,2024-10-02 13:41:57,247,CARD,13,209.54,16.63,1.73,224.44,2024-10-02 13:41:57
2045,TXN-002045,1,2024-01-18 14:24:33,,EWALLET,12,112.9,9.03,0.0,121.93,2024-01-18 14:24:33
2046,TXN-002046,1,2024-08-23 15:31:52,,EWALLET,4,121.85,9.55,2.38,129.02,2024-08-23 15:31:52
2047,TXN-002047,1,2025-03-21 17:35:23,90,EWALLET,6,70.19,5.48,1.6,74.07,2025-03-21 17:35:23
2048,TXN-002048,1,2025-05-19 15:06:56,,CARD,8,255.54,19.92,6.59,268.87,2025-05-19 15:06:56
2049,TXN-002049,1,2024-04-20 10:37:31,207,CARD,14,305.61,21.57,36.01,291.17,2024-04-20 10:37:31
2050,TXN-002050,1,2024-02-23 16:28:28,168,CARD,11,312.51,24.64,4.6,332.55,2024-02-23 16:28:28
2051,TXN-002051,1,2025-03-10 08:12:39,115,CARD,11,55.61,4.31,1.68,58.24,2025-03-10 08:12:39
2052,TXN-002052,1,2024-08-14 08:52:54,,CARD,12,226.72,17.96,2.18,242.5,2024-08-14 08:52:54
2053,TXN-002053,1,2025-04-07 14:47:18,72,CASH,3,86.11,6.89,0.0,93.0,2025-04-07 14:47:18
2054,TXN-002054,1,2024-03-25 18:02:32,353,CARD,16,389.32,30.58,7.0,412.9,2024-03-25 18:02:32
2055,TXN-002055,1,2025-02-04 16:26:03,240,CASH,3,37.11,2.9,0.9,39.11,2025-02-04 16:26:03
2056,TXN-002056,1,2025-03-14 09:30:59,262,CARD,16,273.78,21.37,6.68,288.47,2025-03-14 09:30:59
2057,TXN-002057,1,2024-05-01 10:20:53,,CARD,12,257.12,20.42,1.92,275.62,2024-05-01 10:20:53
2058,TXN-002058,1,2024-08-15 09:27:25,108,CARD,8,149.06,11.59,4.11,156.54,2024-08-15 09:27:25
2059,TXN-002059,1,2024-03-06 18:50:34,230,CARD,8,151.72,11.74,5.06,158.4,2024-03-06 18:50:34
2060,TXN-002060,1,2024-07-23 17:27:41,,CARD,5,112.43,9.0,0.0,121.43,2024-07-23 17:27:41
2061,TXN-002061,1,2024-09-09 12:48:40,,EWALLET,3,57.38,4.59,0.0,61.97,2024-09-09 12:48:40
2062,TXN-002062,1,2024-01-16 13:02:38,125,CASH,9,213.06,16.52,6.54,223.04,2024-01-16 13:02:38
2063,TXN-002063,1,2024-07-27 14:32:44,53,CARD,17,474.46,34.67,41.23,467.9,2024-07-27 14:32:44
2064,TXN-002064,1,2024-05-10 09:19:41,,CARD,9,207.67,16.31,3.88,220.1,2024-05-10 09:19:41
2065,TXN-002065,1,2024-10-27 13:27:41,166,CARD,15,200.55,15.36,8.61,207.3,2024-10-27 13:27:41
2066,TXN-002066,1,2024-07-01 14:42:38,247,CASH,8,150.07,12.01,0.0,162.08,2024-07-01 14:42:38
2067,TXN-002067,1,2024-12-04 22:11:49,,CARD,6,85.46,6.72,1.5,90.68,2024-12-04 22:11:49
2068,TXN-002068,1,2024-11-14 20:47:36,,CARD,6,193.93,15.51,0.0,209.44,2024-11-14 20:47:36
2069,TXN-002069,1,2025-02-26 17:48:34,6,CARD,16,424.47,33.4,7.18,450.69,2025-02-26 17:48:34
2070,TXN-002070,1,2024-12-26 14:42:59,110,CASH,2,40.7,3.1,1.92,41.88,2024-12-26 14:42:59
2071,TXN-002071,1,2024-03-20 15:30:29,,CARD,7,226.29,17.69,5.25,238.73,2024-03-20 15:30:29
2072,TXN-002072,1,2024-07-12 14:52:01,301,CARD,9,97.7,7.82,0.0,105.52,2024-07-12 14:52:01
2073,TXN-002073,1,2024-08-14 13:08:07,,CARD,11,345.92,27.26,5.18,368.0,2024-08-14 13:08:07
2074,TXN-002074,1,2024-01-11 15:41:57,24,CARD,12,308.95,24.37,4.26,329.06,2024-01-11 15:41:57
2075,TXN-002075,1,2024-03-24 17:30:23,101,CASH,9,156.84,12.01,6.66,162.19,2024-03-24 17:30:23
2076,TXN-002076,1,2024-07-04 19:46:48,202,EWALLET,8,89.64,7.17,0.0,96.81,2024-07-04 19:46:48
2077,TXN-002077,1,2024-12-17 16:38:19,,CARD,20,186.76,14.93,0.0,201.69,2024-12-17 16:38:19
2078,TXN-002078,1,2025-05-09 15:02:08,,CARD,7,227.48,17.99,2.72,242.75,2025-05-09 15:02:08
2079,TXN-002079,1,2024-11-18 16:22:04,13,CARD,2,22.78,1.75,0.89,23.64,2024-11-18 16:22:04
2080,TXN-002080,1,2024-04-10 11:36:26,402,CARD,14,299.47,23.83,1.57,321.73,2024-04-10 11:36:26
2081,TXN-002081,1,2024-04-24 20:27:04,,CARD,16,314.21,25.09,0.74,338.56,2024-04-24 20:27:04
2082,TXN-002082,1,2024-07-18 12:19:33,313,CARD,9,99.64,7.94,0.36,107.22,2024-07-18 12:19:33
2083,TXN-002083,1,2024-11-02 18:45:55,428,CASH,10,169.9,12.89,8.95,173.84,2024-11-02 18:45:55
2084,TXN-002084,1,2024-07-14 17:11:03,,CARD,10,155.82,12.45,0.18,168.09,2024-07-14 17:11:03
2085,TXN-002085,1,2025-04-22 14:01:57,217,CARD,7,89.0,7.1,0.11,95.99,2025-04-22 14:01:57
2086,TXN-002086,1,2024-06-15 20:24:05,,CARD,9,181.59,13.94,7.41,188.12,2024-06-15 20:24:05
2087,TXN-002087,1,2024-02-10 14:56:22,325,CARD,11,188.52,14.52,6.99,196.05,2024-02-10 14:56:22
2088,TXN-002088,1,2025-05-15 11:36:05,213,EWALLET,10,167.49,13.13,3.32,177.3,2025-05-15 11:36:05
2089,TXN-002089,1,2024-02-23 09:13:52,65,CASH,11,142.13,10.97,5.0,148.1,2024-02-23 09:13:52
2090,TXN-002090,1,2024-05-12 13:49:51,134,CARD,21,394.45,28.99,32.12,391.32,2024-05-12 13:49:51
2091,TXN-002091,1,2024-08-15 17:14:51,,CARD,10,164.91,13.15,0.54,177.52,2024-08-15 17:14:51
2092,TXN-002092,1,2025-04-07 15:16:21,1,CARD,13,347.96,27.83,0.0,375.79,2025-04-07 15:16:21
2093,TXN-002093,1,2024-05-23 22:58:57,,CARD,13,242.36,19.05,4.14,257.27,2024-05-23 22:58:57
2094,TXN-002094,1,2024-01-04 10:55:32,126,EWALLET,11,290.97,23.28,0.0,314.25,2024-01-04 10:55:32
2095,TXN-002095,1,2024-03-20 17:26:34,325,CARD,7,147.89,11.72,1.47,158.14,2024-03-20 17:26:34
2096,TXN-002096,1,2024-05-10 18:12:19,,CARD,10,161.69,12.93,0.0,174.62,2024-05-10 18:12:19
2097,TXN-002097,1,2024-02-05 19:59:04,371,CARD,5,94.61,7.57,0.0,102.18,2024-02-05 19:59:04
2098,TXN-002098,1,2024-10-14 15:22:26,,EWALLET,4,47.52,3.8,0.0,51.32,2024-10-14 15:22:26
2099,TXN-002099,1,2024-08-12 19:53:19,,CARD,15,102.64,8.21,0.0,110.85,2024-08-12 19:53:19
2100,TXN-002100,1,2024-05-14 19:30:37,391,CARD,10,141.79,11.26,1.08,151.97,2024-05-14 19:30:37
2101,TXN-002101,1,2024-09-21 20:14:28,157,CARD,13,304.28,23.94,5.08,323.14,2024-09-21 20:14:28
2102,TXN-002102,1,2024-02-07 17:56:52,,CARD,8,76.5,6.11,0.06,82.55,2024-02-07 17:56:52
2103,TXN-002103,1,2024-05-09 21:44:05,380,CASH,13,266.25,20.95,4.4,282.8,2024-05-09 21:44:05
2104,TXN-002104,1,2024-03-16 16:55:55,461,CARD,11,169.11,12.02,18.93,162.2,2024-03-16 16:55:55
2105,TXN-002105,1,2024-11-22 20:11:16,,CARD,7,117.78,9.35,0.89,126.24,2024-11-22 20:11:16
2106,TXN-002106,1,2024-11-02 08:24:23,196,CARD,10,92.87,7.25,2.33,97.79,2024-11-02 08:24:23
2107,TXN-002107,1,2024-01-22 13:03:22,,EWALLET,9,250.45,19.48,7.02,262.91,2024-01-22 13:03:22
2108,TXN-002108,1,2024-04-18 22:17:08,,CARD,14,267.13,21.38,0.0,288.51,2024-04-18 22:17:08
2109,TXN-002109,1,2024-05-09 22:15:33,40,CARD,7,137.15,10.44,6.6,140.99,2024-05-09 22:15:33
2110,TXN-002110,1,2024-04-08 12:16:50,318,EWALLET,7,111.26,8.48,5.25,114.49,2024-04-08 12:16:50
2111,TXN-002111,1,2024-06-29 17:29:19,215,CARD,10,171.03,13.54,1.58,182.99,2024-06-29 17:29:19
2112,TXN-002112,1,2025-04-29 10:35:51,340,CARD,2,62.79,4.88,1.77,65.9,2025-04-29 10:35:51
2113,TXN-002113,1,2024-05-21 17:55:39,277,CASH,3,42.16,3.3,0.91,44.55,2024-05-21 17:55:39
2114,TXN-002114,1,2024-10-21 17:59:07,,CARD,11,280.98,22.28,2.62,300.64,2024-10-21 17:59:07
2115,TXN-002115,1,2024-11-26 09:25:56,382,EWALLET,8,191.61,15.21,1.37,205.45,2024-11-26 09:25:56
2116,TXN-002116,1,2024-08-17 13:30:34,,CARD,6,101.54,7.72,5.02,104.24,2024-08-17 13:30:34
2117,TXN-002117,1,2024-11-15 15:18:04,246,CARD,4,109.59,8.76,0.0,118.35,2024-11-15 15:18:04
2118,TXN-002118,1,2024-12-12 15:13:00,355,CARD,4,32.18,2.47,1.2,33.45,2024-12-12 15:13:00
2119,TXN-002119,1,2024-03-21 16:34:45,,CARD,8,77.03,6.16,0.17,83.02,2024-03-21 16:34:45
2120,TXN-002120,1,2024-12-15 22:36:23,,CARD,5,133.24,10.27,4.78,138.73,2024-12-15 22:36:23
2121,TXN-002121,1,2024-01-06 14:39:58,397,CASH,18,286.51,22.04,11.14,297.41,2024-01-06 14:39:58
2122,TXN-002122,1,2024-10-19 20:03:46,,CARD,16,265.08,20.99,2.88,283.19,2024-10-19 20:03:46
2123,TXN-002123,1,2024-04-16 16:11:36,435,CARD,7,191.27,15.3,0.0,206.57,2024-04-16 16:11:36
2124,TXN-002124,1,2024-05-08 14:22:57,73,CARD,7,277.28,21.65,6.63,292.3,2024-05-08 14:22:57
2125,TXN-002125,1,2024-07-01 11:52:56,,EWALLET,11,228.4,18.18,1.1,245.48,2024-07-01 11:52:56
2126,TXN-002126,1,2025-05-04 10:31:05,412,EWALLET,13,302.06,23.0,14.6,310.46,2025-05-04 10:31:05
2127,TXN-002127,1,2024-07-28 16:24:04,,CARD,11,140.56,10.81,5.24,146.13,2024-07-28 16:24:04
2128,TXN-002128,1,2024-12-17 13:28:56,,CASH,10,178.68,14.21,1.08,191.81,2024-12-17 13:28:56
2129,TXN-002129,1,2025-04-29 08:43:36,,CARD,2,85.37,6.83,0.0,92.2,2025-04-29 08:43:36
2130,TXN-002130,1,2025-01-08 19:21:18,128,CARD,10,69.63,5.53,0.48,74.68,2025-01-08 19:21:18
2131,TXN-002131,1,2024-01-06 18:43:01,,CARD,10,137.17,10.8,2.16,145.81,2024-01-06 18:43:01
2132,TXN-002132,1,2024-07-05 09:54:01,186,CARD,10,248.55,19.78,1.18,267.15,2024-07-05 09:54:01
2133,TXN-002133,1,2024-03-13 18:26:09,,CARD,6,128.79,10.13,2.17,136.75,2024-03-13 18:26:09
2134,TXN-002134,1,2024-07-29 21:10:22,273,CARD,12,124.47,9.9,0.85,133.52,2024-07-29 21:10:22
2135,TXN-002135,1,2024-12-10 08:51:40,417,CASH,6,128.42,10.26,0.0,138.68,2024-12-10 08:51:40
2136,TXN-002136,1,2025-01-18 10:44:29,391,CARD,10,197.8,15.28,6.72,206.36,2025-01-18 10:44:29
2137,TXN-002137,1,2025-02-11 08:22:01,393,CARD,4,67.36,5.39,0.0,72.75,2025-02-11 08:22:01
2138,TXN-002138,1,2025-02-27 16:18:55,232,CARD,16,371.82,29.74,0.06,401.5,2025-02-27 16:18:55
2139,TXN-002139,1,2025-03-26 19:39:18,,EWALLET,3,135.33,10.82,0.0,146.15,2025-03-26 19:39:18
2140,TXN-002140,1,2024-02-01 12:01:48,,EWALLET,18,274.36,21.54,5.18,290.72,2024-02-01 12:01:48
2141,TXN-002141,1,2024-05-29 17:49:38,103,CASH,14,348.53,26.93,11.78,363.68,2024-05-29 17:49:38
2142,TXN-002142,1,2025-01-08 10:40:37,,CARD,8,227.62,18.07,1.7,243.99,2025-01-08 10:40:37
2143,TXN-002143,1,2024-10-02 17:46:06,41,EWALLET,12,340.24,27.22,0.0,367.46,2024-10-02 17:46:06
2144,TXN-002144,1,2024-09-08 15:36:30,452,CARD,9,188.53,14.6,6.06,197.07,2024-09-08 15:36:30
2145,TXN-002145,1,2025-03-05 13:09:00,186,CARD,10,117.41,9.25,1.63,125.03,2025-03-05 13:09:00
2146,TXN-002146,1,2025-03-02 16:18:30,213,CARD,20,413.52,31.24,23.06,421.7,2025-03-02 16:18:30
2147,TXN-002147,1,2024-11-19 18:02:37,,EWALLET,3,117.1,9.37,0.0,126.47,2024-11-19 18:02:37
2148,TXN-002148,1,2024-11-09 11:26:23,336,CARD,12,207.1,16.53,0.57,223.06,2024-11-09 11:26:23
2149,TXN-002149,1,2025-01-30 09:12:50,212,CARD,16,381.52,30.04,5.97,405.59,2025-01-30 09:12:50
2150,TXN-002150,1,2025-03-21 11:59:22,64,CARD,7,129.25,10.1,2.94,136.41,2025-03-21 11:59:22
2151,TXN-002151,1,2024-01-13 19:58:34,,EWALLET,20,250.26,19.68,4.26,265.68,2024-01-13 19:58:34
2152,TXN-002152,1,2024-04-10 16:08:02,,CARD,7,100.23,7.95,0.81,107.37,2024-04-10 16:08:02
2153,TXN-002153,1,2025-02-12 19:03:19,435,CASH,14,274.09,21.86,0.87,295.08,2025-02-12 19:03:19
2154,TXN-002154,1,2024-05-17 13:34:29,376,CARD,10,164.73,13.16,0.22,177.67,2024-05-17 13:34:29
2155,TXN-002155,1,2024-12-19 12:58:57,217,CASH,13,315.74,25.25,0.0,340.99,2024-12-19 12:58:57
2156,TXN-002156,1,2024-11-28 21:50:30,367,CASH,14,156.78,12.42,1.45,167.75,2024-11-28 21:50:30
2157,TXN-002157,1,2024-09-22 11:45:03,463,CASH,12,113.68,8.4,8.71,113.37,2024-09-22 11:45:03
2158,TXN-002158,1,2025-02-01 17:13:48,424,EWALLET,13,134.07,10.05,8.5,135.62,2025-02-01 17:13:48
2159,TXN-002159,1,2025-05-27 15:35:59,,CASH,18,362.61,28.57,5.31,385.87,2025-05-27 15:35:59
2160,TXN-002160,1,2024-08-18 21:01:10,,CARD,11,245.99,18.64,13.02,251.61,2024-08-18 21:01:10
2161,TXN-002161,1,2024-09-06 16:13:34,37,EWALLET,3,46.47,3.62,1.24,48.85,2024-09-06 16:13:34
2162,TXN-002162,1,2024-07-12 10:31:39,,CASH,10,226.41,18.03,0.91,243.53,2024-07-12 10:31:39
2163,TXN-002163,1,2024-10-07 11:37:07,,CARD,9,139.37,10.85,3.72,146.5,2024-10-07 11:37:07
2164,TXN-002164,1,2024-05-26 14:56:51,,EWALLET,9,214.41,16.99,2.14,229.26,2024-05-26 14:56:51
2165,TXN-002165,1,2024-06-05 12:31:48,167,CARD,16,372.36,29.52,3.2,398.68,2024-06-05 12:31:48
2166,TXN-002166,1,2024-12-16 17:46:38,64,CARD,6,82.52,6.6,0.0,89.12,2024-12-16 17:46:38
2167,TXN-002167,1,2024-11-26 20:00:33,,CARD,10,168.6,13.17,3.88,177.89,2024-11-26 20:00:33
2168,TXN-002168,1,2024-01-07 14:42:02,236,CARD,12,191.85,15.01,4.28,202.58,2024-01-07 14:42:02
2169,TXN-002169,1,2024-07-18 09:43:25,351,CARD,12,375.42,29.78,3.2,402.0,2024-07-18 09:43:25
2170,TXN-002170,1,2024-07-05 17:01:22,106,CARD,5,119.14,9.54,0.0,128.68,2024-07-05 17:01:22
2171,TXN-002171,1,2024-06-16 22:43:43,,CARD,11,120.84,9.38,3.6,126.62,2024-06-16 22:43:43
2172,TXN-002172,1,2024-03-08 15:49:47,18,CASH,3,145.33,11.62,0.0,156.95,2024-03-08 15:49:47
2173,TXN-002173,1,2024-09-13 20:27:13,,CARD,20,488.7,38.72,4.56,522.86,2024-09-13 20:27:13
2174,TXN-002174,1,2024-11-14 12:36:28,268,EWALLET,9,115.58,9.11,1.74,122.95,2024-11-14 12:36:28
2175,TXN-002175,1,2024-10-03 21:50:01,,CARD,4,72.82,5.83,0.0,78.65,2024-10-03 21:50:01
2176,TXN-002176,1,2025-05-04 13:07:09,,CASH,21,417.55,32.13,15.9,433.78,2025-05-04 13:07:09
2177,TXN-002177,1,2025-05-22 09:14:34,85,CARD,10,201.21,16.1,0.0,217.31,2025-05-22 09:14:34
2178,TXN-002178,1,2024-03-15 14:01:50,465,CARD,15,323.81,25.51,4.92,344.4,2024-03-15 14:01:50
2179,TXN-002179,1,2024-10-29 16:07:07,45,CARD,6,109.32,8.75,0.0,118.07,2024-10-29 16:07:07
2180,TXN-002180,1,2024-10-22 15:00:19,12,CASH,12,170.8,13.29,4.69,179.4,2024-10-22 15:00:19
2181,TXN-002181,1,2024-03-30 08:37:36,,CASH,7,70.54,5.6,0.52,75.62,2024-03-30 08:37:36
2182,TXN-002182,1,2024-08-25 14:39:45,,EWALLET,18,379.83,28.24,26.76,381.31,2024-08-25 14:39:45
2183,TXN-002183,1,2024-11-21 14:35:09,,CARD,18,309.19,24.58,1.98,331.79,2024-11-21 14:35:09
2184,TXN-002184,1,2024-07-01 14:43:31,,CASH,10,264.62,21.18,0.0,285.8,2024-07-01 14:43:31
2185,TXN-002185,1,2025-01-09 14:05:57,368,CARD,9,162.64,13.01,0.0,175.65,2025-01-09 14:05:57
2186,TXN-002186,1,2024-04-03 21:30:08,,CARD,9,263.95,21.04,1.02,283.97,2024-04-03 21:30:08
2187,TXN-002187,1,2024-06-30 12:14:13,286,CASH,19,300.54,23.21,10.63,313.12,2024-06-30 12:14:13
2188,TXN-002188,1,2024-03-06 18:39:51,,CASH,6,167.76,13.42,0.0,181.18,2024-03-06 18:39:51
2189,TXN-002189,1,2024-05-23 16:55:39,230,CARD,12,294.91,23.29,3.63,314.57,2024-05-23 16:55:39
2190,TXN-002190,1,2024-09-27 12:51:03,,CARD,6,66.86,5.35,0.0,72.21,2024-09-27 12:51:03
2191,TXN-002191,1,2024-05-21 12:04:47,,CARD,3,72.65,5.81,0.0,78.46,2024-05-21 12:04:47
2192,TXN-002192,1,2025-01-16 16:07:03,428,CARD,14,123.57,9.53,4.37,128.73,2025-01-16 16:07:03
2193,TXN-002193,1,2024-08-29 20:44:11,,CASH,2,71.81,5.62,1.52,75.91,2024-08-29 20:44:11
2194,TXN-002194,1,2024-03-23 08:05:59,273,CASH,11,281.42,20.79,21.43,280.78,2024-03-23 08:05:59
2195,TXN-002195,1,2024-07-24 13:42:41,,CARD,12,213.84,16.71,4.9,225.65,2024-07-24 13:42:41
2196,TXN-002196,1,2024-10-28 09:16:51,,CARD,13,165.22,13.1,1.45,176.87,2024-10-28 09:16:51
2197,TXN-002197,1,2024-04-29 12:03:31,129,CARD,9,187.85,15.03,0.0,202.88,2024-04-29 12:03:31
2198,TXN-002198,1,2025-05-14 18:54:55,,CASH,12,308.12,24.21,5.28,327.05,2025-05-14 18:54:55
2199,TXN-002199,1,2024-08-22 20:47:10,,CARD,5,80.67,6.45,0.0,87.12,2024-08-22 20:47:10
2200,TXN-002200,1,2024-07-14 11:48:07,,CASH,10,257.82,20.15,5.97,272.0,2024-07-14 11:48:07
2201,TXN-002201,1,2025-02-19 09:27:05,,CARD,6,104.32,8.35,0.0,112.67,2025-02-19 09:27:05
2202,TXN-002202,1,2025-02-20 16:17:35,74,CARD,5,152.73,12.22,0.0,164.95,2025-02-20 16:17:35
2203,TXN-002203,1,2024-04-09 16:30:18,414,CARD,3,29.94,2.4,0.0,32.34,2024-04-09 16:30:18
2204,TXN-002204,1,2025-01-29 22:11:28,347,CARD,4,34.26,2.74,0.0,37.0,2025-01-29 22:11:28
2205,TXN-002205,1,2024-08-30 11:39:23,,CARD,6,51.92,4.15,0.0,56.07,2024-08-30 11:39:23
2206,TXN-002206,1,2024-11-20 11:27:53,,CARD,23,369.17,29.48,0.6,398.05,2024-11-20 11:27:53
2207,TXN-002207,1,2025-04-17 19:31:17,320,CARD,13,375.79,29.28,9.56,395.51,2025-04-17 19:31:17
2208,TXN-002208,1,2024-06-27 22:59:07,291,CARD,8,142.84,11.42,0.0,154.26,2024-06-27 22:59:07
2209,TXN-002209,1,2024-10-24 17:54:29,57,CARD,14,188.83,14.85,3.17,200.51,2024-10-24 17:54:29
2210,TXN-002210,1,2024-07-09 19:51:12,474,CARD,2,50.01,4.0,0.0,54.01,2024-07-09 19:51:12
2211,TXN-002211,1,2025-02-21 11:03:36,497,CARD,10,251.52,19.59,6.48,264.63,2025-02-21 11:03:36
2212,TXN-002212,1,2024-09-09 14:42:06,,CARD,10,143.12,11.46,0.0,154.58,2024-09-09 14:42:06
2213,TXN-002213,1,2025-04-16 09:04:52,,CARD,9,208.42,16.68,0.0,225.1,2025-04-16 09:04:52
2214,TXN-002214,1,2024-02-06 17:38:07,353,EWALLET,7,131.59,10.18,4.3,137.47,2024-02-06 17:38:07
2215,TXN-002215,1,2024-09-20 13:20:17,,CARD,8,148.55,11.88,0.0,160.43,2024-09-20 13:20:17
2216,TXN-002216,1,2024-05-21 11:27:10,401,CARD,3,131.28,10.51,0.0,141.79,2024-05-21 11:27:10
2217,TXN-002217,1,2025-02-13 20:54:39,413,CARD,13,357.42,28.6,0.0,386.02,2025-02-13 20:54:39
2218,TXN-002218,1,2024-12-24 15:27:13,,CARD,13,192.26,15.06,3.94,203.38,2024-12-24 15:27:13
2219,TXN-002219,1,2024-02-13 11:20:55,489,CARD,11,172.72,13.5,3.96,182.26,2024-02-13 11:20:55
2220,TXN-002220,1,2025-01-22 12:01:27,105,CARD,9,251.69,20.13,0.0,271.82,2025-01-22 12:01:27
2221,TXN-002221,1,2025-01-09 12:24:34,,CASH,20,427.56,33.05,14.52,446.09,2025-01-09 12:24:34
2222,TXN-002222,1,2024-04-28 22:55:09,,CARD,8,112.27,8.85,1.7,119.42,2024-04-28 22:55:09
2223,TXN-002223,1,2025-01-23 12:31:33,201,CARD,11,289.9,22.95,3.14,309.71,2025-01-23 12:31:33
2224,TXN-002224,1,2025-02-12 16:32:26,,EWALLET,16,183.45,14.44,3.04,194.85,2025-02-12 16:32:26
2225,TXN-002225,1,2025-03-30 09:47:46,362,EWALLET,10,142.27,10.9,5.84,147.33,2025-03-30 09:47:46
2226,TXN-002226,1,2024-09-23 10:41:26,,CARD,11,257.81,20.61,0.0,278.42,2024-09-23 10:41:26
2227,TXN-002227,1,2025-02-13 10:41:56,,CASH,14,114.45,9.0,1.98,121.47,2025-02-13 10:41:56
2228,TXN-002228,1,2024-07-26 08:44:28,,CARD,7,89.72,7.14,0.43,96.43,2024-07-26 08:44:28
2229,TXN-002229,1,2024-11-21 08:10:24,,CARD,7,123.53,9.9,0.0,133.43,2024-11-21 08:10:24
2230,TXN-002230,1,2024-12-17 14:24:36,302,CARD,7,120.0,9.6,0.0,129.6,2024-12-17 14:24:36
2231,TXN-002231,1,2024-07-19 17:34:49,492,CARD,13,277.33,21.86,4.11,295.08,2024-07-19 17:34:49
2232,TXN-002232,1,2024-12-08 16:31:07,,CARD,15,439.6,33.04,26.52,446.12,2024-12-08 16:31:07
2233,TXN-002233,1,2024-03-06 17:35:33,24,CARD,14,242.31,19.39,0.0,261.7,2024-03-06 17:35:33
2234,TXN-002234,1,2024-02-17 19:03:42,,EWALLET,13,340.89,26.1,14.47,352.52,2024-02-17 19:03:42
2235,TXN-002235,1,2024-03-25 17:26:28,483,CARD,12,189.33,15.0,1.71,202.62,2024-03-25 17:26:28
2236,TXN-002236,1,2024-11-26 09:26:03,332,CARD,6,165.03,13.03,2.07,175.99,2024-11-26 09:26:03
2237,TXN-002237,1,2025-03-23 18:25:48,483,CASH,9,80.58,5.95,6.17,80.36,2025-03-23 18:25:48
2238,TXN-002238,1,2024-05-12 09:39:20,10,EWALLET,13,385.08,29.92,11.25,403.75,2024-05-12 09:39:20
2239,TXN-002239,1,2025-02-03 15:24:48,53,CASH,7,161.14,12.9,0.0,174.04,2025-02-03 15:24:48
2240,TXN-002240,1,2025-05-15 19:14:06,,CARD,10,117.52,9.13,3.54,123.11,2025-05-15 19:14:06
2241,TXN-002241,1,2024-03-26 12:07:43,1,CASH,8,140.0,11.2,0.0,151.2,2024-03-26 12:07:43
2242,TXN-002242,1,2024-05-31 13:09:18,252,CARD,15,314.91,24.87,4.09,335.69,2024-05-31 13:09:18
2243,TXN-002243,1,2024-04-14 19:15:51,440,CARD,14,242.52,18.82,7.36,253.98,2024-04-14 19:15:51
2244,TXN-002244,1,2025-04-21 13:46:32,330,CARD,3,126.8,10.14,0.0,136.94,2025-04-21 13:46:32
2245,TXN-002245,1,2024-07-05 13:37:22,,CARD,7,168.95,13.4,1.47,180.88,2024-07-05 13:37:22
2246,TXN-002246,1,2024-12-23 15:00:39,459,EWALLET,9,247.43,19.52,3.49,263.46,2024-12-23 15:00:39
2247,TXN-002247,1,2024-02-26 17:09:51,,CARD,13,204.97,16.31,1.11,220.17,2024-02-26 17:09:51
2248,TXN-002248,1,2025-04-24 14:45:29,,CARD,7,129.12,10.08,3.12,136.08,2025-04-24 14:45:29
2249,TXN-002249,1,2025-02-25 10:38:17,52,CARD,4,151.42,12.12,0.0,163.54,2025-02-25 10:38:17
2250,TXN-002250,1,2025-02-25 17:59:18,,CARD,8,216.0,17.09,2.31,230.78,2025-02-25 17:59:18
2251,TXN-002251,1,2024-09-07 12:20:41,69,CARD,13,176.53,14.01,1.38,189.16,2024-09-07 12:20:41
2252,TXN-002252,1,2024-12-14 13:49:49,,CARD,18,227.04,16.67,18.49,225.22,2024-12-14 13:49:49
2253,TXN-002253,1,2024-05-02 14:20:46,,CASH,11,101.93,7.94,2.69,107.18,2024-05-02 14:20:46
2254,TXN-002254,1,2025-01-09 15:12:37,466,CARD,5,49.79,3.81,2.16,51.44,2025-01-09 15:12:37
2255,TXN-002255,1,2025-03-25 21:26:49,240,CARD,13,235.7,18.72,1.52,252.9,2025-03-25 21:26:49
2256,TXN-002256,1,2025-03-11 09:28:44,15,CARD,5,47.5,3.79,0.0,51.29,2025-03-11 09:28:44
2257,TXN-002257,1,2024-09-03 21:56:59,430,EWALLET,2,13.86,1.09,0.23,14.72,2024-09-03 21:56:59
2258,TXN-002258,1,2025-01-22 20:16:45,362,CARD,13,275.01,21.81,2.41,294.41,2025-01-22 20:16:45
2259,TXN-002259,1,2024-04-30 15:01:21,,CARD,5,26.76,2.14,0.0,28.9,2024-04-30 15:01:21
2260,TXN-002260,1,2025-01-05 12:30:43,420,CARD,18,332.39,24.88,21.53,335.74,2025-01-05 12:30:43
2261,TXN-002261,1,2024-01-29 15:44:53,103,CARD,6,111.84,8.95,0.0,120.79,2024-01-29 15:44:53
2262,TXN-002262,1,2024-02-27 17:50:49,,CARD,9,103.38,8.27,0.0,111.65,2024-02-27 17:50:49
2263,TXN-002263,1,2025-02-16 15:39:01,70,CARD,8,122.76,8.92,11.38,120.3,2025-02-16 15:39:01
2264,TXN-002264,1,2024-06-17 11:09:40,,EWALLET,16,384.53,30.29,5.97,408.85,2024-06-17 11:09:40
2265,TXN-002265,1,2024-09-09 13:34:01,,CARD,4,92.07,7.37,0.0,99.44,2024-09-09 13:34:01
2266,TXN-002266,1,2025-05-08 17:23:37,171,CARD,6,64.96,5.19,0.0,70.15,2025-05-08 17:23:37
2267,TXN-002267,1,2024-04-08 16:09:55,,CARD,12,257.01,20.32,3.05,274.28,2024-04-08 16:09:55
2268,TXN-002268,1,2024-10-19 10:06:15,463,CASH,13,282.76,21.62,12.42,291.96,2024-10-19 10:06:15
2269,TXN-002269,1,2024-10-31 12:52:25,,CARD,11,264.97,21.21,0.0,286.18,2024-10-31 12:52:25
2270,TXN-002270,1,2024-06-27 14:18:12,109,CARD,10,170.02,13.6,0.0,183.62,2024-06-27 14:18:12
2271,TXN-002271,1,2024-05-11 10:00:19,430,CASH,13,223.99,16.47,18.07,222.39,2024-05-11 10:00:19
2272,TXN-002272,1,2025-03-07 20:14:57,289,CARD,6,171.52,13.28,5.44,179.36,2025-03-07 20:14:57
2273,TXN-002273,1,2024-04-12 12:37:07,126,CARD,12,172.32,13.78,0.06,186.04,2024-04-12 12:37:07
2274,TXN-002274,1,2024-10-30 12:27:51,,CARD,9,106.03,8.42,0.81,113.64,2024-10-30 12:27:51
2275,TXN-002275,1,2024-05-22 13:41:49,362,CASH,11,180.88,14.39,1.08,194.19,2024-05-22 13:41:49
2276,TXN-002276,1,2025-05-08 17:44:15,,CARD,14,335.05,26.12,8.55,352.62,2025-05-08 17:44:15
2277,TXN-002277,1,2024-08-23 15:39:21,,CARD,3,14.19,1.14,0.0,15.33,2024-08-23 15:39:21
2278,TXN-002278,1,2024-11-10 13:57:15,246,CASH,14,184.56,14.42,4.29,194.69,2024-11-10 13:57:15
2279,TXN-002279,1,2025-02-20 11:13:35,194,CASH,7,259.86,20.78,0.0,280.64,2025-02-20 11:13:35
2280,TXN-002280,1,2024-10-30 21:41:45,,CARD,7,126.74,10.08,0.8,136.02,2024-10-30 21:41:45
2281,TXN-002281,1,2024-01-26 16:21:22,,CASH,6,133.58,10.6,0.98,143.2,2024-01-26 16:21:22
2282,TXN-002282,1,2024-08-31 17:50:01,150,CASH,10,172.48,13.38,5.24,180.62,2024-08-31 17:50:01
2283,TXN-002283,1,2025-02-17 14:31:47,306,CARD,9,202.26,15.9,3.48,214.68,2025-02-17 14:31:47
2284,TXN-002284,1,2024-04-21 09:59:41,,CARD,11,123.42,9.52,4.3,128.64,2024-04-21 09:59:41
2285,TXN-002285,1,2025-05-09 11:52:29,22,CASH,16,252.84,19.87,4.5,268.21,2025-05-09 11:52:29
2286,TXN-002286,1,2024-04-26 16:55:44,417,CASH,4,52.87,4.22,0.0,57.09,2024-04-26 16:55:44
2287,TXN-002287,1,2025-02-25 09:43:01,,CARD,3,64.19,5.14,0.0,69.33,2025-02-25 09:43:01
2288,TXN-002288,1,2024-11-12 19:56:32,,CARD,10,98.9,7.91,0.0,106.81,2024-11-12 19:56:32
2289,TXN-002289,1,2024-05-29 13:23:49,282,CASH,10,164.16,12.57,7.04,169.69,2024-05-29 13:23:49
2290,TXN-002290,1,2024-05-23 15:38:26,323,EWALLET,12,165.39,12.89,4.2,174.08,2024-05-23 15:38:26
2291,TXN-002291,1,2024-11-10 16:16:36,,CARD,12,259.52,20.04,9.04,270.52,2024-11-10 16:16:36
2292,TXN-002292,1,2024-09-22 19:08:44,305,CARD,12,305.12,22.84,19.74,308.22,2024-09-22 19:08:44
2293,TXN-002293,1,2024-01-20 18:10:19,,CARD,17,312.76,24.14,11.05,325.85,2024-01-20 18:10:19
2294,TXN-002294,1,2025-02-07 17:40:08,53,CARD,4,99.34,7.81,1.66,105.49,2025-02-07 17:40:08
2295,TXN-002295,1,2024-01-12 20:12:45,188,CASH,16,468.98,37.18,4.2,501.96,2024-01-12 20:12:45
2296,TXN-002296,1,2024-04-08 15:43:45,3,EWALLET,4,129.38,10.35,0.0,139.73,2024-04-08 15:43:45
2297,TXN-002297,1,2024-08-26 16:28:13,360,CARD,7,94.34,7.46,1.08,100.72,2024-08-26 16:28:13
2298,TXN-002298,1,2025-05-16 19:22:29,442,CARD,7,173.7,13.66,3.0,184.36,2025-05-16 19:22:29
2299,TXN-002299,1,2024-03-12 08:45:35,284,CARD,15,373.72,29.72,2.28,401.16,2024-03-12 08:45:35
2300,TXN-002300,1,2024-12-20 15:39:26,,CARD,9,282.79,22.26,4.6,300.45,2024-12-20 15:39:26
2301,TXN-002301,1,2024-03-23 19:29:47,,EWALLET,11,53.59,4.05,3.12,54.52,2024-03-23 19:29:47
2302,TXN-002302,1,2025-01-19 17:08:15,202,CARD,19,364.49,27.06,26.39,365.16,2025-01-19 17:08:15
2303,TXN-002303,1,2024-11-29 14:37:18,,CASH,14,253.01,19.81,5.34,267.48,2024-11-29 14:37:18
2304,TXN-002304,1,2025-05-23 20:49:34,,EWALLET,9,108.03,8.64,0.0,116.67,2025-05-23 20:49:34
2305,TXN-002305,1,2024-06-12 15:45:28,322,CARD,12,237.88,19.03,0.0,256.91,2024-06-12 15:45:28
2306,TXN-002306,1,2024-10-23 19:11:07,,EWALLET,5,147.24,11.78,0.0,159.02,2024-10-23 19:11:07
2307,TXN-002307,1,2024-07-13 14:33:23,,CARD,11,180.82,13.96,6.21,188.57,2024-07-13 14:33:23
2308,TXN-002308,1,2024-04-13 21:10:12,,CARD,21,498.44,39.5,4.5,533.44,2024-04-13 21:10:12
2309,TXN-002309,1,2024-09-11 08:33:04,412,CASH,14,227.03,18.16,0.0,245.19,2024-09-11 08:33:04
2310,TXN-002310,1,2024-08-11 08:03:53,334,CARD,16,282.49,21.94,8.28,296.15,2024-08-11 08:03:53
2311,TXN-002311,1,2024-02-04 09:20:09,12,CARD,17,245.43,17.9,21.73,241.6,2024-02-04 09:20:09
2312,TXN-002312,1,2025-02-15 19:21:24,,CARD,9,207.35,16.29,3.8,219.84,2025-02-15 19:21:24
2313,TXN-002313,1,2024-12-05 12:40:44,324,EWALLET,3,50.31,4.03,0.0,54.34,2024-12-05 12:40:44
2314,TXN-002314,1,2024-10-30 14:06:39,454,CASH,4,122.97,9.84,0.0,132.81,2024-10-30 14:06:39
2315,TXN-002315,1,2024-04-08 08:58:59,218,EWALLET,14,325.76,25.62,5.56,345.82,2024-04-08 08:58:59
2316,TXN-002316,1,2025-01-21 17:00:51,290,CARD,10,204.53,16.37,0.0,220.9,2025-01-21 17:00:51
2317,TXN-002317,1,2024-12-10 15:24:23,,CARD,9,254.93,20.39,0.0,275.32,2024-12-10 15:24:23
2318,TXN-002318,1,2024-12-07 11:15:37,,CARD,14,349.16,27.49,5.71,370.94,2024-12-07 11:15:37
2319,TXN-002319,1,2024-01-27 17:09:14,274,CASH,13,134.9,10.51,3.54,141.87,2024-01-27 17:09:14
2320,TXN-002320,1,2024-09-05 13:17:34,281,CASH,8,121.38,9.71,0.0,131.09,2024-09-05 13:17:34
2321,TXN-002321,1,2025-04-23 19:29:51,321,EWALLET,14,258.48,20.4,3.66,275.22,2025-04-23 19:29:51
2322,TXN-002322,1,2024-05-04 15:56:30,,CARD,23,260.3,20.81,0.38,280.73,2024-05-04 15:56:30
2323,TXN-002323,1,2024-10-14 10:39:36,,CARD,21,350.2,27.89,1.83,376.26,2024-10-14 10:39:36
2324,TXN-002324,1,2024-03-24 19:36:43,451,CARD,14,201.19,15.81,3.51,213.49,2024-03-24 19:36:43
2325,TXN-002325,1,2024-09-17 13:29:35,142,CARD,12,245.95,19.62,0.68,264.89,2024-09-17 13:29:35
2326,TXN-002326,1,2024-01-01 11:22:15,,CASH,16,227.13,17.81,4.43,240.51,2024-01-01 11:22:15
2327,TXN-002327,1,2025-03-07 19:57:39,,CARD,11,190.22,14.81,5.17,199.86,2025-03-07 19:57:39
2328,TXN-002328,1,2024-06-19 19:19:06,,EWALLET,4,114.6,9.16,0.0,123.76,2024-06-19 19:19:06
2329,TXN-002329,1,2024-06-30 20:56:49,,CASH,19,446.91,34.11,20.6,460.42,2024-06-30 20:56:49
2330,TXN-002330,1,2024-11-16 22:20:02,189,CASH,21,178.35,13.09,14.72,176.72,2024-11-16 22:20:02
2331,TXN-002331,1,2024-01-07 14:54:04,81,CASH,17,408.77,31.65,13.02,427.4,2024-01-07 14:54:04
2332,TXN-002332,1,2024-07-19 22:28:58,,CARD,4,52.07,4.17,0.0,56.24,2024-07-19 22:28:58
2333,TXN-002333,1,2025-04-14 20:25:27,,CARD,14,141.83,11.26,1.26,151.83,2025-04-14 20:25:27
2334,TXN-002334,1,2024-09-07 13:36:09,,CARD,14,271.26,20.31,17.5,274.07,2024-09-07 13:36:09
2335,TXN-002335,1,2025-05-07 10:53:48,,CASH,5,86.88,6.64,3.9,89.62,2025-05-07 10:53:48
2336,TXN-002336,1,2024-06-17 15:30:20,274,CASH,17,302.93,24.24,0.0,327.17,2024-06-17 15:30:20
2337,TXN-002337,1,2024-11-16 17:13:40,,CARD,9,108.21,8.37,3.57,113.01,2024-11-16 17:13:40
2338,TXN-002338,1,2025-03-07 15:55:58,190,EWALLET,2,36.5,2.92,0.0,39.42,2025-03-07 15:55:58
2339,TXN-002339,1,2024-11-15 14:29:23,332,EWALLET,5,36.75,2.94,0.0,39.69,2024-11-15 14:29:23
2340,TXN-002340,1,2024-09-25 11:17:52,,CASH,6,175.95,14.07,0.0,190.02,2024-09-25 11:17:52
2341,TXN-002341,1,2024-07-26 11:19:51,42,CARD,4,108.64,8.68,0.0,117.32,2024-07-26 11:19:51
2342,TXN-002342,1,2024-03-02 19:57:43,162,EWALLET,22,262.11,18.58,29.93,250.76,2024-03-02 19:57:43
2343,TXN-002343,1,2024-01-14 16:06:37,,CARD,8,279.4,22.0,4.42,296.98,2024-01-14 16:06:37
2344,TXN-002344,1,2024-03-30 15:05:48,303,CARD,19,208.5,16.48,2.63,222.35,2024-03-30 15:05:48
2345,TXN-002345,1,2024-02-08 09:59:30,426,CARD,11,290.42,23.23,0.0,313.65,2024-02-08 09:59:30
2346,TXN-002346,1,2024-03-30 17:47:16,,CARD,16,245.53,18.94,8.92,255.55,2024-03-30 17:47:16
2347,TXN-002347,1,2024-04-19 18:31:32,271,CARD,5,89.44,7.16,0.0,96.6,2024-04-19 18:31:32
2348,TXN-002348,1,2024-11-20 20:28:46,,CARD,6,167.4,13.22,2.1,178.52,2024-11-20 20:28:46
2349,TXN-002349,1,2024-03-12 18:39:02,,CARD,5,180.33,13.91,6.51,187.73,2024-03-12 18:39:02
2350,TXN-002350,1,2025-01-01 12:50:46,468,CARD,6,167.54,13.12,3.47,177.19,2025-01-01 12:50:46
2351,TXN-002351,1,2024-07-17 11:26:11,286,CARD,5,74.01,5.92,0.0,79.93,2024-07-17 11:26:11
2352,TXN-002352,1,2024-01-09 20:04:51,212,CARD,2,28.07,2.14,1.31,28.9,2024-01-09 20:04:51
2353,TXN-002353,1,2024-04-25 17:43:25,2,CASH,9,122.31,9.3,6.11,125.5,2024-04-25 17:43:25
2354,TXN-002354,1,2024-10-20 15:17:17,,CASH,10,235.95,17.62,15.72,237.85,2024-10-20 15:17:17
2355,TXN-002355,1,2024-12-20 18:39:29,218,CARD,3,69.46,5.56,0.0,75.02,2024-12-20 18:39:29
2356,TXN-002356,1,2025-01-08 11:17:32,66,CASH,7,41.04,3.23,0.68,43.59,2025-01-08 11:17:32
2357,TXN-002357,1,2025-03-02 19:54:59,400,CARD,11,266.99,20.72,7.99,279.72,2025-03-02 19:54:59
2358,TXN-002358,1,2025-03-04 17:03:44,269,CASH,12,424.39,33.44,6.37,451.46,2025-03-04 17:03:44
2359,TXN-002359,1,2024-01-27 19:56:27,,EWALLET,14,208.08,16.13,6.46,217.75,2024-01-27 19:56:27
2360,TXN-002360,1,2024-02-12 14:03:26,450,CARD,17,408.53,32.11,7.37,433.27,2024-02-12 14:03:26
2361,TXN-002361,1,2024-06-13 17:00:33,55,EWALLET,15,386.13,30.41,6.2,410.34,2024-06-13 17:00:33
2362,TXN-002362,1,2024-12-24 18:20:34,193,CARD,4,20.91,1.67,0.0,22.58,2024-12-24 18:20:34
2363,TXN-002363,1,2024-08-05 19:21:29,433,CARD,7,221.14,17.66,0.44,238.36,2024-08-05 19:21:29
2364,TXN-002364,1,2024-07-08 20:16:25,36,CASH,8,205.22,16.38,0.4,221.2,2024-07-08 20:16:25
2365,TXN-002365,1,2024-12-04 21:57:18,,EWALLET,22,425.57,33.96,0.96,458.57,2024-12-04 21:57:18
2366,TXN-002366,1,2024-05-12 14:09:56,,CASH,20,488.28,38.06,12.56,513.78,2024-05-12 14:09:56
2367,TXN-002367,1,2024-08-24 08:27:46,23,CARD,12,341.45,26.85,5.94,362.36,2024-08-24 08:27:46
2368,TXN-002368,1,2025-03-31 14:24:32,,EWALLET,2,30.12,2.41,0.0,32.53,2025-03-31 14:24:32
2369,TXN-002369,1,2024-12-16 14:44:29,,CASH,15,327.27,26.18,0.0,353.45,2024-12-16 14:44:29
2370,TXN-002370,1,2025-03-13 13:55:32,20,CARD,3,112.46,8.79,2.62,118.63,2025-03-13 13:55:32
2371,TXN-002371,1,2025-04-15 11:28:42,356,CARD,2,52.62,4.0,2.63,53.99,2025-04-15 11:28:42
2372,TXN-002372,1,2024-05-29 13:49:15,114,CARD,15,196.99,15.5,3.37,209.12,2024-05-29 13:49:15
2373,TXN-002373,1,2024-07-01 11:03:54,399,CARD,15,259.91,20.8,0.0,280.71,2024-07-01 11:03:54
2374,TXN-002374,1,2024-05-01 14:18:38,452,EWALLET,9,287.16,22.97,0.0,310.13,2024-05-01 14:18:38
2375,TXN-002375,1,2025-02-12 11:06:59,,CARD,5,94.64,7.58,0.0,102.22,2025-02-12 11:06:59
2376,TXN-002376,1,2024-10-28 16:31:55,65,CARD,11,125.27,10.03,0.0,135.3,2024-10-28 16:31:55
2377,TXN-002377,1,2025-01-08 18:20:36,46,CARD,15,344.63,27.19,4.77,367.05,2025-01-08 18:20:36
2378,TXN-002378,1,2025-04-04 21:42:52,,CARD,3,95.03,7.61,0.0,102.64,2025-04-04 21:42:52
2379,TXN-002379,1,2025-04-20 19:48:44,,CARD,18,309.91,24.65,1.91,332.65,2025-04-20 19:48:44
2380,TXN-002380,1,2024-09-02 16:08:57,414,CARD,8,117.26,9.34,0.45,126.15,2024-09-02 16:08:57
2381,TXN-002381,1,2024-04-25 13:53:10,257,CASH,10,177.07,14.09,0.98,190.18,2024-04-25 13:53:10
2382,TXN-002382,1,2025-04-21 18:28:31,87,CARD,8,250.38,20.03,0.0,270.41,2025-04-21 18:28:31
2383,TXN-002383,1,2024-09-19 12:26:59,326,EWALLET,14,263.8,20.85,3.24,281.41,2024-09-19 12:26:59
2384,TXN-002384,1,2025-03-23 14:06:29,20,EWALLET,19,372.64,29.2,7.72,394.12,2025-03-23 14:06:29
2385,TXN-002385,1,2024-08-30 16:18:17,348,CARD,5,89.43,7.16,0.0,96.59,2024-08-30 16:18:17
2386,TXN-002386,1,2024-11-12 13:02:55,22,EWALLET,6,111.44,8.91,0.0,120.35,2024-11-12 13:02:55
2387,TXN-002387,1,2025-01-25 12:22:46,290,EWALLET,19,384.34,29.21,19.28,394.27,2025-01-25 12:22:46
2388,TXN-002388,1,2025-02-22 19:07:32,151,CARD,16,457.35,35.93,8.1,485.18,2025-02-22 19:07:32
2389,TXN-002389,1,2024-02-20 13:15:26,,CASH,3,11.47,0.92,0.0,12.39,2024-02-20 13:15:26
2390,TXN-002390,1,2025-02-28 13:05:16,,CARD,9,175.06,13.87,1.7,187.23,2025-02-28 13:05:16
2391,TXN-002391,1,2024-05-18 14:34:04,55,CARD,14,345.87,26.39,16.11,356.15,2024-05-18 14:34:04
2392,TXN-002392,1,2025-04-08 15:04:29,28,CASH,7,126.27,10.11,0.0,136.38,2025-04-08 15:04:29
2393,TXN-002393,1,2024-03-10 19:38:34,,CASH,6,84.62,6.41,4.52,86.51,2024-03-10 19:38:34
2394,TXN-002394,1,2024-06-17 19:24:19,112,CARD,6,169.41,13.52,0.29,182.64,2024-06-17 19:24:19
2395,TXN-002395,1,2025-04-29 14:43:04,95,CARD,3,40.24,3.22,0.0,43.46,2025-04-29 14:43:04
2396,TXN-002396,1,2024-04-25 16:45:02,,CARD,12,87.69,6.99,0.44,94.24,2024-04-25 16:45:02
2397,TXN-002397,1,2024-01-29 11:13:41,19,CARD,11,245.45,19.63,0.0,265.08,2024-01-29 11:13:41
2398,TXN-002398,1,2025-01-14 18:41:12,,EWALLET,14,368.38,29.39,1.24,396.53,2025-01-14 18:41:12
2399,TXN-002399,1,2025-03-01 12:03:23,160,EWALLET,9,113.69,8.48,7.7,114.47,2025-03-01 12:03:23
2400,TXN-002400,1,2024-03-13 11:29:54,,CARD,3,25.96,2.08,0.0,28.04,2024-03-13 11:29:54
2401,TXN-002401,1,2024-06-17 19:49:09,311,EWALLET,11,290.79,22.49,9.64,303.64,2024-06-17 19:49:09
2402,TXN-002402,1,2024-05-30 22:31:51,401,CASH,10,244.41,19.04,6.45,257.0,2024-05-30 22:31:51
2403,TXN-002403,1,2024-07-09 19:32:52,321,CARD,3,61.19,4.9,0.0,66.09,2024-07-09 19:32:52
2404,TXN-002404,1,2025-03-15 13:02:33,,CARD,11,216.01,16.39,11.09,221.31,2025-03-15 13:02:33
2405,TXN-002405,1,2024-01-30 09:12:33,284,EWALLET,4,100.41,7.96,0.92,107.45,2024-01-30 09:12:33
2406,TXN-002406,1,2024-10-19 14:45:47,,EWALLET,25,489.5,37.24,23.98,502.76,2024-10-19 14:45:47
2407,TXN-002407,1,2024-11-12 16:41:16,313,CASH,12,161.16,12.89,0.0,174.05,2024-11-12 16:41:16
2408,TXN-002408,1,2024-03-21 14:51:09,265,CARD,5,46.98,3.76,0.0,50.74,2024-03-21 14:51:09
2409,TXN-002409,1,2025-02-25 09:11:50,,EWALLET,13,248.58,19.69,2.4,265.87,2025-02-25 09:11:50
2410,TXN-002410,1,2025-03-26 22:44:48,138,EWALLET,12,218.67,17.26,2.94,232.99,2025-03-26 22:44:48
2411,TXN-002411,1,2025-01-28 18:24:07,193,CARD,6,212.48,16.99,0.16,229.31,2025-01-28 18:24:07
2412,TXN-002412,1,2024-03-03 16:16:48,152,CASH,8,150.33,11.67,4.52,157.48,2024-03-03 16:16:48
2413,TXN-002413,1,2024-12-25 16:05:31,241,CARD,9,163.36,13.04,0.27,176.13,2024-12-25 16:05:31
2414,TXN-002414,1,2024-05-29 15:26:37,219,EWALLET,6,81.58,6.51,0.24,87.85,2024-05-29 15:26:37
2415,TXN-002415,1,2024-04-28 12:42:52,,CASH,17,455.7,34.27,27.45,462.52,2024-04-28 12:42:52
2416,TXN-002416,1,2024-02-05 15:23:02,,EWALLET,7,145.43,11.64,0.0,157.07,2024-02-05 15:23:02
2417,TXN-002417,1,2024-10-12 15:54:47,291,CASH,8,258.8,20.36,4.3,274.86,2024-10-12 15:54:47
2418,TXN-002418,1,2024-06-30 14:58:57,265,CARD,13,177.35,13.42,9.59,181.18,2024-06-30 14:58:57
2419,TXN-002419,1,2024-02-17 22:49:32,456,EWALLET,10,189.03,14.97,1.87,202.13,2024-02-17 22:49:32
2420,TXN-002420,1,2024-04-19 21:54:05,200,CARD,13,166.81,13.34,0.0,180.15,2024-04-19 21:54:05
2421,TXN-002421,1,2024-05-04 09:24:34,4,CARD,17,247.73,19.62,2.62,264.73,2024-05-04 09:24:34
2422,TXN-002422,1,2024-12-30 20:37:49,452,CARD,10,311.57,24.92,0.0,336.49,2024-12-30 20:37:49
2423,TXN-002423,1,2024-09-09 21:22:36,50,CARD,4,91.92,7.35,0.0,99.27,2024-09-09 21:22:36
2424,TXN-002424,1,2025-03-20 15:58:45,,EWALLET,8,235.62,18.44,5.09,248.97,2025-03-20 15:58:45
2425,TXN-002425,1,2024-11-26 11:18:55,,CASH,6,128.44,10.09,2.34,136.19,2024-11-26 11:18:55
2426,TXN-002426,1,2024-03-16 16:47:58,,CARD,7,110.58,8.42,5.46,113.54,2024-03-16 16:47:58
2427,TXN-002427,1,2024-09-29 14:06:50,194,CARD,12,356.3,25.82,33.72,348.4,2024-09-29 14:06:50
2428,TXN-002428,1,2025-04-21 22:50:15,374,CARD,9,152.06,12.17,0.0,164.23,2025-04-21 22:50:15
2429,TXN-002429,1,2025-05-05 11:50:29,,EWALLET,9,149.02,11.81,1.36,159.47,2025-05-05 11:50:29
2430,TXN-002430,1,2025-05-03 14:00:05,,CARD,23,543.95,41.58,24.19,561.34,2025-05-03 14:00:05
2431,TXN-002431,1,2024-02-24 14:56:10,,CARD,12,295.07,22.32,15.85,301.54,2024-02-24 14:56:10
2432,TXN-002432,1,2024-10-10 09:13:24,42,CARD,3,38.22,3.06,0.0,41.28,2024-10-10 09:13:24
2433,TXN-002433,1,2024-04-24 18:25:30,119,CASH,9,333.27,26.67,0.0,359.94,2024-04-24 18:25:30
2434,TXN-002434,1,2024-07-10 16:43:38,175,CARD,8,152.8,12.22,0.0,165.02,2024-07-10 16:43:38
2435,TXN-002435,1,2025-03-06 14:56:28,377,CARD,5,136.65,10.6,4.14,143.11,2025-03-06 14:56:28
2436,TXN-002436,1,2024-08-07 14:39:36,,CARD,9,288.41,23.07,0.0,311.48,2024-08-07 14:39:36
2437,TXN-002437,1,2024-04-27 16:13:13,121,EWALLET,10,293.13,23.44,0.0,316.57,2024-04-27 16:13:13
2438,TXN-002438,1,2025-05-12 15:16:45,339,CASH,6,18.32,1.47,0.0,19.79,2025-05-12 15:16:45
2439,TXN-002439,1,2025-05-28 14:36:03,164,CARD,10,198.98,15.64,3.54,211.08,2025-05-28 14:36:03
2440,TXN-002440,1,2025-02-24 17:01:01,85,CARD,9,117.25,9.24,1.74,124.75,2025-02-24 17:01:01
2441,TXN-002441,1,2024-08-14 21:51:31,325,CASH,6,110.78,8.86,0.0,119.64,2024-08-14 21:51:31
2442,TXN-002442,1,2025-03-08 13:29:22,30,CARD,27,423.22,30.82,37.94,416.1,2025-03-08 13:29:22
2443,TXN-002443,1,2024-10-24 13:20:55,,CARD,6,121.32,9.71,0.0,131.03,2024-10-24 13:20:55
2444,TXN-002444,1,2024-02-22 17:16:53,447,CASH,6,131.4,10.0,6.44,134.96,2024-02-22 17:16:53
2445,TXN-002445,1,2024-09-07 16:35:57,,EWALLET,13,212.7,16.62,5.0,224.32,2024-09-07 16:35:57
2446,TXN-002446,1,2024-10-17 09:17:21,197,CASH,7,183.61,14.69,0.0,198.3,2024-10-17 09:17:21
2447,TXN-002447,1,2024-03-28 09:27:29,,EWALLET,18,389.04,30.55,7.18,412.41,2024-03-28 09:27:29
2448,TXN-002448,1,2024-03-08 10:02:34,275,EWALLET,4,32.93,2.6,0.36,35.17,2024-03-08 10:02:34
2449,TXN-002449,1,2025-04-17 14:16:39,262,CARD,15,158.41,12.68,0.0,171.09,2025-04-17 14:16:39
2450,TXN-002450,1,2024-11-26 18:15:22,453,CASH,4,143.14,11.46,0.0,154.6,2024-11-26 18:15:22
2451,TXN-002451,1,2025-05-27 11:51:18,,CARD,13,120.65,9.65,0.0,130.3,2025-05-27 11:51:18
2452,TXN-002452,1,2024-05-29 17:30:45,440,CARD,11,150.68,11.77,3.49,158.96,2024-05-29 17:30:45
2453,TXN-002453,1,2024-03-23 21:19:05,181,CARD,6,61.62,4.81,1.48,64.95,2024-03-23 21:19:05
2454,TXN-002454,1,2024-05-14 17:12:47,469,CARD,8,190.62,15.25,0.0,205.87,2024-05-14 17:12:47
2455,TXN-002455,1,2025-05-20 15:19:37,,CARD,9,202.32,16.18,0.0,218.5,2025-05-20 15:19:37
2456,TXN-002456,1,2024-06-28 16:00:22,,CARD,3,80.05,6.09,3.84,82.3,2024-06-28 16:00:22
2457,TXN-002457,1,2024-07-07 21:34:00,,CARD,15,273.72,19.53,29.6,263.65,2024-07-07 21:34:00
2458,TXN-002458,1,2025-05-30 08:07:29,,CASH,12,216.97,17.2,1.92,232.25,2025-05-30 08:07:29
2459,TXN-002459,1,2025-04-18 17:22:13,324,EWALLET,8,145.34,11.59,0.5,156.43,2025-04-18 17:22:13
2460,TXN-002460,1,2024-11-25 15:19:30,45,CARD,5,99.82,7.99,0.0,107.81,2024-11-25 15:19:30
2461,TXN-002461,1,2025-04-24 16:50:24,,CARD,7,65.03,5.1,1.24,68.89,2025-04-24 16:50:24
2462,TXN-002462,1,2024-12-24 14:30:37,295,EWALLET,14,111.96,8.6,4.36,116.2,2024-12-24 14:30:37
2463,TXN-002463,1,2024-11-10 14:52:46,60,CARD,9,153.79,11.06,15.42,149.43,2024-11-10 14:52:46
2464,TXN-002464,1,2024-06-07 13:11:19,20,CASH,18,477.31,38.05,1.7,513.66,2024-06-07 13:11:19
2465,TXN-002465,1,2024-12-29 20:17:51,,CARD,11,184.42,13.53,15.32,182.63,2024-12-29 20:17:51
2466,TXN-002466,1,2024-10-03 15:31:54,25,EWALLET,9,256.22,20.13,4.56,271.79,2024-10-03 15:31:54
2467,TXN-002467,1,2024-07-10 16:24:23,,CARD,3,46.97,3.76,0.0,50.73,2024-07-10 16:24:23
2468,TXN-002468,1,2025-04-03 16:13:12,1,CASH,13,216.84,16.78,6.96,226.66,2025-04-03 16:13:12
2469,TXN-002469,1,2024-03-05 11:49:25,,CARD,16,380.98,29.62,10.74,399.86,2024-03-05 11:49:25
2470,TXN-002470,1,2024-09-24 15:30:21,,CARD,12,198.78,15.51,4.9,209.39,2024-09-24 15:30:21
2471,TXN-002471,1,2024-10-02 09:09:58,,CASH,5,81.81,6.26,3.66,84.41,2024-10-02 09:09:58
2472,TXN-002472,1,2024-11-13 14:20:38,89,CASH,3,15.04,1.2,0.0,16.24,2024-11-13 14:20:38
2473,TXN-002473,1,2025-01-11 09:00:09,174,CARD,14,432.03,33.17,17.62,447.58,2025-01-11 09:00:09
2474,TXN-002474,1,2024-09-10 22:53:28,259,CARD,12,204.45,16.28,0.97,219.76,2024-09-10 22:53:28
2475,TXN-002475,1,2024-05-29 14:35:11,36,CARD,7,102.71,8.21,0.0,110.92,2024-05-29 14:35:11
2476,TXN-002476,1,2025-02-13 20:53:14,,CASH,4,50.6,4.05,0.0,54.65,2025-02-13 20:53:14
2477,TXN-002477,1,2024-03-10 18:03:43,373,CARD,5,113.19,8.89,2.1,119.98,2024-03-10 18:03:43
2478,TXN-002478,1,2025-05-16 16:44:29,464,CARD,13,344.21,27.53,0.0,371.74,2025-05-16 16:44:29
2479,TXN-002479,1,2024-07-16 22:36:30,,CASH,11,219.46,17.55,0.0,237.01,2024-07-16 22:36:30
2480,TXN-002480,1,2024-01-25 13:42:25,379,CASH,7,163.79,13.11,0.0,176.9,2024-01-25 13:42:25
2481,TXN-002481,1,2024-05-31 14:36:15,,CASH,8,149.37,11.95,0.0,161.32,2024-05-31 14:36:15
2482,TXN-002482,1,2024-04-16 17:29:42,108,CARD,7,136.73,10.94,0.0,147.67,2024-04-16 17:29:42
2483,TXN-002483,1,2024-07-25 13:22:14,,CARD,7,166.12,13.18,1.48,177.82,2024-07-25 13:22:14
2484,TXN-002484,1,2024-02-07 13:44:29,373,CARD,15,269.65,21.58,0.0,291.23,2024-02-07 13:44:29
2485,TXN-002485,1,2025-03-16 19:18:27,117,CASH,6,144.52,11.32,2.89,152.95,2025-03-16 19:18:27
2486,TXN-002486,1,2024-11-28 20:38:27,,CASH,10,175.15,13.98,0.45,188.68,2024-11-28 20:38:27
2487,TXN-002487,1,2025-03-08 17:53:07,326,CASH,4,96.76,7.74,0.0,104.5,2025-03-08 17:53:07
2488,TXN-002488,1,2024-05-23 16:25:05,98,CASH,14,225.96,18.07,0.0,244.03,2024-05-23 16:25:05
2489,TXN-002489,1,2024-03-20 15:45:11,172,CARD,14,298.02,23.42,5.38,316.06,2024-03-20 15:45:11
2490,TXN-002490,1,2024-07-09 21:37:39,17,EWALLET,11,180.66,14.23,2.85,192.04,2024-07-09 21:37:39
2491,TXN-002491,1,2024-01-07 18:50:10,485,CARD,13,231.47,18.33,2.25,247.55,2024-01-07 18:50:10
2492,TXN-002492,1,2025-05-18 17:25:21,275,EWALLET,16,279.04,22.04,3.63,297.45,2025-05-18 17:25:21
2493,TXN-002493,1,2025-03-02 15:43:51,215,CARD,19,353.47,26.8,18.43,361.84,2025-03-02 15:43:51
2494,TXN-002494,1,2025-02-07 18:37:33,,EWALLET,11,209.0,16.64,0.82,224.82,2025-02-07 18:37:33
2495,TXN-002495,1,2024-06-10 11:23:34,308,CARD,13,289.19,22.58,6.87,304.9,2024-06-10 11:23:34
2496,TXN-002496,1,2024-02-08 13:31:28,345,CARD,20,327.75,25.76,5.71,347.8,2024-02-08 13:31:28
2497,TXN-002497,1,2024-06-08 13:01:01,360,EWALLET,8,171.02,13.68,0.0,184.7,2024-06-08 13:01:01
2498,TXN-002498,1,2024-04-14 22:51:55,218,CARD,17,452.55,32.62,44.8,440.37,2024-04-14 22:51:55
2499,TXN-002499,1,2024-10-01 15:06:31,125,CASH,5,184.6,14.77,0.0,199.37,2024-10-01 15:06:31
2500,TXN-002500,1,2024-09-22 16:12:09,484,CARD,11,234.13,17.51,15.24,236.4,2024-09-22 16:12:09
2501,TXN-002501,1,2025-02-27 13:44:18,,CARD,8,276.52,22.12,0.0,298.64,2025-02-27 13:44:18
2502,TXN-002502,1,2024-12-10 15:28:56,,CARD,5,103.77,8.31,0.0,112.08,2024-12-10 15:28:56
2503,TXN-002503,1,2024-03-22 11:54:32,307,CARD,5,196.44,15.66,0.73,211.37,2024-03-22 11:54:32
2504,TXN-002504,1,2025-04-17 22:30:06,208,CARD,4,70.68,5.65,0.0,76.33,2025-04-17 22:30:06
2505,TXN-002505,1,2024-10-21 16:29:17,451,CARD,7,187.65,15.01,0.0,202.66,2024-10-21 16:29:17
2506,TXN-002506,1,2025-04-05 14:36:01,320,EWALLET,13,238.08,16.9,26.81,228.17,2025-04-05 14:36:01
2507,TXN-002507,1,2025-05-20 11:08:52,,CARD,17,383.26,30.48,2.22,411.52,2025-05-20 11:08:52
2508,TXN-002508,1,2025-04-13 10:21:34,33,CARD,10,255.52,17.82,32.76,240.58,2025-04-13 10:21:34
2509,TXN-002509,1,2024-10-11 16:33:12,,CASH,3,52.8,4.18,0.6,56.38,2024-10-11 16:33:12
2510,TXN-002510,1,2025-05-14 15:28:32,371,CARD,6,78.98,6.24,1.08,84.14,2025-05-14 15:28:32
2511,TXN-002511,1,2024-01-24 20:43:06,,CARD,5,109.29,8.74,0.0,118.03,2024-01-24 20:43:06
2512,TXN-002512,1,2025-01-23 11:05:04,295,EWALLET,19,244.27,19.47,0.82,262.92,2025-01-23 11:05:04
2513,TXN-002513,1,2025-02-05 15:57:24,78,EWALLET,14,186.72,14.93,0.0,201.65,2025-02-05 15:57:24
2514,TXN-002514,1,2024-10-23 12:17:53,295,CASH,6,178.85,13.64,8.35,184.14,2024-10-23 12:17:53
2515,TXN-002515,1,2025-04-30 17:33:49,439,EWALLET,5,69.46,5.56,0.0,75.02,2025-04-30 17:33:49
2516,TXN-002516,1,2024-05-11 08:27:36,,CASH,18,314.72,23.29,23.54,314.47,2024-05-11 08:27:36
2517,TXN-002517,1,2024-07-11 11:06:48,173,CARD,5,171.9,13.76,0.0,185.66,2024-07-11 11:06:48
2518,TXN-002518,1,2024-09-08 13:10:24,300,CASH,11,125.97,10.04,0.73,135.28,2024-09-08 13:10:24
2519,TXN-002519,1,2024-01-23 18:44:07,410,EWALLET,4,40.54,3.21,0.5,43.25,2024-01-23 18:44:07
2520,TXN-002520,1,2024-09-18 11:17:47,305,CARD,11,273.36,21.87,0.0,295.23,2024-09-18 11:17:47
2521,TXN-002521,1,2025-04-07 20:31:44,,EWALLET,4,68.23,5.36,1.27,72.32,2025-04-07 20:31:44
2522,TXN-002522,1,2024-07-08 14:12:42,59,EWALLET,8,135.92,10.88,0.0,146.8,2024-07-08 14:12:42
2523,TXN-002523,1,2024-11-20 16:52:51,,EWALLET,10,346.5,27.24,6.08,367.66,2024-11-20 16:52:51
2524,TXN-002524,1,2024-08-02 16:41:14,414,CARD,7,156.07,12.49,0.0,168.56,2024-08-02 16:41:14
2525,TXN-002525,1,2025-05-26 14:51:40,,CARD,14,170.56,13.45,2.36,181.65,2025-05-26 14:51:40
2526,TXN-002526,1,2024-01-29 18:47:29,,CASH,5,30.19,2.31,1.26,31.24,2024-01-29 18:47:29
2527,TXN-002527,1,2024-10-20 13:28:38,149,CARD,14,113.88,8.53,7.2,115.21,2024-10-20 13:28:38
2528,TXN-002528,1,2024-03-17 18:04:57,459,CARD,16,525.2,41.0,12.62,553.58,2024-03-17 18:04:57
2529,TXN-002529,1,2025-02-23 10:04:10,291,CARD,13,283.58,19.87,35.32,268.13,2025-02-23 10:04:10
2530,TXN-002530,1,2024-12-13 11:23:45,353,CARD,16,232.91,18.33,3.72,247.52,2024-12-13 11:23:45
2531,TXN-002531,1,2024-12-13 15:24:21,,CARD,2,24.7,1.97,0.0,26.67,2024-12-13 15:24:21
2532,TXN-002532,1,2025-02-24 19:39:05,,CARD,4,101.32,8.11,0.0,109.43,2025-02-24 19:39:05
2533,TXN-002533,1,2025-02-21 20:47:50,,CASH,13,220.95,17.5,2.19,236.26,2025-02-21 20:47:50
2534,TXN-002534,1,2024-11-10 21:19:57,90,CARD,10,142.97,10.89,6.97,146.89,2024-11-10 21:19:57
2535,TXN-002535,1,2024-11-29 20:58:53,438,CASH,11,289.5,22.74,5.24,307.0,2024-11-29 20:58:53
2536,TXN-002536,1,2024-01-12 09:25:57,328,CARD,9,78.8,6.3,0.0,85.1,2024-01-12 09:25:57
2537,TXN-002537,1,2025-01-17 13:22:37,,EWALLET,8,235.6,18.27,7.18,246.69,2025-01-17 13:22:37
2538,TXN-002538,1,2024-07-30 13:18:46,,CARD,13,381.91,30.29,3.36,408.84,2024-07-30 13:18:46
2539,TXN-002539,1,2024-02-05 17:37:42,,CARD,9,211.64,16.93,0.0,228.57,2024-02-05 17:37:42
2540,TXN-002540,1,2025-05-21 18:34:53,,CARD,18,372.97,29.09,9.15,392.91,2025-05-21 18:34:53
2541,TXN-002541,1,2024-12-04 12:45:56,346,EWALLET,7,88.77,7.1,0.0,95.87,2024-12-04 12:45:56
2542,TXN-002542,1,2024-03-22 12:42:22,45,CARD,18,282.54,22.58,0.24,304.88,2024-03-22 12:42:22
2543,TXN-002543,1,2025-02-09 16:37:11,223,CARD,15,288.65,21.97,14.05,296.57,2025-02-09 16:37:11
2544,TXN-002544,1,2025-05-07 12:23:32,268,CASH,9,217.03,17.36,0.0,234.39,2025-05-07 12:23:32
2545,TXN-002545,1,2025-01-23 22:33:27,441,CARD,5,184.7,14.63,1.75,197.58,2025-01-23 22:33:27
2546,TXN-002546,1,2024-07-30 17:03:58,106,CASH,19,196.16,15.2,6.15,205.21,2024-07-30 17:03:58
2547,TXN-002547,1,2025-02-23 18:00:41,56,CARD,21,290.25,21.79,18.04,294.0,2025-02-23 18:00:41
2548,TXN-002548,1,2024-12-13 14:40:03,,CARD,7,161.93,12.89,0.78,174.04,2024-12-13 14:40:03
2549,TXN-002549,1,2024-03-17 16:50:09,,CASH,16,366.63,27.08,28.22,365.49,2024-03-17 16:50:09
2550,TXN-002550,1,2025-04-08 15:23:43,339,CARD,15,391.23,31.01,3.66,418.58,2025-04-08 15:23:43
2551,TXN-002551,1,2025-04-16 14:39:22,362,CARD,18,467.05,37.35,0.0,504.4,2025-04-16 14:39:22
2552,TXN-002552,1,2024-03-30 13:49:45,,CARD,7,154.28,11.34,12.56,153.06,2024-03-30 13:49:45
2553,TXN-002553,1,2024-07-08 15:13:13,31,EWALLET,11,141.34,11.31,0.0,152.65,2024-07-08 15:13:13
2554,TXN-002554,1,2024-06-06 18:24:52,19,CARD,11,288.21,23.05,0.08,311.18,2024-06-06 18:24:52
2555,TXN-002555,1,2024-12-05 16:36:30,364,CARD,6,77.6,6.08,1.6,82.08,2024-12-05 16:36:30
2556,TXN-002556,1,2024-11-18 16:00:09,,CARD,12,318.24,25.46,0.0,343.7,2024-11-18 16:00:09
2557,TXN-002557,1,2024-09-21 14:00:13,184,CASH,14,321.53,24.41,16.55,329.39,2024-09-21 14:00:13
2558,TXN-002558,1,2025-03-16 12:53:11,,EWALLET,6,73.24,5.85,0.22,78.87,2025-03-16 12:53:11
2559,TXN-002559,1,2024-05-06 20:58:01,,CASH,8,254.7,20.25,1.67,273.28,2024-05-06 20:58:01
2560,TXN-002560,1,2024-08-06 13:55:31,76,CARD,19,167.47,13.08,4.04,176.51,2024-08-06 13:55:31
2561,TXN-002561,1,2024-03-28 17:24:33,148,CARD,3,99.4,7.78,2.14,105.04,2024-03-28 17:24:33
2562,TXN-002562,1,2024-01-02 09:23:58,6,CARD,14,307.8,24.41,2.74,329.47,2024-01-02 09:23:58
2563,TXN-002563,1,2024-07-24 19:12:44,,CARD,7,164.26,12.87,3.32,173.81,2024-07-24 19:12:44
2564,TXN-002564,1,2024-07-26 14:59:38,,EWALLET,3,74.28,5.94,0.0,80.22,2024-07-26 14:59:38
2565,TXN-002565,1,2024-03-29 17:23:15,,CARD,16,243.89,19.48,0.3,263.07,2024-03-29 17:23:15
2566,TXN-002566,1,2024-10-19 16:21:28,,CARD,16,409.21,32.07,8.32,432.96,2024-10-19 16:21:28
2567,TXN-002567,1,2024-11-13 21:53:15,371,CASH,8,200.47,16.04,0.0,216.51,2024-11-13 21:53:15
2568,TXN-002568,1,2025-02-11 14:55:10,,CARD,14,215.12,17.11,1.2,231.03,2025-02-11 14:55:10
2569,TXN-002569,1,2024-10-16 12:28:09,,CARD,8,230.76,18.01,5.68,243.09,2024-10-16 12:28:09
2570,TXN-002570,1,2025-02-24 16:08:44,,CARD,19,167.09,13.07,3.74,176.42,2025-02-24 16:08:44
2571,TXN-002571,1,2024-02-27 18:29:22,,CASH,11,294.89,23.37,2.85,315.41,2024-02-27 18:29:22
2572,TXN-002572,1,2024-06-27 16:45:28,176,CASH,4,183.22,14.66,0.0,197.88,2024-06-27 16:45:28
2573,TXN-002573,1,2025-01-11 08:57:06,,CARD,20,262.77,20.25,9.66,273.36,2025-01-11 08:57:06
2574,TXN-002574,1,2024-01-03 12:30:05,,CARD,6,93.53,7.48,0.12,100.89,2024-01-03 12:30:05
2575,TXN-002575,1,2025-02-07 15:42:03,,CARD,3,39.67,3.12,0.66,42.13,2025-02-07 15:42:03
2576,TXN-002576,1,2024-08-08 17:36:40,65,EWALLET,14,328.54,25.73,7.04,347.23,2024-08-08 17:36:40
2577,TXN-002577,1,2025-01-03 18:52:07,419,EWALLET,5,101.73,8.14,0.0,109.87,2025-01-03 18:52:07
2578,TXN-002578,1,2025-01-12 22:22:36,324,CARD,7,142.18,10.37,12.5,140.05,2025-01-12 22:22:36
2579,TXN-002579,1,2025-02-15 16:23:31,193,CARD,22,449.5,34.25,21.49,462.26,2025-02-15 16:23:31
2580,TXN-002580,1,2025-05-24 17:46:35,163,CARD,14,202.7,15.33,10.98,207.05,2025-05-24 17:46:35
2581,TXN-002581,1,2024-04-14 11:26:46,,EWALLET,9,272.34,19.89,23.77,268.46,2024-04-14 11:26:46
2582,TXN-002582,1,2024-10-19 08:15:09,202,CARD,8,95.27,7.22,4.89,97.6,2024-10-19 08:15:09
2583,TXN-002583,1,2024-12-24 18:12:58,,EWALLET,8,177.73,14.0,2.8,188.93,2024-12-24 18:12:58
2584,TXN-002584,1,2025-05-01 21:16:04,173,CARD,7,206.51,16.52,0.0,223.03,2025-05-01 21:16:04
2585,TXN-002585,1,2024-01-21 22:39:40,147,CARD,10,142.6,10.2,15.05,137.75,2024-01-21 22:39:40
2586,TXN-002586,1,2024-04-22 14:21:10,,CARD,10,133.78,10.7,0.0,144.48,2024-04-22 14:21:10
2587,TXN-002587,1,2024-02-25 17:38:14,23,EWALLET,8,73.26,5.81,0.66,78.41,2024-02-25 17:38:14
2588,TXN-002588,1,2024-09-22 20:19:29,,CARD,12,253.05,18.73,18.99,252.79,2024-09-22 20:19:29
2589,TXN-002589,1,2025-03-29 16:18:24,,CARD,18,323.11,24.8,13.1,334.81,2025-03-29 16:18:24
2590,TXN-002590,1,2025-05-16 20:20:54,243,CARD,10,307.98,23.73,11.31,320.4,2025-05-16 20:20:54
2591,TXN-002591,1,2024-04-17 15:43:48,,EWALLET,5,52.21,4.17,0.12,56.26,2024-04-17 15:43:48
2592,TXN-002592,1,2024-09-26 12:09:33,480,CARD,13,255.61,20.14,3.8,271.95,2024-09-26 12:09:33
2593,TXN-002593,1,2025-04-09 17:44:17,142,CARD,8,157.81,12.33,3.71,166.43,2025-04-09 17:44:17
2594,TXN-002594,1,2024-09-28 15:04:28,70,EWALLET,11,107.81,8.47,1.8,114.48,2024-09-28 15:04:28
2595,TXN-002595,1,2024-03-18 17:23:15,400,CASH,13,211.17,16.82,0.84,227.15,2024-03-18 17:23:15
2596,TXN-002596,1,2024-09-02 16:06:45,,CARD,15,311.24,24.14,9.52,325.86,2024-09-02 16:06:45
2597,TXN-002597,1,2024-05-20 22:55:51,363,CARD,13,321.67,25.21,6.58,340.3,2024-05-20 22:55:51
2598,TXN-002598,1,2024-10-29 12:26:14,,CARD,5,100.52,7.66,4.8,103.38,2024-10-29 12:26:14
2599,TXN-002599,1,2025-05-06 21:42:10,132,CARD,5,104.92,8.33,0.84,112.41,2025-05-06 21:42:10
2600,TXN-002600,1,2024-06-27 20:57:37,,CASH,10,161.65,12.5,5.38,168.77,2024-06-27 20:57:37
2601,TXN-002601,1,2024-08-17 11:00:46,469,CASH,11,281.34,19.73,34.73,266.34,2024-08-17 11:00:46
2602,TXN-002602,1,2024-08-09 12:23:40,,CARD,7,59.09,4.61,1.48,62.22,2024-08-09 12:23:40
2603,TXN-002603,1,2024-05-10 10:26:23,411,CARD,6,88.1,7.05,0.0,95.15,2024-05-10 10:26:23
2604,TXN-002604,1,2024-11-12 11:07:07,,CASH,4,37.26,2.97,0.18,40.05,2024-11-12 11:07:07
2605,TXN-002605,1,2025-03-03 11:48:04,,CARD,6,127.26,10.18,0.0,137.44,2025-03-03 11:48:04
2606,TXN-002606,1,2024-08-20 11:22:25,,EWALLET,7,132.74,10.1,6.46,136.38,2024-08-20 11:22:25
2607,TXN-002607,1,2024-05-26 11:37:29,218,CASH,19,308.28,21.8,35.71,294.37,2024-05-26 11:37:29
2608,TXN-002608,1,2024-03-08 18:02:02,,CARD,6,122.62,9.61,2.54,129.69,2024-03-08 18:02:02
2609,TXN-002609,1,2024-09-02 13:11:25,,CARD,11,204.01,16.33,0.0,220.34,2024-09-02 13:11:25
2610,TXN-002610,1,2025-04-08 12:18:07,494,CARD,13,300.55,23.29,9.36,314.48,2025-04-08 12:18:07
2611,TXN-002611,1,2024-11-11 13:05:54,12,CARD,14,264.25,20.97,2.16,283.06,2024-11-11 13:05:54
2612,TXN-002612,1,2024-06-30 10:05:05,112,CARD,11,165.25,12.57,8.01,169.81,2024-06-30 10:05:05
2613,TXN-002613,1,2025-02-08 17:57:51,,CARD,10,232.49,18.36,3.03,247.82,2025-02-08 17:57:51
2614,TXN-002614,1,2024-04-25 12:56:58,413,CARD,12,191.94,15.21,1.68,205.47,2024-04-25 12:56:58
2615,TXN-002615,1,2025-02-10 12:59:27,63,CARD,13,307.27,24.53,0.45,331.35,2025-02-10 12:59:27
2616,TXN-002616,1,2024-12-12 14:37:07,29,CASH,3,26.98,2.16,0.0,29.14,2024-12-12 14:37:07
2617,TXN-002617,1,2024-11-13 17:36:15,,CASH,13,136.74,10.89,0.68,146.95,2024-11-13 17:36:15
2618,TXN-002618,1,2024-09-15 11:53:29,,CARD,19,426.74,31.14,37.35,420.53,2024-09-15 11:53:29
2619,TXN-002619,1,2024-11-25 20:13:06,230,CASH,10,242.46,19.32,0.96,260.82,2024-11-25 20:13:06
2620,TXN-002620,1,2024-01-12 10:31:17,370,CARD,10,289.75,23.18,0.0,312.93,2024-01-12 10:31:17
2621,TXN-002621,1,2024-01-19 13:44:02,,CARD,4,134.48,10.75,0.0,145.23,2024-01-19 13:44:02
2622,TXN-002622,1,2024-04-15 19:24:54,379,CASH,17,304.89,24.18,2.55,326.52,2024-04-15 19:24:54
2623,TXN-002623,1,2024-10-05 08:49:30,,CARD,10,257.12,19.98,7.54,269.56,2024-10-05 08:49:30
2624,TXN-002624,1,2024-02-18 14:52:27,122,CARD,11,144.47,11.01,6.86,148.62,2024-02-18 14:52:27
2625,TXN-002625,1,2025-02-01 08:42:43,42,CARD,12,226.9,17.17,12.21,231.86,2025-02-01 08:42:43
2626,TXN-002626,1,2024-10-20 16:49:32,,CARD,16,299.0,23.83,1.15,321.68,2024-10-20 16:49:32
2627,TXN-002627,1,2024-08-04 15:45:25,,CARD,6,106.76,8.23,3.98,111.01,2024-08-04 15:45:25
2628,TXN-002628,1,2024-08-02 20:22:20,258,CARD,9,164.5,12.98,2.16,175.32,2024-08-02 20:22:20
2629,TXN-002629,1,2024-04-29 17:51:42,312,EWALLET,8,161.67,12.39,6.87,167.19,2024-04-29 17:51:42
2630,TXN-002630,1,2025-04-01 12:11:49,,CARD,11,252.3,20.1,1.04,271.36,2025-04-01 12:11:49
2631,TXN-002631,1,2025-05-08 16:35:48,363,EWALLET,12,160.72,12.69,1.94,171.47,2025-05-08 16:35:48
2632,TXN-002632,1,2024-12-25 21:52:42,292,CARD,5,183.09,14.65,0.0,197.74,2024-12-25 21:52:42
2633,TXN-002633,1,2024-07-04 15:29:54,141,CARD,3,123.96,9.92,0.0,133.88,2024-07-04 15:29:54
2634,TXN-002634,1,2024-06-11 21:18:07,255,CARD,5,47.92,3.83,0.0,51.75,2024-06-11 21:18:07
2635,TXN-002635,1,2025-04-30 14:24:29,,EWALLET,4,18.71,1.48,0.18,20.01,2025-04-30 14:24:29
2636,TXN-002636,1,2024-10-27 21:34:01,153,CASH,12,301.76,22.65,18.72,305.69,2024-10-27 21:34:01
2637,TXN-002637,1,2024-12-19 22:03:48,14,EWALLET,13,217.7,17.35,0.85,234.2,2024-12-19 22:03:48
2638,TXN-002638,1,2025-02-28 14:53:57,,CASH,12,296.69,23.35,4.76,315.28,2025-02-28 14:53:57
2639,TXN-002639,1,2024-11-11 14:17:16,,CARD,18,433.28,34.26,4.94,462.6,2024-11-11 14:17:16
2640,TXN-002640,1,2025-02-17 14:58:59,187,CARD,6,181.07,14.35,1.66,193.76,2025-02-17 14:58:59
2641,TXN-002641,1,2024-03-07 12:20:40,248,CARD,8,206.43,16.43,0.96,221.9,2024-03-07 12:20:40
2642,TXN-002642,1,2024-06-20 12:46:43,,CASH,9,115.0,9.12,0.91,123.21,2024-06-20 12:46:43
2643,TXN-002643,1,2024-01-08 11:31:53,224,CARD,6,97.45,7.45,4.39,100.51,2024-01-08 11:31:53
2644,TXN-002644,1,2024-04-02 17:57:40,223,CARD,10,174.87,13.45,6.78,181.54,2024-04-02 17:57:40
2645,TXN-002645,1,2025-05-02 12:13:11,75,CASH,12,162.54,12.95,0.68,174.81,2025-05-02 12:13:11
2646,TXN-002646,1,2024-08-01 22:48:53,431,CASH,5,161.34,12.59,3.98,169.95,2024-08-01 22:48:53
2647,TXN-002647,1,2025-04-29 17:46:07,292,CARD,7,228.05,18.25,0.0,246.3,2025-04-29 17:46:07
2648,TXN-002648,1,2024-06-24 12:12:57,,CARD,12,198.36,15.74,1.5,212.6,2024-06-24 12:12:57
2649,TXN-002649,1,2025-01-25 15:35:22,,CASH,10,212.84,17.0,0.32,229.52,2025-01-25 15:35:22
2650,TXN-002650,1,2024-12-05 09:31:49,249,CASH,8,164.63,13.17,0.0,177.8,2024-12-05 09:31:49
2651,TXN-002651,1,2024-09-17 12:03:24,,CARD,7,79.87,6.39,0.0,86.26,2024-09-17 12:03:24
2652,TXN-002652,1,2025-01-31 15:36:40,464,CARD,15,191.32,14.96,4.47,201.81,2025-01-31 15:36:40
2653,TXN-002653,1,2025-01-15 18:34:41,,CARD,5,224.55,17.97,0.0,242.52,2025-01-15 18:34:41
2654,TXN-002654,1,2025-04-10 17:49:52,308,CARD,8,179.88,14.1,3.52,190.46,2025-04-10 17:49:52
2655,TXN-002655,1,2024-11-26 12:30:47,20,CARD,7,123.91,9.78,1.59,132.1,2024-11-26 12:30:47
2656,TXN-002656,1,2024-12-10 17:16:48,62,CARD,8,122.55,9.8,0.0,132.35,2024-12-10 17:16:48
2657,TXN-002657,1,2024-12-27 21:53:58,275,CASH,18,222.55,17.61,2.31,237.85,2024-12-27 21:53:58
2658,TXN-002658,1,2024-02-19 17:28:54,472,CARD,7,124.03,9.69,2.78,130.94,2024-02-19 17:28:54
2659,TXN-002659,1,2024-01-02 14:52:00,220,CASH,12,122.23,9.77,0.11,131.89,2024-01-02 14:52:00
2660,TXN-002660,1,2024-05-29 22:50:20,,CARD,7,162.13,12.74,2.94,171.93,2024-05-29 22:50:20
2661,TXN-002661,1,2024-12-28 08:11:03,221,EWALLET,6,154.01,11.02,16.36,148.67,2024-12-28 08:11:03
2662,TXN-002662,1,2024-09-19 20:33:21,210,EWALLET,11,239.76,19.11,0.84,258.03,2024-09-19 20:33:21
2663,TXN-002663,1,2024-03-14 16:39:59,,CARD,9,122.08,9.46,3.9,127.64,2024-03-14 16:39:59
2664,TXN-002664,1,2024-03-28 10:37:40,,CARD,12,252.11,20.16,0.0,272.27,2024-03-28 10:37:40
2665,TXN-002665,1,2025-03-17 21:32:33,135,CARD,11,207.66,16.03,7.24,216.45,2025-03-17 21:32:33
2666,TXN-002666,1,2025-01-29 13:40:09,251,CARD,14,203.85,16.05,3.2,216.7,2025-01-29 13:40:09
2667,TXN-002667,1,2025-03-06 16:02:19,,CASH,9,88.56,6.91,2.11,93.36,2025-03-06 16:02:19
2668,TXN-002668,1,2025-04-10 18:51:28,,CARD,15,380.08,29.87,6.63,403.32,2025-04-10 18:51:28
2669,TXN-002669,1,2024-10-11 18:06:06,19,EWALLET,13,233.99,18.72,0.0,252.71,2024-10-11 18:06:06
2670,TXN-002670,1,2024-02-10 14:00:39,182,EWALLET,10,162.41,12.68,4.04,171.05,2024-02-10 14:00:39
2671,TXN-002671,1,2024-07-04 20:49:18,,CARD,16,300.97,23.58,6.0,318.55,2024-07-04 20:49:18
2672,TXN-002672,1,2025-02-02 13:42:18,,CASH,14,278.95,22.05,3.32,297.68,2025-02-02 13:42:18
2673,TXN-002673,1,2025-03-27 15:59:04,,CARD,3,39.47,3.16,0.0,42.63,2025-03-27 15:59:04
2674,TXN-002674,1,2024-12-04 14:07:29,402,CASH,8,215.45,17.03,2.52,229.96,2024-12-04 14:07:29
2675,TXN-002675,1,2024-08-28 15:04:27,114,CARD,9,201.9,15.98,2.25,215.63,2024-08-28 15:04:27
2676,TXN-002676,1,2025-05-08 16:21:10,440,CASH,11,259.33,20.74,0.06,280.01,2025-05-08 16:21:10
2677,TXN-002677,1,2025-05-04 17:39:39,67,EWALLET,16,371.12,28.46,15.19,384.39,2025-05-04 17:39:39
2678,TXN-002678,1,2024-06-18 19:39:07,,CASH,6,79.87,6.2,2.34,83.73,2024-06-18 19:39:07
2679,TXN-002679,1,2024-02-15 14:17:56,,CARD,2,44.74,3.57,0.0,48.31,2024-02-15 14:17:56
2680,TXN-002680,1,2025-05-21 14:40:32,268,CASH,10,247.65,19.7,1.32,266.03,2025-05-21 14:40:32
2681,TXN-002681,1,2025-03-24 18:24:11,,CASH,11,197.66,15.78,0.55,212.89,2025-03-24 18:24:11
2682,TXN-002682,1,2024-02-13 09:41:08,,CASH,15,311.19,24.16,9.2,326.15,2024-02-13 09:41:08
2683,TXN-002683,1,2024-12-31 17:38:31,,EWALLET,7,176.8,14.15,0.0,190.95,2024-12-31 17:38:31
2684,TXN-002684,1,2025-02-10 12:00:45,,CARD,4,87.63,6.76,3.21,91.18,2025-02-10 12:00:45
2685,TXN-002685,1,2024-11-01 13:37:50,205,EWALLET,10,182.76,14.59,0.27,197.08,2024-11-01 13:37:50
2686,TXN-002686,1,2025-05-19 19:45:29,490,CASH,11,282.13,22.57,0.06,304.64,2025-05-19 19:45:29
2687,TXN-002687,1,2024-08-12 13:06:04,110,CARD,7,107.16,8.49,0.96,114.69,2024-08-12 13:06:04
2688,TXN-002688,1,2024-08-16 13:05:51,381,EWALLET,11,164.51,13.05,1.42,176.14,2024-08-16 13:05:51
2689,TXN-002689,1,2024-01-13 18:21:58,485,EWALLET,6,78.43,6.17,1.39,83.21,2024-01-13 18:21:58
2690,TXN-002690,1,2024-12-29 11:20:00,345,CARD,10,299.19,21.81,26.57,294.43,2024-12-29 11:20:00
2691,TXN-002691,1,2024-03-08 14:22:25,134,CASH,5,186.49,14.42,6.29,194.62,2024-03-08 14:22:25
2692,TXN-002692,1,2024-11-18 15:26:54,451,CASH,4,77.82,6.23,0.0,84.05,2024-11-18 15:26:54
2693,TXN-002693,1,2025-02-02 20:04:53,,CARD,7,238.08,17.77,15.91,239.94,2025-02-02 20:04:53
2694,TXN-002694,1,2024-08-10 20:51:46,,CASH,9,147.81,11.17,8.16,150.82,2024-08-10 20:51:46
2695,TXN-002695,1,2024-06-21 15:13:49,,CASH,14,335.12,26.81,0.0,361.93,2024-06-21 15:13:49
2696,TXN-002696,1,2024-12-14 16:29:18,201,CARD,14,273.6,21.39,6.08,288.91,2024-12-14 16:29:18
2697,TXN-002697,1,2024-03-07 20:38:20,,CARD,5,109.7,8.76,0.11,118.35,2024-03-07 20:38:20
2698,TXN-002698,1,2025-01-20 18:33:15,478,CARD,9,230.66,18.45,0.0,249.11,2025-01-20 18:33:15
2699,TXN-002699,1,2025-03-21 19:17:47,373,CARD,12,156.0,12.48,0.0,168.48,2025-03-21 19:17:47
2700,TXN-002700,1,2024-10-11 16:07:30,91,CARD,15,304.96,23.91,6.08,322.79,2024-10-11 16:07:30
2701,TXN-002701,1,2024-09-29 17:53:52,367,CARD,9,267.35,18.98,30.03,256.3,2024-09-29 17:53:52
2702,TXN-002702,1,2024-07-01 16:57:44,,CARD,6,120.05,9.6,0.0,129.65,2024-07-01 16:57:44
2703,TXN-002703,1,2024-09-29 16:53:55,119,CARD,19,494.86,38.77,10.3,523.33,2024-09-29 16:53:55
2704,TXN-002704,1,2024-02-28 13:21:37,113,EWALLET,8,125.41,9.78,3.3,131.89,2024-02-28 13:21:37
2705,TXN-002705,1,2024-07-16 21:29:08,,EWALLET,10,307.49,23.88,8.89,322.48,2024-07-16 21:29:08
2706,TXN-002706,1,2024-11-20 19:22:41,388,CARD,9,123.69,9.83,0.8,132.72,2024-11-20 19:22:41
2707,TXN-002707,1,2025-04-19 18:47:45,250,CARD,9,146.73,10.13,19.94,136.92,2025-04-19 18:47:45
2708,TXN-002708,1,2024-06-08 14:47:02,348,CARD,8,167.62,13.41,0.0,181.03,2024-06-08 14:47:02
2709,TXN-002709,1,2025-01-21 10:08:19,,CASH,6,111.01,8.89,0.0,119.9,2025-01-21 10:08:19
2710,TXN-002710,1,2024-07-06 13:33:46,252,EWALLET,9,147.8,11.62,2.61,156.81,2024-07-06 13:33:46
2711,TXN-002711,1,2025-04-09 16:00:54,,CARD,10,273.6,21.76,1.62,293.74,2025-04-09 16:00:54
2712,TXN-002712,1,2025-03-19 12:31:30,132,CASH,8,211.98,16.95,0.0,228.93,2025-03-19 12:31:30
2713,TXN-002713,1,2024-10-03 17:57:05,,CARD,8,107.47,8.21,4.89,110.79,2024-10-03 17:57:05
2714,TXN-002714,1,2024-09-12 17:51:12,451,CARD,9,157.56,12.53,0.85,169.24,2024-09-12 17:51:12
2715,TXN-002715,1,2024-12-18 16:40:07,,CARD,12,135.78,10.8,0.68,145.9,2024-12-18 16:40:07
2716,TXN-002716,1,2024-06-24 18:34:04,,CARD,14,304.17,23.94,4.96,323.15,2024-06-24 18:34:04
2717,TXN-002717,1,2024-04-19 12:47:07,,CARD,8,149.01,11.81,1.3,159.52,2024-04-19 12:47:07
2718,TXN-002718,1,2024-01-28 16:20:46,397,CARD,9,176.77,13.07,13.44,176.4,2024-01-28 16:20:46
2719,TXN-002719,1,2024-11-10 14:04:52,449,CARD,13,186.39,14.76,1.74,199.41,2024-11-10 14:04:52
2720,TXN-002720,1,2024-01-25 20:25:48,,CASH,3,71.62,5.73,0.0,77.35,2024-01-25 20:25:48
2721,TXN-002721,1,2024-11-11 14:10:30,171,CARD,4,75.2,5.96,0.64,80.52,2024-11-11 14:10:30
2722,TXN-002722,1,2024-08-14 21:59:36,240,CASH,13,162.42,12.83,1.98,173.27,2024-08-14 21:59:36
2723,TXN-002723,1,2024-06-25 16:05:11,,CARD,11,237.8,18.89,1.77,254.92,2024-06-25 16:05:11
2724,TXN-002724,1,2024-02-06 19:00:36,,CASH,11,239.06,18.93,2.41,255.58,2024-02-06 19:00:36
2725,TXN-002725,1,2024-05-10 12:24:53,391,CARD,5,105.92,8.47,0.0,114.39,2024-05-10 12:24:53
2726,TXN-002726,1,2024-05-04 17:27:21,469,CARD,11,214.14,15.64,18.66,211.12,2024-05-04 17:27:21
2727,TXN-002727,1,2024-10-22 22:19:21,,CARD,10,112.97,9.03,0.0,122.0,2024-10-22 22:19:21
2728,TXN-002728,1,2024-02-09 16:37:29,80,EWALLET,9,151.55,12.13,0.0,163.68,2024-02-09 16:37:29
2729,TXN-002729,1,2024-05-25 21:55:38,25,CASH,17,326.1,25.13,12.14,339.09,2024-05-25 21:55:38
2730,TXN-002730,1,2024-06-14 22:35:24,78,CARD,12,200.61,15.89,2.05,214.45,2024-06-14 22:35:24
2731,TXN-002731,1,2024-10-28 11:46:29,204,CASH,4,125.71,10.05,0.0,135.76,2024-10-28 11:46:29
2732,TXN-002732,1,2024-02-29 16:04:19,464,CASH,11,159.49,12.34,5.1,166.73,2024-02-29 16:04:19
2733,TXN-002733,1,2024-07-03 10:14:45,254,EWALLET,5,152.17,12.18,0.0,164.35,2024-07-03 10:14:45
2734,TXN-002734,1,2024-01-15 19:22:56,467,CARD,14,317.31,25.34,0.6,342.05,2024-01-15 19:22:56
2735,TXN-002735,1,2024-02-15 10:49:37,,EWALLET,7,182.91,14.07,7.11,189.87,2024-02-15 10:49:37
2736,TXN-002736,1,2024-05-24 13:05:24,426,CARD,7,144.99,11.59,0.0,156.58,2024-05-24 13:05:24
2737,TXN-002737,1,2024-05-23 18:43:32,,CARD,13,131.95,10.4,1.85,140.5,2024-05-23 18:43:32
2738,TXN-002738,1,2024-02-29 12:03:37,,CARD,13,310.41,23.9,11.7,322.61,2024-02-29 12:03:37
2739,TXN-002739,1,2025-03-19 20:57:39,207,CARD,7,71.2,5.7,0.0,76.9,2025-03-19 20:57:39
2740,TXN-002740,1,2025-05-01 22:45:09,,CASH,10,360.63,28.73,1.48,387.88,2025-05-01 22:45:09
2741,TXN-002741,1,2024-10-14 08:44:55,,CASH,9,173.19,13.84,0.24,186.79,2024-10-14 08:44:55
2742,TXN-002742,1,2024-01-16 17:03:09,305,CASH,9,179.93,14.39,0.0,194.32,2024-01-16 17:03:09
2743,TXN-002743,1,2024-03-29 12:41:04,462,EWALLET,7,144.2,11.41,1.62,153.99,2024-03-29 12:41:04
2744,TXN-002744,1,2024-11-07 13:43:17,,CARD,10,219.76,17.54,0.43,236.87,2024-11-07 13:43:17
2745,TXN-002745,1,2024-06-16 17:45:06,411,EWALLET,15,264.11,20.89,3.04,281.96,2024-06-16 17:45:06
2746,TXN-002746,1,2024-03-30 20:22:13,55,CASH,8,195.05,14.88,8.95,200.98,2024-03-30 20:22:13
2747,TXN-002747,1,2025-03-09 14:19:58,,CARD,15,378.81,28.64,20.88,386.57,2025-03-09 14:19:58
2748,TXN-002748,1,2025-01-16 12:00:27,,EWALLET,15,228.42,17.87,5.05,241.24,2025-01-16 12:00:27
2749,TXN-002749,1,2024-01-17 12:19:50,,CARD,14,252.19,19.81,4.61,267.39,2024-01-17 12:19:50
2750,TXN-002750,1,2024-11-10 11:46:41,228,EWALLET,8,207.18,16.16,5.12,218.22,2024-11-10 11:46:41
2751,TXN-002751,1,2025-01-31 08:50:46,,EWALLET,6,150.41,11.49,6.68,155.22,2025-01-31 08:50:46
2752,TXN-002752,1,2024-11-01 18:58:55,26,EWALLET,8,147.36,11.42,4.55,154.23,2024-11-01 18:58:55
2753,TXN-002753,1,2025-01-29 12:47:12,,EWALLET,2,57.39,4.59,0.0,61.98,2025-01-29 12:47:12
2754,TXN-002754,1,2024-02-10 09:54:34,,EWALLET,12,152.42,11.57,7.92,156.07,2024-02-10 09:54:34
2755,TXN-002755,1,2025-04-14 18:04:30,,CARD,7,102.29,8.18,0.0,110.47,2025-04-14 18:04:30
2756,TXN-002756,1,2025-03-04 20:25:17,205,CARD,10,126.32,9.98,1.57,134.73,2025-03-04 20:25:17
2757,TXN-002757,1,2024-08-27 18:41:02,269,CARD,10,246.0,19.56,1.47,264.09,2024-08-27 18:41:02
2758,TXN-002758,1,2025-01-06 16:27:37,288,CARD,10,113.85,9.09,0.23,122.71,2025-01-06 16:27:37
2759,TXN-002759,1,2025-04-05 16:51:26,492,CARD,9,303.15,23.09,14.52,311.72,2025-04-05 16:51:26
2760,TXN-002760,1,2024-10-22 18:45:49,492,CASH,6,150.94,12.0,0.93,162.01,2024-10-22 18:45:49
2761,TXN-002761,1,2024-05-17 19:28:30,,CARD,4,203.2,15.96,3.66,215.5,2024-05-17 19:28:30
2762,TXN-002762,1,2025-05-28 15:56:25,,CARD,10,228.52,17.95,4.12,242.35,2025-05-28 15:56:25
2763,TXN-002763,1,2024-03-23 18:48:08,421,CARD,15,405.73,29.59,35.86,399.46,2024-03-23 18:48:08
2764,TXN-002764,1,2024-08-08 11:00:33,,CARD,8,117.38,9.19,2.43,124.14,2024-08-08 11:00:33
2765,TXN-002765,1,2024-02-16 10:12:20,,CARD,7,186.23,14.9,0.0,201.13,2024-02-16 10:12:20
2766,TXN-002766,1,2024-02-19 16:35:34,,CARD,13,254.59,20.37,0.0,274.96,2024-02-19 16:35:34
2767,TXN-002767,1,2024-09-13 13:33:59,482,EWALLET,6,100.94,8.07,0.0,109.01,2024-09-13 13:33:59
2768,TXN-002768,1,2025-03-09 16:34:20,,CARD,17,377.38,29.38,10.01,396.75,2025-03-09 16:34:20
2769,TXN-002769,1,2024-07-17 18:48:28,336,CARD,5,147.8,11.82,0.0,159.62,2024-07-17 18:48:28
2770,TXN-002770,1,2024-02-13 11:19:01,125,CASH,6,77.71,6.03,2.3,81.44,2024-02-13 11:19:01
2771,TXN-002771,1,2024-03-28 16:49:48,,CASH,3,58.76,4.46,2.95,60.27,2024-03-28 16:49:48
2772,TXN-002772,1,2025-04-18 21:48:10,,CASH,10,107.88,8.6,0.29,116.19,2025-04-18 21:48:10
2773,TXN-002773,1,2024-12-11 09:43:32,,EWALLET,11,94.63,7.57,0.0,102.2,2024-12-11 09:43:32
2774,TXN-002774,1,2025-03-21 11:41:05,158,CARD,8,175.93,13.67,5.13,184.47,2025-03-21 11:41:05
2775,TXN-002775,1,2024-09-06 15:39:08,,CARD,8,262.64,20.62,4.77,278.49,2024-09-06 15:39:08
2776,TXN-002776,1,2024-09-11 10:46:06,126,CARD,11,174.08,13.71,2.7,185.09,2024-09-11 10:46:06
2777,TXN-002777,1,2024-01-16 17:59:48,,CARD,4,37.45,3.0,0.0,40.45,2024-01-16 17:59:48
2778,TXN-002778,1,2024-09-01 11:04:14,369,CARD,9,120.19,9.46,1.83,127.82,2024-09-01 11:04:14
2779,TXN-002779,1,2025-03-29 16:21:00,,EWALLET,19,496.42,34.95,59.48,471.89,2025-03-29 16:21:00
2780,TXN-002780,1,2024-04-05 22:36:14,7,CASH,7,80.83,6.47,0.0,87.3,2024-04-05 22:36:14
2781,TXN-002781,1,2025-02-01 10:27:11,46,CASH,13,214.53,15.71,18.24,212.0,2025-02-01 10:27:11
2782,TXN-002782,1,2024-01-13 11:28:37,140,CASH,11,257.04,18.8,21.94,253.9,2024-01-13 11:28:37
2783,TXN-002783,1,2025-04-22 19:46:55,395,CARD,16,476.02,38.09,0.0,514.11,2025-04-22 19:46:55
2784,TXN-002784,1,2025-04-06 12:10:51,251,CARD,17,213.98,16.06,13.4,216.64,2025-04-06 12:10:51
2785,TXN-002785,1,2024-05-11 12:24:16,,EWALLET,10,227.34,17.06,14.12,230.28,2024-05-11 12:24:16
2786,TXN-002786,1,2024-08-28 12:09:43,355,CARD,6,90.72,7.26,0.0,97.98,2024-08-28 12:09:43
2787,TXN-002787,1,2024-10-08 13:13:00,,CARD,8,180.75,14.46,0.0,195.21,2024-10-08 13:13:00
2788,TXN-002788,1,2025-02-26 13:12:19,160,EWALLET,6,105.3,8.43,0.0,113.73,2025-02-26 13:12:19
2789,TXN-002789,1,2025-02-08 14:46:22,,CARD,11,265.66,20.31,11.83,274.14,2025-02-08 14:46:22
2790,TXN-002790,1,2024-05-28 16:55:55,151,CARD,7,159.05,12.68,0.49,171.24,2024-05-28 16:55:55
2791,TXN-002791,1,2024-11-01 14:55:19,66,CASH,9,211.17,16.41,6.15,221.43,2024-11-01 14:55:19
2792,TXN-002792,1,2025-02-18 11:12:39,461,CARD,11,481.73,38.54,0.0,520.27,2025-02-18 11:12:39
2793,TXN-002793,1,2024-06-30 17:39:48,251,CARD,21,384.7,30.78,0.0,415.48,2024-06-30 17:39:48
2794,TXN-002794,1,2024-07-26 18:07:26,,EWALLET,5,122.43,9.54,3.18,128.79,2024-07-26 18:07:26
2795,TXN-002795,1,2024-03-18 15:19:01,258,CASH,12,214.0,16.85,3.4,227.45,2024-03-18 15:19:01
2796,TXN-002796,1,2024-07-13 14:23:17,361,CARD,8,197.62,15.13,8.6,204.15,2024-07-13 14:23:17
2797,TXN-002797,1,2024-03-06 15:12:51,,CARD,17,234.78,18.45,4.14,249.09,2024-03-06 15:12:51
2798,TXN-002798,1,2024-05-10 20:45:51,159,CARD,10,167.18,13.38,0.0,180.56,2024-05-10 20:45:51
2799,TXN-002799,1,2024-01-09 15:01:54,,CARD,7,152.62,12.21,0.0,164.83,2024-01-09 15:01:54
2800,TXN-002800,1,2024-03-23 11:24:56,325,EWALLET,10,85.29,6.36,6.0,85.65,2024-03-23 11:24:56
2801,TXN-002801,1,2024-05-16 13:56:55,,CARD,12,215.74,17.04,2.7,230.08,2024-05-16 13:56:55
2802,TXN-002802,1,2024-07-18 18:13:47,429,CARD,8,146.55,11.73,0.0,158.28,2024-07-18 18:13:47
2803,TXN-002803,1,2024-01-14 15:46:13,133,CARD,13,200.19,15.58,5.34,210.43,2024-01-14 15:46:13
2804,TXN-002804,1,2025-05-19 13:11:01,373,CARD,16,240.57,19.24,0.0,259.81,2025-05-19 13:11:01
2805,TXN-002805,1,2025-02-12 20:34:11,352,CARD,16,411.47,32.38,6.63,437.22,2025-02-12 20:34:11
2806,TXN-002806,1,2024-12-05 19:04:05,118,CARD,5,55.43,4.44,0.0,59.87,2024-12-05 19:04:05
2807,TXN-002807,1,2024-07-18 17:10:07,225,CASH,9,128.52,10.22,0.72,138.02,2024-07-18 17:10:07
2808,TXN-002808,1,2025-02-18 14:00:21,378,CARD,11,237.14,18.89,0.98,255.05,2025-02-18 14:00:21
2809,TXN-002809,1,2024-03-05 14:09:50,,CARD,11,177.39,13.85,4.14,187.1,2024-03-05 14:09:50
2810,TXN-002810,1,2024-07-06 13:50:35,,CARD,9,367.8,28.92,6.33,390.39,2024-07-06 13:50:35
2811,TXN-002811,1,2024-03-08 17:26:58,,CARD,15,154.24,12.07,3.15,163.16,2024-03-08 17:26:58
2812,TXN-002812,1,2024-10-29 13:17:46,151,CARD,6,91.32,7.21,1.18,97.35,2024-10-29 13:17:46
2813,TXN-002813,1,2024-01-06 13:37:53,115,CARD,13,345.66,26.46,14.85,357.27,2024-01-06 13:37:53
2814,TXN-002814,1,2024-04-29 17:21:55,70,CASH,9,299.09,23.92,0.0,323.01,2024-04-29 17:21:55
2815,TXN-002815,1,2024-03-07 14:05:38,218,CASH,7,210.06,16.53,3.5,223.09,2024-03-07 14:05:38
2816,TXN-002816,1,2024-03-14 14:16:29,,CASH,11,100.28,7.84,2.25,105.87,2024-03-14 14:16:29
2817,TXN-002817,1,2024-06-13 20:39:00,299,CARD,6,66.06,5.11,2.22,68.95,2024-06-13 20:39:00
2818,TXN-002818,1,2025-03-29 14:43:16,201,CASH,16,305.21,23.61,10.07,318.75,2025-03-29 14:43:16
2819,TXN-002819,1,2024-04-25 17:19:00,132,CARD,8,192.59,15.41,0.0,208.0,2024-04-25 17:19:00
2820,TXN-002820,1,2025-01-11 14:11:29,,CASH,22,564.09,43.76,17.1,590.75,2025-01-11 14:11:29
2821,TXN-002821,1,2024-08-15 13:38:47,362,CARD,19,248.26,19.32,6.93,260.65,2024-08-15 13:38:47
2822,TXN-002822,1,2025-02-12 16:24:34,,CARD,12,280.37,21.97,5.63,296.71,2025-02-12 16:24:34
2823,TXN-002823,1,2025-01-07 16:41:27,,CASH,12,105.95,8.46,0.33,114.08,2025-01-07 16:41:27
2824,TXN-002824,1,2024-11-12 17:33:32,,EWALLET,18,204.39,16.14,2.8,217.73,2024-11-12 17:33:32
2825,TXN-002825,1,2024-05-06 14:34:01,,CARD,15,140.81,11.18,1.02,150.97,2024-05-06 14:34:01
2826,TXN-002826,1,2024-12-19 12:18:16,,CARD,13,388.26,30.16,11.22,407.2,2024-12-19 12:18:16
2827,TXN-002827,1,2024-07-11 11:46:15,223,EWALLET,14,245.76,19.25,5.0,260.01,2024-07-11 11:46:15
2828,TXN-002828,1,2024-06-09 10:54:19,,CARD,4,112.68,8.85,2.0,119.53,2024-06-09 10:54:19
2829,TXN-002829,1,2024-01-29 14:52:06,,EWALLET,7,186.68,14.93,0.0,201.61,2024-01-29 14:52:06
2830,TXN-002830,1,2024-12-08 13:37:34,,EWALLET,7,121.83,9.01,9.23,121.61,2024-12-08 13:37:34
2831,TXN-002831,1,2024-02-08 10:00:23,13,CARD,5,83.85,6.71,0.0,90.56,2024-02-08 10:00:23
2832,TXN-002832,1,2024-10-31 18:07:55,460,CARD,16,300.92,23.95,1.46,323.41,2024-10-31 18:07:55
2833,TXN-002833,1,2024-02-10 18:16:43,,EWALLET,15,205.49,14.87,19.7,200.66,2024-02-10 18:16:43
2834,TXN-002834,1,2025-05-13 16:24:21,116,EWALLET,15,301.15,23.9,2.36,322.69,2025-05-13 16:24:21
2835,TXN-002835,1,2025-01-09 22:01:52,359,CARD,17,254.63,20.38,0.0,275.01,2025-01-09 22:01:52
2836,TXN-002836,1,2024-10-04 14:57:30,184,CASH,13,274.12,21.65,3.48,292.29,2024-10-04 14:57:30
2837,TXN-002837,1,2024-06-30 20:41:43,390,CARD,18,311.37,24.92,0.0,336.29,2024-06-30 20:41:43
2838,TXN-002838,1,2024-09-11 15:33:20,345,EWALLET,12,257.5,20.5,1.24,276.76,2024-09-11 15:33:20
2839,TXN-002839,1,2025-05-10 15:43:23,297,EWALLET,12,306.95,23.89,8.3,322.54,2025-05-10 15:43:23
2840,TXN-002840,1,2024-10-07 17:49:00,223,CARD,6,77.12,6.05,1.37,81.8,2024-10-07 17:49:00
2841,TXN-002841,1,2024-11-07 10:45:15,,CASH,13,285.99,22.56,3.83,304.72,2024-11-07 10:45:15
2842,TXN-002842,1,2024-06-24 22:53:08,,CARD,7,116.09,9.29,0.0,125.38,2024-06-24 22:53:08
2843,TXN-002843,1,2025-04-25 14:29:31,431,EWALLET,12,155.14,12.4,0.0,167.54,2025-04-25 14:29:31
2844,TXN-002844,1,2025-03-21 22:19:05,137,CASH,10,174.84,13.95,0.5,188.29,2025-03-21 22:19:05
2845,TXN-002845,1,2025-01-06 15:04:04,,CASH,13,367.53,29.41,0.0,396.94,2025-01-06 15:04:04
2846,TXN-002846,1,2024-10-17 12:51:43,,CASH,10,219.41,16.98,7.06,229.33,2024-10-17 12:51:43
2847,TXN-002847,1,2025-01-03 15:16:23,161,CARD,16,367.67,29.38,0.37,396.68,2025-01-03 15:16:23
2848,TXN-002848,1,2024-02-07 11:55:46,,EWALLET,5,75.55,6.05,0.0,81.6,2024-02-07 11:55:46
2849,TXN-002849,1,2025-01-20 15:39:21,141,CARD,4,108.35,8.66,0.0,117.01,2025-01-20 15:39:21
2850,TXN-002850,1,2025-03-16 11:25:41,126,CARD,17,346.53,25.96,22.05,350.44,2025-03-16 11:25:41
2851,TXN-002851,1,2024-05-04 14:18:59,,EWALLET,12,197.75,15.73,1.08,212.4,2024-05-04 14:18:59
2852,TXN-002852,1,2024-04-13 20:43:35,,CASH,18,293.9,22.34,14.51,301.73,2024-04-13 20:43:35
2853,TXN-002853,1,2025-05-09 13:16:46,152,CASH,4,154.14,11.91,5.24,160.81,2025-05-09 13:16:46
2854,TXN-002854,1,2024-03-24 14:42:15,,CASH,7,145.35,10.64,12.4,143.59,2024-03-24 14:42:15
2855,TXN-002855,1,2024-11-21 11:01:33,292,CARD,11,222.69,17.81,0.0,240.5,2024-11-21 11:01:33
2856,TXN-002856,1,2024-10-29 09:49:38,,CARD,8,247.98,19.83,0.0,267.81,2024-10-29 09:49:38
2857,TXN-002857,1,2024-12-26 18:07:14,57,EWALLET,4,33.4,2.64,0.34,35.7,2024-12-26 18:07:14
2858,TXN-002858,1,2024-03-29 21:02:55,307,CARD,6,145.42,11.63,0.0,157.05,2024-03-29 21:02:55
2859,TXN-002859,1,2024-09-27 10:35:57,68,CARD,6,124.85,9.86,1.65,133.06,2024-09-27 10:35:57
2860,TXN-002860,1,2024-01-05 18:38:45,182,CARD,8,161.46,12.91,0.0,174.37,2024-01-05 18:38:45
2861,TXN-002861,1,2024-09-25 19:54:57,,EWALLET,4,106.98,8.29,3.32,111.95,2024-09-25 19:54:57
2862,TXN-002862,1,2024-02-27 17:31:01,299,CARD,10,89.26,7.14,0.0,96.4,2024-02-27 17:31:01
2863,TXN-002863,1,2025-01-28 20:34:56,,CARD,4,81.85,6.55,0.0,88.4,2025-01-28 20:34:56
2864,TXN-002864,1,2025-01-12 17:36:18,185,EWALLET,15,279.27,19.89,30.77,268.39,2025-01-12 17:36:18
2865,TXN-002865,1,2024-06-13 12:48:56,,CASH,11,264.4,21.16,0.0,285.56,2024-06-13 12:48:56
2866,TXN-002866,1,2024-09-15 16:05:53,259,CARD,13,284.0,21.48,15.45,290.03,2024-09-15 16:05:53
2867,TXN-002867,1,2025-01-08 11:35:16,108,CARD,9,120.55,9.57,0.87,129.25,2025-01-08 11:35:16
2868,TXN-002868,1,2024-06-11 17:30:31,1,CARD,7,223.24,17.86,0.0,241.1,2024-06-11 17:30:31
2869,TXN-002869,1,2024-10-23 12:11:39,197,EWALLET,12,211.6,16.71,2.75,225.56,2024-10-23 12:11:39
2870,TXN-002870,1,2024-06-19 15:16:39,,EWALLET,10,219.69,17.53,0.59,236.63,2024-06-19 15:16:39
2871,TXN-002871,1,2025-03-25 14:28:36,,CARD,8,128.83,10.01,3.65,135.19,2025-03-25 14:28:36
2872,TXN-002872,1,2024-12-21 08:33:36,124,CARD,7,174.81,13.3,8.48,179.63,2024-12-21 08:33:36
2873,TXN-002873,1,2025-01-19 15:05:41,216,CARD,14,240.02,18.47,9.06,249.43,2025-01-19 15:05:41
2874,TXN-002874,1,2025-03-24 17:27:06,342,CARD,12,382.61,30.61,0.0,413.22,2025-03-24 17:27:06
2875,TXN-002875,1,2024-11-29 18:10:59,,CARD,10,103.1,8.18,0.81,110.47,2024-11-29 18:10:59
2876,TXN-002876,1,2024-09-07 11:51:36,124,EWALLET,21,380.84,29.48,12.3,398.02,2024-09-07 11:51:36
2877,TXN-002877,1,2024-03-31 17:09:50,,CASH,18,427.69,32.0,27.62,432.07,2024-03-31 17:09:50
2878,TXN-002878,1,2024-04-28 18:05:26,216,EWALLET,18,210.85,14.68,27.41,198.12,2024-04-28 18:05:26
2879,TXN-002879,1,2025-04-02 17:27:59,306,CARD,3,69.65,5.57,0.0,75.22,2025-04-02 17:27:59
2880,TXN-002880,1,2025-02-17 17:37:20,,CARD,9,211.47,16.34,7.34,220.47,2025-02-17 17:37:20
2881,TXN-002881,1,2025-01-30 22:41:45,234,CARD,3,65.8,5.27,0.0,71.07,2025-01-30 22:41:45
2882,TXN-002882,1,2025-04-14 13:35:11,49,CARD,11,300.35,23.92,1.31,322.96,2025-04-14 13:35:11
2883,TXN-002883,1,2024-10-05 18:32:35,,EWALLET,8,275.81,21.39,8.41,288.79,2024-10-05 18:32:35
2884,TXN-002884,1,2024-12-25 14:38:42,308,EWALLET,12,235.18,18.5,3.79,249.89,2024-12-25 14:38:42
2885,TXN-002885,1,2024-12-15 21:33:46,20,CARD,11,540.17,40.65,32.05,548.77,2024-12-15 21:33:46
2886,TXN-002886,1,2024-04-02 20:40:47,303,EWALLET,2,49.26,3.94,0.0,53.2,2024-04-02 20:40:47
2887,TXN-002887,1,2025-03-18 22:22:33,162,CASH,5,145.45,11.64,0.0,157.09,2025-03-18 22:22:33
2888,TXN-002888,1,2024-12-04 14:30:23,330,CASH,13,343.76,27.46,0.54,370.68,2024-12-04 14:30:23
2889,TXN-002889,1,2024-09-25 16:05:44,458,CARD,5,108.4,8.67,0.0,117.07,2024-09-25 16:05:44
2890,TXN-002890,1,2024-10-12 08:01:40,484,EWALLET,16,277.92,21.61,7.82,291.71,2024-10-12 08:01:40
2891,TXN-002891,1,2024-08-30 14:28:55,,CARD,14,291.19,23.09,2.54,311.74,2024-08-30 14:28:55
2892,TXN-002892,1,2024-05-04 19:11:18,348,CARD,13,285.11,20.31,31.21,274.21,2024-05-04 19:11:18
2893,TXN-002893,1,2024-11-20 22:54:50,78,CASH,11,265.06,21.12,1.02,285.16,2024-11-20 22:54:50
2894,TXN-002894,1,2024-09-25 14:35:53,490,CARD,14,192.79,15.38,0.6,207.57,2024-09-25 14:35:53
2895,TXN-002895,1,2024-07-24 13:56:09,,CARD,15,178.25,13.92,4.2,187.97,2024-07-24 13:56:09
2896,TXN-002896,1,2024-09-18 12:28:02,451,CASH,13,217.78,17.0,5.3,229.48,2024-09-18 12:28:02
2897,TXN-002897,1,2024-02-02 13:56:00,,CARD,5,120.29,9.14,6.0,123.43,2024-02-02 13:56:00
2898,TXN-002898,1,2024-11-11 21:28:26,444,CARD,5,71.89,5.75,0.0,77.64,2024-11-11 21:28:26
2899,TXN-002899,1,2025-01-05 13:05:42,,CARD,18,198.16,14.9,11.89,201.17,2025-01-05 13:05:42
2900,TXN-002900,1,2024-03-06 17:40:25,108,CARD,5,75.4,5.84,2.4,78.84,2024-03-06 17:40:25
2901,TXN-002901,1,2025-02-27 12:24:27,,CARD,11,277.07,22.18,0.0,299.25,2025-02-27 12:24:27
2902,TXN-002902,1,2025-04-20 10:09:39,,CARD,10,173.45,13.69,2.35,184.79,2025-04-20 10:09:39
2903,TXN-002903,1,2024-08-05 15:22:28,,CASH,6,101.5,8.12,0.0,109.62,2024-08-05 15:22:28
2904,TXN-002904,1,2024-01-26 15:43:26,112,CASH,5,22.94,1.8,0.54,24.2,2024-01-26 15:43:26
2905,TXN-002905,1,2025-03-30 08:23:01,,EWALLET,9,123.36,8.54,16.52,115.38,2025-03-30 08:23:01
2906,TXN-002906,1,2024-12-28 14:22:52,,CARD,14,235.09,18.12,8.67,244.54,2024-12-28 14:22:52
2907,TXN-002907,1,2024-05-31 09:22:53,,CARD,10,205.35,16.27,1.86,219.76,2024-05-31 09:22:53
2908,TXN-002908,1,2024-02-16 18:05:35,,CARD,7,124.13,9.72,2.64,131.21,2024-02-16 18:05:35
2909,TXN-002909,1,2024-07-21 21:36:50,155,CARD,14,278.87,22.16,1.83,299.2,2024-07-21 21:36:50
2910,TXN-002910,1,2024-07-28 19:06:51,,CASH,22,327.6,24.19,25.07,326.72,2024-07-28 19:06:51
2911,TXN-002911,1,2024-05-14 17:38:08,278,CARD,6,83.34,6.67,0.0,90.01,2024-05-14 17:38:08
2912,TXN-002912,1,2025-03-22 12:16:39,206,CARD,22,409.17,29.62,38.83,399.96,2025-03-22 12:16:39
2913,TXN-002913,1,2024-04-01 16:41:37,155,EWALLET,13,296.88,23.44,3.84,316.48,2024-04-01 16:41:37
2914,TXN-002914,1,2024-07-29 22:56:07,192,CASH,11,177.92,14.04,2.25,189.71,2024-07-29 22:56:07
2915,TXN-002915,1,2025-05-13 17:58:33,279,CARD,3,36.66,2.93,0.0,39.59,2025-05-13 17:58:33
2916,TXN-002916,1,2024-10-30 13:23:28,,CARD,4,38.84,2.98,1.6,40.22,2024-10-30 13:23:28
2917,TXN-002917,1,2024-01-12 12:46:04,336,EWALLET,4,129.36,10.35,0.0,139.71,2024-01-12 12:46:04
2918,TXN-002918,1,2024-06-15 13:42:28,232,CARD,7,220.29,17.62,0.0,237.91,2024-06-15 13:42:28
2919,TXN-002919,1,2024-06-05 17:40:51,,CARD,11,232.22,18.46,1.39,249.29,2024-06-05 17:40:51
2920,TXN-002920,1,2025-04-22 14:50:54,,EWALLET,12,265.68,20.98,3.54,283.12,2025-04-22 14:50:54
2921,TXN-002921,1,2025-04-20 12:25:05,409,CARD,10,299.55,21.78,27.26,294.07,2025-04-20 12:25:05
2922,TXN-002922,1,2024-06-15 12:26:28,24,EWALLET,12,207.03,15.43,13.95,208.51,2024-06-15 12:26:28
2923,TXN-002923,1,2025-01-28 18:55:52,,CASH,13,331.23,26.49,0.0,357.72,2025-01-28 18:55:52
2924,TXN-002924,1,2024-10-26 11:55:06,40,CARD,21,446.7,33.21,31.53,448.38,2024-10-26 11:55:06
2925,TXN-002925,1,2024-07-11 16:28:26,,CARD,14,170.59,13.64,0.16,184.07,2024-07-11 16:28:26
2926,TXN-002926,1,2024-09-26 16:34:35,165,EWALLET,10,199.0,15.8,1.42,213.38,2024-09-26 16:34:35
2927,TXN-002927,1,2024-10-12 14:39:02,,CARD,16,285.87,21.58,16.22,291.23,2024-10-12 14:39:02
2928,TXN-002928,1,2025-03-30 19:23:58,21,CARD,13,308.35,23.7,12.23,319.82,2025-03-30 19:23:58
2929,TXN-002929,1,2024-12-29 21:14:14,,EWALLET,10,115.24,9.14,1.03,123.35,2024-12-29 21:14:14
2930,TXN-002930,1,2024-08-15 19:30:28,,CARD,11,238.07,18.62,5.38,251.31,2024-08-15 19:30:28
2931,TXN-002931,1,2024-05-19 13:35:07,380,CARD,17,250.49,19.91,1.6,268.8,2024-05-19 13:35:07
2932,TXN-002932,1,2024-09-13 09:43:40,41,CARD,3,71.7,5.45,3.58,73.57,2024-09-13 09:43:40
2933,TXN-002933,1,2025-05-27 19:08:09,435,CASH,3,42.31,3.39,0.0,45.7,2025-05-27 19:08:09
2934,TXN-002934,1,2024-04-11 15:20:18,291,CASH,8,146.51,11.66,0.66,157.51,2024-04-11 15:20:18
2935,TXN-002935,1,2024-07-11 14:39:24,348,CARD,12,177.86,14.23,0.0,192.09,2024-07-11 14:39:24
2936,TXN-002936,1,2024-02-25 10:40:46,45,CARD,9,130.58,10.36,1.11,139.83,2024-02-25 10:40:46
2937,TXN-002937,1,2024-04-08 18:01:53,403,CASH,7,93.54,7.47,0.18,100.83,2024-04-08 18:01:53
2938,TXN-002938,1,2024-07-18 12:36:44,,CARD,11,284.53,22.42,4.29,302.66,2024-07-18 12:36:44
2939,TXN-002939,1,2025-01-16 21:16:09,500,CARD,6,122.82,9.82,0.0,132.64,2025-01-16 21:16:09
2940,TXN-002940,1,2025-05-14 21:32:17,76,EWALLET,5,127.24,10.0,2.22,135.02,2025-05-14 21:32:17
2941,TXN-002941,1,2024-08-13 18:59:10,242,CARD,11,171.28,13.56,1.79,183.05,2024-08-13 18:59:10
2942,TXN-002942,1,2024-06-07 17:57:42,356,EWALLET,5,74.04,5.92,0.0,79.96,2024-06-07 17:57:42
2943,TXN-002943,1,2025-04-28 09:05:54,332,CARD,5,103.59,8.29,0.0,111.88,2025-04-28 09:05:54
2944,TXN-002944,1,2024-02-02 16:23:43,,CARD,6,111.72,8.94,0.0,120.66,2024-02-02 16:23:43
2945,TXN-002945,1,2025-01-29 14:37:17,471,CARD,8,227.48,17.74,5.61,239.61,2025-01-29 14:37:17
2946,TXN-002946,1,2024-03-19 16:13:28,314,EWALLET,8,208.91,16.38,4.14,221.15,2024-03-19 16:13:28
2947,TXN-002947,1,2024-04-11 14:16:53,,EWALLET,14,258.31,20.56,1.48,277.39,2024-04-11 14:16:53
2948,TXN-002948,1,2024-01-24 08:13:17,65,CARD,7,136.96,10.96,0.0,147.92,2024-01-24 08:13:17
2949,TXN-002949,1,2025-04-03 21:03:19,104,CARD,11,93.55,7.38,1.33,99.6,2025-04-03 21:03:19
2950,TXN-002950,1,2024-01-21 15:29:14,,CARD,10,167.18,12.5,11.13,168.55,2024-01-21 15:29:14
2951,TXN-002951,1,2024-10-13 13:21:19,,CARD,18,226.43,16.76,16.98,226.21,2024-10-13 13:21:19
2952,TXN-002952,1,2024-07-22 20:02:47,,EWALLET,11,206.68,16.42,1.48,221.62,2024-07-22 20:02:47
2953,TXN-002953,1,2025-03-22 13:18:19,,CARD,11,279.7,22.19,2.22,299.67,2025-03-22 13:18:19
2954,TXN-002954,1,2025-03-06 19:45:03,,CARD,6,112.29,8.96,0.37,120.88,2025-03-06 19:45:03
2955,TXN-002955,1,2025-05-03 14:01:26,,CARD,9,252.88,19.84,4.79,267.93,2025-05-03 14:01:26
2956,TXN-002956,1,2024-03-03 20:57:29,117,CARD,11,185.86,14.77,1.31,199.32,2024-03-03 20:57:29
2957,TXN-002957,1,2024-10-23 20:53:36,,CARD,15,212.11,16.7,3.08,225.73,2024-10-23 20:53:36
2958,TXN-002958,1,2024-10-31 15:48:09,98,EWALLET,5,99.89,7.97,0.27,107.59,2024-10-31 15:48:09
2959,TXN-002959,1,2025-01-01 17:20:50,,CARD,3,82.61,6.61,0.0,89.22,2025-01-01 17:20:50
2960,TXN-002960,1,2024-10-16 16:10:23,,EWALLET,18,327.92,26.21,0.37,353.76,2024-10-16 16:10:23
2961,TXN-002961,1,2024-05-15 14:43:08,430,EWALLET,5,93.31,7.46,0.0,100.77,2024-05-15 14:43:08
2962,TXN-002962,1,2024-02-09 19:31:22,428,CARD,5,28.78,2.3,0.0,31.08,2024-02-09 19:31:22
2963,TXN-002963,1,2025-05-20 16:30:54,433,CARD,7,99.36,7.95,0.0,107.31,2025-05-20 16:30:54
2964,TXN-002964,1,2024-05-15 18:49:15,,EWALLET,12,139.1,11.12,0.0,150.22,2024-05-15 18:49:15
2965,TXN-002965,1,2024-12-21 11:48:16,224,CARD,9,108.82,8.38,4.13,113.07,2024-12-21 11:48:16
2966,TXN-002966,1,2025-01-22 15:45:56,,CASH,7,265.48,21.24,0.0,286.72,2025-01-22 15:45:56
2967,TXN-002967,1,2024-11-07 18:44:49,222,EWALLET,12,174.24,13.57,4.5,183.31,2024-11-07 18:44:49
2968,TXN-002968,1,2024-10-14 14:16:47,108,CARD,5,18.68,1.5,0.0,20.18,2024-10-14 14:16:47
2969,TXN-002969,1,2024-11-03 15:18:21,165,EWALLET,16,269.04,19.96,19.65,269.35,2024-11-03 15:18:21
2970,TXN-002970,1,2025-03-18 12:49:43,422,CARD,9,236.15,18.89,0.0,255.04,2025-03-18 12:49:43
2971,TXN-002971,1,2025-01-06 14:42:58,427,CARD,3,27.77,2.13,1.16,28.74,2025-01-06 14:42:58
2972,TXN-002972,1,2025-04-02 12:16:15,80,CARD,13,303.47,24.27,0.0,327.74,2025-04-02 12:16:15
2973,TXN-002973,1,2025-05-13 15:16:59,420,CARD,9,203.46,15.75,6.45,212.76,2025-05-13 15:16:59
2974,TXN-002974,1,2024-09-11 20:59:45,,CARD,3,82.38,6.59,0.0,88.97,2024-09-11 20:59:45
2975,TXN-002975,1,2025-03-13 15:41:30,352,CASH,8,66.8,5.2,1.77,70.23,2025-03-13 15:41:30
2976,TXN-002976,1,2025-05-08 14:28:54,,CARD,7,153.91,12.03,3.4,162.54,2025-05-08 14:28:54
2977,TXN-002977,1,2024-04-28 16:37:41,,EWALLET,6,87.85,6.73,3.73,90.85,2024-04-28 16:37:41
2978,TXN-002978,1,2024-12-01 19:01:17,158,CARD,11,137.0,10.46,6.32,141.14,2024-12-01 19:01:17
2979,TXN-002979,1,2024-08-08 17:27:49,178,EWALLET,11,162.79,12.77,3.24,172.32,2024-08-08 17:27:49
2980,TXN-002980,1,2024-02-09 14:06:47,,CARD,4,46.05,3.69,0.0,49.74,2024-02-09 14:06:47
2981,TXN-002981,1,2024-11-24 14:20:08,,CARD,26,391.31,30.77,6.8,415.28,2024-11-24 14:20:08
2982,TXN-002982,1,2024-05-15 17:24:28,253,CASH,11,292.73,23.21,2.59,313.35,2024-05-15 17:24:28
2983,TXN-002983,1,2025-03-14 12:28:31,248,CARD,7,143.99,11.52,0.0,155.51,2025-03-14 12:28:31
2984,TXN-002984,1,2024-04-03 15:34:32,,EWALLET,12,225.36,18.03,0.0,243.39,2024-04-03 15:34:32
2985,TXN-002985,1,2024-12-16 11:35:35,342,EWALLET,5,116.87,9.25,1.32,124.8,2024-12-16 11:35:35
2986,TXN-002986,1,2024-05-04 17:14:36,,CARD,16,398.95,31.54,4.59,425.9,2024-05-04 17:14:36
2987,TXN-002987,1,2024-02-26 12:34:19,,CARD,13,353.67,28.03,3.24,378.46,2024-02-26 12:34:19
2988,TXN-002988,1,2024-05-06 12:50:29,,CARD,5,56.21,4.49,0.0,60.7,2024-05-06 12:50:29
2989,TXN-002989,1,2024-09-25 15:12:26,236,CARD,9,107.48,8.39,2.62,113.25,2024-09-25 15:12:26
2990,TXN-002990,1,2024-05-01 15:26:39,268,EWALLET,11,151.07,11.95,1.65,161.37,2024-05-01 15:26:39
2991,TXN-002991,1,2025-03-18 13:16:48,112,CARD,6,76.84,6.15,0.0,82.99,2025-03-18 13:16:48
2992,TXN-002992,1,2024-01-19 18:35:01,222,CARD,3,43.95,3.51,0.0,47.46,2024-01-19 18:35:01
2993,TXN-002993,1,2024-06-25 11:28:34,383,CASH,10,188.97,14.97,1.75,202.19,2024-06-25 11:28:34
2994,TXN-002994,1,2024-01-22 09:44:58,,CARD,13,234.3,18.53,2.72,250.11,2024-01-22 09:44:58
2995,TXN-002995,1,2025-04-02 18:45:50,219,CARD,3,104.75,8.38,0.0,113.13,2025-04-02 18:45:50
2996,TXN-002996,1,2024-05-14 20:13:13,,CARD,2,70.79,5.66,0.0,76.45,2024-05-14 20:13:13
2997,TXN-002997,1,2024-03-06 15:27:00,247,CARD,5,133.97,10.72,0.0,144.69,2024-03-06 15:27:00
2998,TXN-002998,1,2024-03-13 10:08:41,,EWALLET,12,185.67,14.67,2.26,198.08,2024-03-13 10:08:41
2999,TXN-002999,1,2024-01-20 21:27:17,,CARD,6,91.94,6.57,9.9,88.61,2024-01-20 21:27:17
3000,TXN-003000,1,2025-01-31 10:27:45,92,CARD,16,277.49,22.19,0.22,299.46,2025-01-31 10:27:45
3001,TXN-003001,1,2024-02-23 20:47:57,5,CARD,15,403.32,32.0,3.3,432.02,2024-02-23 20:47:57
3002,TXN-003002,1,2025-03-04 21:18:30,113,CASH,4,45.56,3.65,0.0,49.21,2025-03-04 21:18:30
3003,TXN-003003,1,2025-02-23 10:44:08,,CARD,19,319.02,23.84,21.21,321.65,2025-02-23 10:44:08
3004,TXN-003004,1,2024-06-11 13:23:04,,CASH,14,252.17,20.1,0.84,271.43,2024-06-11 13:23:04
3005,TXN-003005,1,2024-03-21 17:41:26,30,CASH,9,186.44,14.65,3.28,197.81,2024-03-21 17:41:26
3006,TXN-003006,1,2024-10-10 17:56:00,395,CARD,3,33.75,2.7,0.0,36.45,2024-10-10 17:56:00
3007,TXN-003007,1,2024-01-24 22:24:29,304,CASH,6,133.95,10.72,0.0,144.67,2024-01-24 22:24:29
3008,TXN-003008,1,2024-10-24 17:34:51,362,CARD,12,178.6,14.29,0.0,192.89,2024-10-24 17:34:51
3009,TXN-003009,1,2024-11-08 21:02:52,300,CARD,4,146.82,11.44,3.84,154.42,2024-11-08 21:02:52
3010,TXN-003010,1,2025-01-26 09:48:40,400,CARD,19,471.06,34.02,45.89,459.19,2025-01-26 09:48:40
3011,TXN-003011,1,2024-04-01 13:11:12,179,CARD,6,128.79,10.09,2.64,136.24,2024-04-01 13:11:12
3012,TXN-003012,1,2025-03-27 14:11:20,,CARD,11,182.31,14.59,0.0,196.9,2025-03-27 14:11:20
3013,TXN-003013,1,2024-06-15 16:01:36,406,CARD,12,179.91,14.18,2.68,191.41,2024-06-15 16:01:36
3014,TXN-003014,1,2024-02-13 11:34:31,403,CARD,10,130.19,10.31,1.18,139.32,2024-02-13 11:34:31
3015,TXN-003015,1,2024-10-09 19:27:17,,CARD,8,152.62,12.07,1.66,163.03,2024-10-09 19:27:17
3016,TXN-003016,1,2025-05-16 17:52:17,,CASH,8,199.87,15.65,4.28,211.24,2025-05-16 17:52:17
3017,TXN-003017,1,2024-01-17 22:23:16,,CARD,8,204.32,16.09,3.32,217.09,2024-01-17 22:23:16
3018,TXN-003018,1,2024-11-13 14:46:00,,CARD,11,282.29,22.27,3.9,300.66,2024-11-13 14:46:00
3019,TXN-003019,1,2024-05-04 21:24:58,,CARD,7,161.42,12.4,6.48,167.34,2024-05-04 21:24:58
3020,TXN-003020,1,2024-01-17 16:05:07,215,CARD,11,203.18,15.79,5.74,213.23,2024-01-17 16:05:07
3021,TXN-003021,1,2024-09-30 12:08:51,,CASH,13,296.11,23.51,2.1,317.52,2024-09-30 12:08:51
3022,TXN-003022,1,2024-07-25 11:26:55,227,CASH,10,135.8,10.82,0.6,146.02,2024-07-25 11:26:55
3023,TXN-003023,1,2024-07-03 17:41:32,,CASH,6,45.86,3.67,0.0,49.53,2024-07-03 17:41:32
3024,TXN-003024,1,2024-07-02 11:32:42,,CARD,15,393.73,31.41,1.11,424.03,2024-07-02 11:32:42
3025,TXN-003025,1,2024-12-30 13:54:27,,CARD,13,175.89,13.82,3.1,186.61,2024-12-30 13:54:27
3026,TXN-003026,1,2025-04-18 17:04:13,,CARD,15,293.49,23.19,3.7,312.98,2025-04-18 17:04:13
3027,TXN-003027,1,2024-10-11 09:06:12,,CARD,14,231.03,18.47,0.17,249.33,2024-10-11 09:06:12
3028,TXN-003028,1,2025-02-18 09:33:11,108,CASH,18,352.98,28.24,0.0,381.22,2025-02-18 09:33:11
3029,TXN-003029,1,2024-10-07 11:10:49,158,CARD,2,60.51,4.79,0.73,64.57,2024-10-07 11:10:49
3030,TXN-003030,1,2024-07-29 11:35:25,112,CARD,12,360.04,28.81,0.0,388.85,2024-07-29 11:35:25
3031,TXN-003031,1,2024-04-06 10:53:12,342,EWALLET,16,316.67,24.7,7.95,333.42,2024-04-06 10:53:12
3032,TXN-003032,1,2024-09-19 22:59:11,,EWALLET,16,273.75,21.74,1.95,293.54,2024-09-19 22:59:11
3033,TXN-003033,1,2024-07-04 10:50:07,,CARD,17,353.67,28.14,1.92,379.89,2024-07-04 10:50:07
3034,TXN-003034,1,2025-02-20 18:04:22,8,CASH,6,60.86,4.86,0.12,65.6,2025-02-20 18:04:22
3035,TXN-003035,1,2024-04-10 14:12:25,,CASH,9,209.54,16.75,0.11,226.18,2024-04-10 14:12:25
3036,TXN-003036,1,2024-03-20 19:26:59,303,CARD,3,91.69,7.34,0.0,99.03,2024-03-20 19:26:59
3037,TXN-003037,1,2025-05-05 10:50:27,,EWALLET,8,147.71,11.81,0.0,159.52,2025-05-05 10:50:27
3038,TXN-003038,1,2024-11-14 12:41:16,,EWALLET,7,162.66,13.02,0.0,175.68,2024-11-14 12:41:16
3039,TXN-003039,1,2025-02-11 16:57:17,430,CARD,10,78.84,6.22,1.02,84.04,2025-02-11 16:57:17
3040,TXN-003040,1,2024-02-05 12:41:24,,EWALLET,5,29.08,2.33,0.0,31.41,2024-02-05 12:41:24
3041,TXN-003041,1,2024-10-08 14:47:49,152,EWALLET,12,147.47,11.79,0.0,159.26,2024-10-08 14:47:49
3042,TXN-003042,1,2025-01-06 19:03:52,,CARD,5,65.72,5.26,0.0,70.98,2025-01-06 19:03:52
3043,TXN-003043,1,2025-04-02 09:56:39,,CARD,9,180.56,14.3,1.74,193.12,2025-04-02 09:56:39
3044,TXN-003044,1,2025-05-06 12:43:41,,EWALLET,12,176.0,14.08,0.0,190.08,2025-05-06 12:43:41
3045,TXN-003045,1,2024-01-31 16:23:12,472,EWALLET,17,346.03,27.36,3.88,369.51,2024-01-31 16:23:12
3046,TXN-003046,1,2024-04-04 16:24:36,334,CARD,11,194.62,15.57,0.0,210.19,2024-04-04 16:24:36
3047,TXN-003047,1,2024-10-05 13:55:30,,CARD,12,236.97,17.08,23.59,230.46,2024-10-05 13:55:30
3048,TXN-003048,1,2024-03-27 14:29:28,283,CARD,7,226.59,18.13,0.0,244.72,2024-03-27 14:29:28
3049,TXN-003049,1,2024-12-16 09:20:48,267,CASH,7,137.81,10.98,0.48,148.31,2024-12-16 09:20:48
3050,TXN-003050,1,2024-03-23 14:32:37,311,CARD,21,324.75,25.87,1.34,349.28,2024-03-23 14:32:37
3051,TXN-003051,1,2024-05-31 20:23:30,469,EWALLET,5,104.78,8.38,0.0,113.16,2024-05-31 20:23:30
3052,TXN-003052,1,2025-03-28 11:54:14,175,CARD,8,109.08,8.6,1.67,116.01,2025-03-28 11:54:14
3053,TXN-003053,1,2025-05-31 21:20:08,,CARD,8,118.2,8.98,5.96,121.22,2025-05-31 21:20:08
3054,TXN-003054,1,2024-11-16 10:13:38,32,EWALLET,12,153.43,11.75,6.74,158.44,2024-11-16 10:13:38
3055,TXN-003055,1,2024-05-08 22:54:32,1,CARD,15,192.09,14.98,4.85,202.22,2024-05-08 22:54:32
3056,TXN-003056,1,2025-02-06 20:55:33,181,CARD,8,113.32,9.07,0.0,122.39,2025-02-06 20:55:33
3057,TXN-003057,1,2025-01-08 17:07:52,,CARD,10,311.96,24.75,2.52,334.19,2025-01-08 17:07:52
3058,TXN-003058,1,2024-06-28 15:22:11,,CASH,13,227.71,18.22,0.0,245.93,2024-06-28 15:22:11
3059,TXN-003059,1,2025-04-19 10:13:44,,EWALLET,10,198.63,15.57,3.88,210.32,2025-04-19 10:13:44
3060,TXN-003060,1,2024-01-28 20:37:58,,CARD,14,293.58,20.69,34.95,279.32,2024-01-28 20:37:58
3061,TXN-003061,1,2024-12-02 10:19:58,22,EWALLET,16,404.01,32.19,1.62,434.58,2024-12-02 10:19:58
3062,TXN-003062,1,2024-04-20 14:39:18,147,CARD,13,367.17,28.83,6.68,389.32,2024-04-20 14:39:18
3063,TXN-003063,1,2024-03-08 21:33:20,,CASH,3,56.46,4.52,0.0,60.98,2024-03-08 21:33:20
3064,TXN-003064,1,2024-09-25 14:16:46,,CARD,7,137.49,10.85,1.8,146.54,2024-09-25 14:16:46
3065,TXN-003065,1,2025-03-02 12:16:41,313,CARD,13,306.64,24.51,0.24,330.91,2025-03-02 12:16:41
3066,TXN-003066,1,2024-04-28 14:55:43,77,CARD,11,92.89,7.01,5.29,94.61,2024-04-28 14:55:43
3067,TXN-003067,1,2024-11-20 16:43:04,435,CARD,7,100.65,8.05,0.0,108.7,2024-11-20 16:43:04
3068,TXN-003068,1,2024-12-25 11:43:08,92,CARD,6,79.33,6.35,0.0,85.68,2024-12-25 11:43:08
3069,TXN-003069,1,2024-12-09 11:46:26,78,CARD,11,274.1,21.94,0.0,296.04,2024-12-09 11:46:26
3070,TXN-003070,1,2024-04-17 08:02:15,,CARD,3,20.44,1.57,0.78,21.23,2024-04-17 08:02:15
3071,TXN-003071,1,2024-07-19 10:57:54,121,CARD,17,231.56,18.19,4.17,245.58,2024-07-19 10:57:54
3072,TXN-003072,1,2024-05-17 13:34:02,,CARD,3,69.65,5.33,2.96,72.02,2024-05-17 13:34:02
3073,TXN-003073,1,2024-01-28 19:29:22,,CARD,9,167.24,13.38,0.0,180.62,2024-01-28 19:29:22
3074,TXN-003074,1,2024-12-14 13:03:15,,EWALLET,15,221.49,16.9,10.18,228.21,2024-12-14 13:03:15
3075,TXN-003075,1,2025-02-11 12:40:09,,CARD,4,87.26,6.98,0.0,94.24,2025-02-11 12:40:09
3076,TXN-003076,1,2024-02-04 20:32:00,219,EWALLET,17,477.99,36.84,17.44,497.39,2024-02-04 20:32:00
3077,TXN-003077,1,2024-11-07 18:31:17,171,CARD,7,198.56,15.52,4.5,209.58,2024-11-07 18:31:17
3078,TXN-003078,1,2024-12-28 17:17:46,244,CASH,5,85.6,6.81,0.45,91.96,2024-12-28 17:17:46
3079,TXN-003079,1,2024-10-29 15:52:00,94,CASH,5,31.24,2.49,0.0,33.73,2024-10-29 15:52:00
3080,TXN-003080,1,2024-08-05 15:09:43,395,CARD,8,137.26,10.98,0.0,148.24,2024-08-05 15:09:43
3081,TXN-003081,1,2024-07-16 13:41:47,9,CARD,15,363.71,28.73,4.46,387.98,2024-07-16 13:41:47
3082,TXN-003082,1,2024-06-13 18:14:04,51,CARD,9,234.14,18.74,0.0,252.88,2024-06-13 18:14:04
3083,TXN-003083,1,2024-06-02 17:55:39,497,CARD,8,121.62,9.63,1.4,129.85,2024-06-02 17:55:39
3084,TXN-003084,1,2024-06-17 11:34:00,159,CARD,7,209.3,16.61,1.75,224.16,2024-06-17 11:34:00
3085,TXN-003085,1,2024-11-14 16:32:47,452,CARD,16,272.42,21.8,0.0,294.22,2024-11-14 16:32:47
3086,TXN-003086,1,2024-10-03 13:50:24,,CASH,9,142.37,11.34,0.58,153.13,2024-10-03 13:50:24
3087,TXN-003087,1,2024-07-20 08:35:09,28,CARD,14,155.55,11.7,9.35,157.9,2024-07-20 08:35:09
3088,TXN-003088,1,2024-02-08 16:11:33,335,CASH,5,209.81,16.29,6.2,219.9,2024-02-08 16:11:33
3089,TXN-003089,1,2024-12-03 14:12:00,,CARD,15,519.43,41.13,5.24,555.32,2024-12-03 14:12:00
3090,TXN-003090,1,2024-04-28 12:32:35,,CARD,14,244.06,18.17,17.08,245.15,2024-04-28 12:32:35
3091,TXN-003091,1,2024-02-12 13:26:50,414,CARD,11,262.21,20.98,0.0,283.19,2024-02-12 13:26:50
3092,TXN-003092,1,2024-12-01 13:58:25,,CARD,16,232.67,18.58,0.45,250.8,2024-12-01 13:58:25
3093,TXN-003093,1,2024-03-07 16:00:10,150,CARD,13,360.53,28.02,10.4,378.15,2024-03-07 16:00:10
3094,TXN-003094,1,2025-03-01 17:25:20,113,EWALLET,15,402.25,31.07,13.93,419.39,2025-03-01 17:25:20
3095,TXN-003095,1,2024-06-27 16:40:07,11,CARD,7,60.04,4.76,0.44,64.36,2024-06-27 16:40:07
3096,TXN-003096,1,2025-05-06 20:57:02,388,CARD,10,115.96,9.19,1.1,124.05,2025-05-06 20:57:02
3097,TXN-003097,1,2024-09-16 12:01:28,146,CASH,7,107.96,8.34,3.85,112.45,2024-09-16 12:01:28
3098,TXN-003098,1,2025-05-30 17:12:37,242,CASH,4,81.73,6.54,0.0,88.27,2025-05-30 17:12:37
3099,TXN-003099,1,2024-06-07 09:57:21,466,EWALLET,18,538.51,43.08,0.0,581.59,2024-06-07 09:57:21
3100,TXN-003100,1,2024-08-05 17:24:08,,CASH,15,177.94,14.24,0.0,192.18,2024-08-05 17:24:08
3101,TXN-003101,1,2024-02-23 15:55:06,212,EWALLET,17,335.59,26.85,0.0,362.44,2024-02-23 15:55:06
3102,TXN-003102,1,2024-07-31 15:59:14,,EWALLET,12,299.12,23.33,7.46,314.99,2024-07-31 15:59:14
3103,TXN-003103,1,2024-06-27 20:50:56,,EWALLET,15,155.25,12.19,2.92,164.52,2024-06-27 20:50:56
3104,TXN-003104,1,2024-08-25 12:35:37,465,CARD,9,216.97,17.36,0.0,234.33,2024-08-25 12:35:37
3105,TXN-003105,1,2025-02-16 09:53:18,,CARD,17,260.07,20.02,9.87,270.22,2025-02-16 09:53:18
3106,TXN-003106,1,2024-10-16 17:19:54,209,EWALLET,18,384.38,30.64,1.5,413.52,2024-10-16 17:19:54
3107,TXN-003107,1,2025-01-31 19:37:12,,CARD,6,180.36,14.43,0.0,194.79,2025-01-31 19:37:12
3108,TXN-003108,1,2024-06-02 15:49:58,,CARD,13,332.79,26.04,7.25,351.58,2024-06-02 15:49:58
3109,TXN-003109,1,2024-11-28 17:26:27,352,EWALLET,11,188.56,15.0,0.96,202.6,2024-11-28 17:26:27
3110,TXN-003110,1,2024-06-07 15:14:41,,CARD,13,235.6,18.84,0.0,254.44,2024-06-07 15:14:41
3111,TXN-003111,1,2024-03-26 10:43:59,293,EWALLET,7,111.61,8.93,0.0,120.54,2024-03-26 10:43:59
3112,TXN-003112,1,2024-10-05 13:17:58,433,CARD,10,103.23,7.19,13.35,97.07,2024-10-05 13:17:58
3113,TXN-003113,1,2024-02-25 12:51:45,,EWALLET,10,186.51,14.02,11.33,189.2,2024-02-25 12:51:45
3114,TXN-003114,1,2024-04-03 16:42:22,448,CARD,13,110.53,8.84,0.0,119.37,2024-04-03 16:42:22
3115,TXN-003115,1,2024-09-17 14:20:23,,EWALLET,4,92.36,7.39,0.0,99.75,2024-09-17 14:20:23
3116,TXN-003116,1,2025-02-24 15:02:56,,CARD,17,258.9,20.56,1.88,277.58,2025-02-24 15:02:56
3117,TXN-003117,1,2024-02-25 21:04:43,478,CARD,13,258.02,19.7,11.74,265.98,2024-02-25 21:04:43
3118,TXN-003118,1,2024-10-21 15:22:52,164,EWALLET,6,17.56,1.39,0.2,18.75,2024-10-21 15:22:52
3119,TXN-003119,1,2025-04-01 19:17:55,118,CARD,10,292.52,23.03,4.59,310.96,2025-04-01 19:17:55
3120,TXN-003120,1,2024-04-29 13:17:19,428,CASH,13,386.49,30.91,0.0,417.4,2024-04-29 13:17:19
3121,TXN-003121,1,2024-02-02 15:53:40,,EWALLET,13,368.16,29.44,0.0,397.6,2024-02-02 15:53:40
3122,TXN-003122,1,2025-01-23 11:51:42,,CARD,10,343.59,27.49,0.0,371.08,2025-01-23 11:51:42
3123,TXN-003123,1,2024-01-02 17:43:33,316,EWALLET,11,133.72,10.65,0.48,143.89,2024-01-02 17:43:33
3124,TXN-003124,1,2024-08-28 11:26:34,,EWALLET,14,176.42,13.74,4.73,185.43,2024-08-28 11:26:34
3125,TXN-003125,1,2024-06-14 16:27:17,112,CARD,6,39.0,3.12,0.0,42.12,2024-06-14 16:27:17
3126,TXN-003126,1,2024-06-03 16:10:25,,CARD,10,213.5,17.08,0.0,230.58,2024-06-03 16:10:25
3127,TXN-003127,1,2024-02-04 15:24:37,274,CARD,11,173.18,13.62,2.9,183.9,2024-02-04 15:24:37
3128,TXN-003128,1,2024-11-10 16:43:44,123,CARD,14,297.15,23.09,8.62,311.62,2024-11-10 16:43:44
3129,TXN-003129,1,2024-10-09 12:21:26,,CASH,3,53.24,4.26,0.0,57.5,2024-10-09 12:21:26
3130,TXN-003130,1,2025-05-08 12:50:35,101,CARD,6,102.7,8.22,0.0,110.92,2025-05-08 12:50:35
3131,TXN-003131,1,2024-12-24 19:41:46,422,CASH,7,129.44,10.35,0.0,139.79,2024-12-24 19:41:46
3132,TXN-003132,1,2025-02-20 15:17:43,,CARD,5,100.44,7.9,1.71,106.63,2025-02-20 15:17:43
3133,TXN-003133,1,2024-04-16 20:42:57,,CARD,6,162.38,12.89,1.24,174.03,2024-04-16 20:42:57
3134,TXN-003134,1,2024-01-24 09:04:56,125,CARD,13,349.01,27.5,5.28,371.23,2024-01-24 09:04:56
3135,TXN-003135,1,2024-11-17 16:01:39,,CARD,12,247.54,18.34,18.22,247.66,2024-11-17 16:01:39
3136,TXN-003136,1,2025-03-27 11:11:59,,CARD,8,246.39,19.54,2.22,263.71,2025-03-27 11:11:59
3137,TXN-003137,1,2024-01-05 18:29:44,,CASH,9,152.11,12.17,0.0,164.28,2024-01-05 18:29:44
3138,TXN-003138,1,2025-03-19 16:10:02,,EWALLET,16,330.15,26.03,4.47,351.71,2025-03-19 16:10:02
3139,TXN-003139,1,2024-06-25 14:11:01,403,EWALLET,4,18.06,1.39,0.72,18.73,2024-06-25 14:11:01
3140,TXN-003140,1,2024-02-12 13:44:58,368,CARD,6,31.69,2.49,0.57,33.61,2024-02-12 13:44:58
3141,TXN-003141,1,2025-05-28 10:51:47,,CARD,16,248.67,19.77,1.62,266.82,2025-05-28 10:51:47
3142,TXN-003142,1,2024-03-14 13:16:41,,EWALLET,11,98.3,7.52,4.21,101.61,2024-03-14 13:16:41
3143,TXN-003143,1,2024-11-06 17:52:09,477,EWALLET,3,93.48,7.31,2.06,98.73,2024-11-06 17:52:09
3144,TXN-003144,1,2024-05-27 20:50:44,423,CASH,13,314.36,24.63,6.45,332.54,2024-05-27 20:50:44
3145,TXN-003145,1,2024-09-18 20:12:35,412,CARD,13,269.85,21.21,4.83,286.23,2024-09-18 20:12:35
3146,TXN-003146,1,2024-08-23 19:53:57,,CARD,12,301.09,24.09,0.0,325.18,2024-08-23 19:53:57
3147,TXN-003147,1,2024-01-11 20:44:49,,EWALLET,4,20.34,1.61,0.24,21.71,2024-01-11 20:44:49
3148,TXN-003148,1,2025-03-31 17:44:17,41,CARD,12,328.43,25.74,6.63,347.54,2025-03-31 17:44:17
3149,TXN-003149,1,2025-01-18 13:28:06,,CASH,11,154.31,11.75,7.37,158.69,2025-01-18 13:28:06
3150,TXN-003150,1,2024-01-15 16:30:21,97,CARD,15,391.52,30.96,4.71,417.77,2024-01-15 16:30:21
3151,TXN-003151,1,2024-01-02 20:16:52,,EWALLET,12,262.05,20.96,0.0,283.01,2024-01-02 20:16:52
3152,TXN-003152,1,2024-11-13 17:47:29,459,CARD,8,255.74,20.42,0.45,275.71,2024-11-13 17:47:29
3153,TXN-003153,1,2024-11-14 19:52:47,123,CASH,16,299.47,23.67,3.63,319.51,2024-11-14 19:52:47
3154,TXN-003154,1,2024-11-02 20:12:46,427,CASH,15,224.21,17.33,7.75,233.79,2024-11-02 20:12:46
3155,TXN-003155,1,2024-03-30 14:45:25,367,CARD,6,89.92,6.41,9.73,86.6,2024-03-30 14:45:25
3156,TXN-003156,1,2024-11-23 15:10:37,458,CARD,16,349.86,27.96,0.33,377.49,2024-11-23 15:10:37
3157,TXN-003157,1,2025-01-05 15:02:20,,CARD,16,400.82,31.32,9.41,422.73,2025-01-05 15:02:20
3158,TXN-003158,1,2024-05-14 15:26:53,378,CASH,15,215.79,17.18,1.07,231.9,2024-05-14 15:26:53
3159,TXN-003159,1,2024-02-18 17:57:25,,CARD,10,159.29,12.65,1.24,170.7,2024-02-18 17:57:25
3160,TXN-003160,1,2024-07-09 21:02:26,403,CARD,7,87.31,6.98,0.0,94.29,2024-07-09 21:02:26
3161,TXN-003161,1,2024-12-07 18:36:21,446,CARD,12,195.13,15.47,1.86,208.74,2024-12-07 18:36:21
3162,TXN-003162,1,2024-06-27 15:10:33,,CARD,8,144.11,11.53,0.0,155.64,2024-06-27 15:10:33
3163,TXN-003163,1,2024-12-13 11:00:07,226,CARD,10,217.75,17.06,4.63,230.18,2024-12-13 11:00:07
3164,TXN-003164,1,2024-01-24 08:22:28,186,EWALLET,4,31.58,2.52,0.0,34.1,2024-01-24 08:22:28
3165,TXN-003165,1,2025-02-27 19:16:39,,CASH,7,97.27,7.78,0.0,105.05,2025-02-27 19:16:39
3166,TXN-003166,1,2024-03-31 13:26:37,,CARD,9,173.29,13.85,0.33,186.81,2024-03-31 13:26:37
3167,TXN-003167,1,2024-08-10 08:53:09,,CASH,16,219.12,16.75,9.78,226.09,2024-08-10 08:53:09
3168,TXN-003168,1,2025-03-13 20:56:27,285,CARD,7,170.97,13.53,1.87,182.63,2025-03-13 20:56:27
3169,TXN-003169,1,2024-05-15 18:31:06,275,EWALLET,12,256.69,20.44,1.3,275.83,2024-05-15 18:31:06
3170,TXN-003170,1,2024-01-18 20:27:39,450,CARD,8,162.16,12.49,6.08,168.57,2024-01-18 20:27:39
3171,TXN-003171,1,2024-03-17 17:14:33,247,CARD,9,101.35,8.1,0.0,109.45,2024-03-17 17:14:33
3172,TXN-003172,1,2025-01-06 15:04:43,437,CASH,8,108.96,8.63,1.1,116.49,2025-01-06 15:04:43
3173,TXN-003173,1,2024-07-20 12:13:51,,EWALLET,13,108.27,8.59,0.81,116.05,2024-07-20 12:13:51
3174,TXN-003174,1,2024-04-23 20:40:48,,CARD,16,300.01,23.8,2.52,321.29,2024-04-23 20:40:48
3175,TXN-003175,1,2024-02-08 17:32:26,,CARD,9,199.8,15.71,3.5,212.01,2024-02-08 17:32:26
3176,TXN-003176,1,2025-01-31 18:55:09,57,CARD,10,160.07,12.81,0.0,172.88,2025-01-31 18:55:09
3177,TXN-003177,1,2025-04-21 13:12:54,,CASH,4,105.38,8.31,1.58,112.11,2025-04-21 13:12:54
3178,TXN-003178,1,2024-06-24 15:53:58,380,CARD,11,203.75,16.16,1.83,218.08,2024-06-24 15:53:58
3179,TXN-003179,1,2024-07-17 15:46:03,46,CASH,11,142.97,11.26,2.22,152.01,2024-07-17 15:46:03
3180,TXN-003180,1,2024-11-14 16:36:55,27,CARD,4,183.04,14.64,0.0,197.68,2024-11-14 16:36:55
3181,TXN-003181,1,2024-06-05 10:21:43,234,EWALLET,9,186.83,14.75,2.36,199.22,2024-06-05 10:21:43
3182,TXN-003182,1,2024-08-14 15:04:38,275,CARD,4,84.86,6.79,0.0,91.65,2024-08-14 15:04:38
3183,TXN-003183,1,2025-05-30 15:15:32,274,EWALLET,12,224.94,17.81,2.44,240.31,2025-05-30 15:15:32
3184,TXN-003184,1,2025-01-15 13:47:05,,CARD,8,147.07,11.66,1.38,157.35,2025-01-15 13:47:05
3185,TXN-003185,1,2024-04-07 21:37:48,159,CARD,19,441.28,34.16,14.28,461.16,2024-04-07 21:37:48
3186,TXN-003186,1,2024-01-21 16:53:34,493,CARD,14,114.85,8.85,4.28,119.42,2024-01-21 16:53:34
3187,TXN-003187,1,2024-12-02 15:37:32,82,CARD,9,55.17,4.4,0.18,59.39,2024-12-02 15:37:32
3188,TXN-003188,1,2024-03-27 13:03:06,437,CARD,12,214.51,17.04,1.56,229.99,2024-03-27 13:03:06
3189,TXN-003189,1,2024-06-06 20:39:57,412,CASH,13,311.53,24.75,2.21,334.07,2024-06-06 20:39:57
3190,TXN-003190,1,2024-06-07 13:51:14,302,CARD,13,284.52,22.57,2.4,304.69,2024-06-07 13:51:14
3191,TXN-003191,1,2025-05-26 15:07:26,146,CARD,15,426.41,33.84,3.36,456.89,2025-05-26 15:07:26
3192,TXN-003192,1,2024-01-20 09:26:08,174,EWALLET,11,124.14,8.69,15.78,117.05,2024-01-20 09:26:08
3193,TXN-003193,1,2024-02-23 15:12:31,439,CARD,8,231.03,17.8,8.5,240.33,2024-02-23 15:12:31
3194,TXN-003194,1,2024-05-02 15:28:35,445,CARD,9,181.12,14.31,2.25,193.18,2024-05-02 15:28:35
3195,TXN-003195,1,2024-08-13 13:27:17,200,CARD,5,167.11,12.7,8.34,171.47,2024-08-13 13:27:17
3196,TXN-003196,1,2025-03-19 18:17:35,,CARD,3,88.41,7.07,0.0,95.48,2025-03-19 18:17:35
3197,TXN-003197,1,2024-05-19 10:48:26,162,CARD,16,294.96,22.49,14.04,303.41,2024-05-19 10:48:26
3198,TXN-003198,1,2024-08-02 13:29:58,26,CARD,6,153.22,12.25,0.0,165.47,2024-08-02 13:29:58
3199,TXN-003199,1,2024-11-19 20:39:48,493,EWALLET,7,84.02,6.72,0.0,90.74,2024-11-19 20:39:48
3200,TXN-003200,1,2024-09-29 17:13:03,183,CASH,13,269.67,20.78,9.79,280.66,2024-09-29 17:13:03
3201,TXN-003201,1,2024-07-19 19:57:41,153,CARD,11,120.19,9.43,2.32,127.3,2024-07-19 19:57:41
3202,TXN-003202,1,2025-02-08 15:09:08,236,EWALLET,11,142.06,11.29,0.91,152.44,2025-02-08 15:09:08
3203,TXN-003203,1,2024-01-24 16:45:30,180,CARD,8,152.41,12.15,0.49,164.07,2024-01-24 16:45:30
3204,TXN-003204,1,2024-06-01 15:03:24,,CARD,5,186.65,14.48,5.58,195.55,2024-06-01 15:03:24
3205,TXN-003205,1,2024-10-10 14:01:14,407,EWALLET,3,17.25,1.38,0.0,18.63,2024-10-10 14:01:14
3206,TXN-003206,1,2025-05-06 09:59:38,,CASH,11,304.93,24.06,4.37,324.62,2025-05-06 09:59:38
3207,TXN-003207,1,2024-10-13 15:51:39,,CARD,12,191.35,13.56,21.98,182.93,2024-10-13 15:51:39
3208,TXN-003208,1,2024-11-21 17:24:22,495,CARD,8,151.13,11.81,3.6,159.34,2024-11-21 17:24:22
3209,TXN-003209,1,2024-10-09 19:30:50,230,CARD,3,58.21,4.54,1.43,61.32,2024-10-09 19:30:50
3210,TXN-003210,1,2025-01-31 18:07:42,,EWALLET,4,23.18,1.85,0.0,25.03,2025-01-31 18:07:42
3211,TXN-003211,1,2024-03-22 11:43:51,2,CARD,7,83.23,6.56,1.27,88.52,2024-03-22 11:43:51
3212,TXN-003212,1,2024-03-27 10:26:05,56,CARD,11,175.47,13.87,1.96,187.38,2024-03-27 10:26:05
3213,TXN-003213,1,2025-03-08 15:46:29,42,EWALLET,9,207.78,16.61,0.0,224.39,2025-03-08 15:46:29
3214,TXN-003214,1,2024-02-12 17:31:53,,EWALLET,5,132.96,10.64,0.0,143.6,2024-02-12 17:31:53
3215,TXN-003215,1,2024-11-14 21:29:55,,CARD,12,376.41,30.1,0.0,406.51,2024-11-14 21:29:55
3216,TXN-003216,1,2024-03-09 14:46:54,,CASH,7,189.42,13.59,19.54,183.47,2024-03-09 14:46:54
3217,TXN-003217,1,2025-05-04 19:32:06,153,CASH,10,194.7,15.37,2.43,207.64,2025-05-04 19:32:06
3218,TXN-003218,1,2024-11-14 18:56:16,,EWALLET,9,152.58,12.03,2.21,162.4,2024-11-14 18:56:16
3219,TXN-003219,1,2024-07-06 19:03:25,306,CASH,17,439.12,31.74,42.46,428.4,2024-07-06 19:03:25
3220,TXN-003220,1,2024-07-30 10:39:20,351,CARD,7,175.41,13.47,7.09,181.79,2024-07-30 10:39:20
3221,TXN-003221,1,2024-03-07 08:24:12,,CARD,8,172.04,13.76,0.0,185.8,2024-03-07 08:24:12
3222,TXN-003222,1,2025-05-26 14:12:05,468,CARD,13,426.15,34.1,0.0,460.25,2025-05-26 14:12:05
3223,TXN-003223,1,2025-03-27 11:55:02,,CASH,6,104.75,8.28,1.23,111.8,2025-03-27 11:55:02
3224,TXN-003224,1,2024-12-25 17:42:04,488,CASH,7,204.55,15.96,4.99,215.52,2024-12-25 17:42:04
3225,TXN-003225,1,2024-03-16 11:39:43,242,CARD,13,202.88,16.06,2.1,216.84,2024-03-16 11:39:43
3226,TXN-003226,1,2025-05-20 18:29:41,64,CARD,8,102.34,8.19,0.0,110.53,2025-05-20 18:29:41
3227,TXN-003227,1,2024-02-18 21:36:26,,CARD,17,396.78,30.99,9.5,418.27,2024-02-18 21:36:26
3228,TXN-003228,1,2024-06-15 12:08:31,402,CARD,21,434.4,31.91,35.56,430.75,2024-06-15 12:08:31
3229,TXN-003229,1,2024-02-24 12:26:34,,CASH,17,302.4,23.41,9.79,316.02,2024-02-24 12:26:34
3230,TXN-003230,1,2024-10-11 20:37:41,481,CARD,3,74.47,5.91,0.6,79.78,2024-10-11 20:37:41
3231,TXN-003231,1,2025-04-25 10:48:00,279,CARD,6,172.93,13.36,5.97,180.32,2025-04-25 10:48:00
3232,TXN-003232,1,2025-02-12 15:19:53,,CARD,11,302.02,23.96,2.57,323.41,2025-02-12 15:19:53
3233,TXN-003233,1,2024-05-01 14:58:02,338,CARD,7,81.53,6.28,3.02,84.79,2024-05-01 14:58:02
3234,TXN-003234,1,2024-12-11 13:28:21,377,CARD,3,86.75,6.92,0.23,93.44,2024-12-11 13:28:21
3235,TXN-003235,1,2024-06-21 16:18:04,,CARD,13,290.41,23.22,0.0,313.63,2024-06-21 16:18:04
3236,TXN-003236,1,2025-01-15 11:13:40,,CARD,13,131.04,10.45,0.48,141.01,2025-01-15 11:13:40
3237,TXN-003237,1,2024-09-25 19:47:16,,CARD,7,109.53,8.76,0.0,118.29,2024-09-25 19:47:16
3238,TXN-003238,1,2024-03-25 19:03:22,,CASH,5,121.54,9.41,3.9,127.05,2024-03-25 19:03:22
3239,TXN-003239,1,2025-04-04 17:30:48,35,EWALLET,8,95.9,7.33,4.23,99.0,2025-04-04 17:30:48
3240,TXN-003240,1,2024-02-05 12:29:44,390,EWALLET,11,326.29,26.08,0.27,352.1,2024-02-05 12:29:44
3241,TXN-003241,1,2025-01-12 13:26:25,,CARD,10,363.77,28.51,7.3,384.98,2025-01-12 13:26:25
3242,TXN-003242,1,2024-04-28 12:46:38,,CARD,17,377.02,28.94,15.34,390.62,2024-04-28 12:46:38
3243,TXN-003243,1,2024-07-18 14:08:53,380,CARD,5,154.43,12.35,0.0,166.78,2024-07-18 14:08:53
3244,TXN-003244,1,2025-01-06 11:51:52,160,CARD,8,165.39,13.23,0.0,178.62,2025-01-06 11:51:52
3245,TXN-003245,1,2025-03-25 20:58:08,220,EWALLET,9,267.84,21.39,0.52,288.71,2025-03-25 20:58:08
3246,TXN-003246,1,2024-11-07 15:08:56,303,CASH,13,286.73,22.77,2.1,307.4,2024-11-07 15:08:56
3247,TXN-003247,1,2024-06-02 14:35:51,,CASH,14,245.61,19.04,7.67,256.98,2024-06-02 14:35:51
3248,TXN-003248,1,2024-09-15 15:56:07,484,CARD,11,118.52,8.51,12.25,114.78,2024-09-15 15:56:07
3249,TXN-003249,1,2024-01-13 14:33:59,,CASH,17,224.98,16.08,24.04,217.02,2024-01-13 14:33:59
3250,TXN-003250,1,2025-04-13 16:15:26,473,CARD,11,226.14,17.65,5.47,238.32,2025-04-13 16:15:26
3251,TXN-003251,1,2025-03-07 21:29:25,,CARD,6,164.88,13.2,0.0,178.08,2025-03-07 21:29:25
3252,TXN-003252,1,2024-05-01 12:42:50,367,CARD,7,169.73,13.45,1.68,181.5,2024-05-01 12:42:50
3253,TXN-003253,1,2024-08-12 14:08:50,141,EWALLET,10,112.25,8.91,0.72,120.44,2024-08-12 14:08:50
3254,TXN-003254,1,2024-10-03 11:40:24,,CARD,7,160.79,12.86,0.0,173.65,2024-10-03 11:40:24
3255,TXN-003255,1,2025-01-01 11:58:11,,CARD,12,112.84,8.84,2.25,119.43,2025-01-01 11:58:11
3256,TXN-003256,1,2024-09-24 21:42:25,,CARD,6,77.28,6.03,1.88,81.43,2024-09-24 21:42:25
3257,TXN-003257,1,2024-11-01 15:56:35,,CASH,4,88.01,6.91,1.64,93.28,2024-11-01 15:56:35
3258,TXN-003258,1,2025-02-07 11:10:30,,CARD,11,293.19,23.47,0.0,316.66,2025-02-07 11:10:30
3259,TXN-003259,1,2025-04-28 11:47:06,33,CARD,14,382.2,30.31,3.5,409.01,2025-04-28 11:47:06
3260,TXN-003260,1,2024-06-22 12:43:19,78,CASH,19,292.8,22.14,16.21,298.73,2024-06-22 12:43:19
3261,TXN-003261,1,2024-12-03 19:14:06,71,CARD,7,57.84,4.61,0.24,62.21,2024-12-03 19:14:06
3262,TXN-003262,1,2024-10-16 17:19:13,385,CASH,16,286.78,22.94,0.0,309.72,2024-10-16 17:19:13
3263,TXN-003263,1,2024-07-21 22:52:48,,CARD,17,353.73,26.76,19.12,361.37,2024-07-21 22:52:48
3264,TXN-003264,1,2025-01-20 09:49:33,,EWALLET,7,220.78,17.62,0.47,237.93,2025-01-20 09:49:33
3265,TXN-003265,1,2024-12-18 11:47:08,,CARD,4,84.09,6.56,2.09,88.56,2024-12-18 11:47:08
3266,TXN-003266,1,2024-05-17 21:51:34,105,CASH,7,188.98,14.67,5.66,197.99,2024-05-17 21:51:34
3267,TXN-003267,1,2024-06-16 14:54:54,301,CARD,11,190.04,15.07,1.68,203.43,2024-06-16 14:54:54
3268,TXN-003268,1,2024-06-01 18:26:42,273,CARD,15,334.99,24.46,29.18,330.27,2024-06-01 18:26:42
3269,TXN-003269,1,2024-12-11 22:23:31,,CARD,5,43.43,3.34,1.73,45.04,2024-12-11 22:23:31
3270,TXN-003270,1,2024-03-11 09:51:25,241,CARD,6,101.44,7.81,3.93,105.32,2024-03-11 09:51:25
3271,TXN-003271,1,2024-10-27 15:34:35,,CASH,20,435.24,34.43,4.91,464.76,2024-10-27 15:34:35
3272,TXN-003272,1,2024-08-25 19:40:44,468,CARD,12,227.01,17.3,10.79,233.52,2024-08-25 19:40:44
3273,TXN-003273,1,2025-02-22 21:40:25,412,CARD,17,341.35,27.23,0.78,367.8,2025-02-22 21:40:25
3274,TXN-003274,1,2024-01-02 14:26:31,,CARD,7,132.95,10.27,4.5,138.72,2024-01-02 14:26:31
3275,TXN-003275,1,2024-11-16 17:16:26,329,CASH,12,329.11,24.61,21.53,332.19,2024-11-16 17:16:26
3276,TXN-003276,1,2024-10-29 13:47:07,82,CASH,16,160.95,12.46,5.22,168.19,2024-10-29 13:47:07
3277,TXN-003277,1,2024-02-16 12:14:12,415,CARD,5,68.32,5.35,1.37,72.3,2024-02-16 12:14:12
3278,TXN-003278,1,2025-01-16 16:29:42,170,EWALLET,18,302.93,24.24,0.0,327.17,2025-01-16 16:29:42
3279,TXN-003279,1,2024-08-25 13:28:03,386,CASH,8,124.44,9.11,10.46,123.09,2024-08-25 13:28:03
3280,TXN-003280,1,2025-04-01 18:10:28,118,CASH,11,341.25,27.31,0.0,368.56,2025-04-01 18:10:28
3281,TXN-003281,1,2024-02-09 12:54:37,,CARD,5,125.09,9.86,1.94,133.01,2024-02-09 12:54:37
3282,TXN-003282,1,2024-10-29 15:13:18,,CARD,14,253.5,20.17,1.31,272.36,2024-10-29 15:13:18
3283,TXN-003283,1,2024-12-20 13:05:55,6,CARD,9,182.42,14.6,0.0,197.02,2024-12-20 13:05:55
3284,TXN-003284,1,2024-04-24 17:46:17,446,CASH,6,181.12,13.95,6.68,188.39,2024-04-24 17:46:17
3285,TXN-003285,1,2024-11-28 22:01:21,121,CARD,7,138.64,11.05,0.45,149.24,2024-11-28 22:01:21
3286,TXN-003286,1,2025-02-18 11:23:22,,CARD,10,91.68,7.09,3.04,95.73,2025-02-18 11:23:22
3287,TXN-003287,1,2024-06-20 10:12:13,,CARD,13,122.27,9.63,1.87,130.03,2024-06-20 10:12:13
3288,TXN-003288,1,2024-11-10 10:07:15,,EWALLET,10,267.42,20.85,6.68,281.59,2024-11-10 10:07:15
3289,TXN-003289,1,2025-01-27 17:19:33,451,CARD,2,46.19,3.7,0.0,49.89,2025-01-27 17:19:33
3290,TXN-003290,1,2024-11-19 14:33:13,224,CARD,11,187.86,14.81,2.72,199.95,2024-11-19 14:33:13
3291,TXN-003291,1,2024-08-14 20:17:50,,CASH,7,159.92,12.66,1.68,170.9,2024-08-14 20:17:50
3292,TXN-003292,1,2025-04-08 19:58:28,109,CASH,7,103.23,8.23,0.27,111.19,2025-04-08 19:58:28
3293,TXN-003293,1,2024-07-29 14:13:21,217,CASH,16,225.94,17.75,4.19,239.5,2024-07-29 14:13:21
3294,TXN-003294,1,2024-07-30 19:05:34,78,EWALLET,6,212.86,17.03,0.0,229.89,2024-07-30 19:05:34
3295,TXN-003295,1,2025-04-26 13:39:12,,EWALLET,15,259.86,19.36,18.09,261.13,2025-04-26 13:39:12
3296,TXN-003296,1,2025-01-01 10:59:39,,CARD,15,167.78,13.33,1.16,179.95,2025-01-01 10:59:39
3297,TXN-003297,1,2024-12-09 11:26:32,,CARD,4,88.11,6.9,1.78,93.23,2024-12-09 11:26:32
3298,TXN-003298,1,2024-03-21 11:29:38,185,CARD,15,219.96,17.6,0.0,237.56,2024-03-21 11:29:38
3299,TXN-003299,1,2024-01-24 12:40:45,109,CASH,2,35.34,2.83,0.0,38.17,2024-01-24 12:40:45
3300,TXN-003300,1,2024-04-26 18:40:32,,CARD,13,160.2,12.76,0.86,172.1,2024-04-26 18:40:32
3301,TXN-003301,1,2025-04-11 16:43:38,,EWALLET,7,212.43,16.93,0.59,228.77,2025-04-11 16:43:38
3302,TXN-003302,1,2024-04-04 18:53:49,67,CASH,4,20.14,1.58,0.4,21.32,2024-04-04 18:53:49
3303,TXN-003303,1,2024-11-02 13:50:40,311,CARD,18,284.14,22.29,5.58,300.85,2024-11-02 13:50:40
3304,TXN-003304,1,2024-02-16 11:31:46,395,EWALLET,11,156.77,12.42,1.53,167.66,2024-02-16 11:31:46
3305,TXN-003305,1,2024-05-09 13:57:27,33,CARD,3,18.11,1.45,0.0,19.56,2024-05-09 13:57:27
3306,TXN-003306,1,2024-07-08 19:33:37,492,CARD,14,186.08,14.6,3.43,197.25,2024-07-08 19:33:37
3307,TXN-003307,1,2024-12-30 17:35:12,257,CARD,3,62.44,5.0,0.0,67.44,2024-12-30 17:35:12
3308,TXN-003308,1,2024-08-26 12:05:08,247,CARD,9,104.22,8.34,0.0,112.56,2024-08-26 12:05:08
3309,TXN-003309,1,2024-09-12 11:40:39,,EWALLET,3,39.26,3.14,0.0,42.4,2024-09-12 11:40:39
3310,TXN-003310,1,2024-07-17 12:04:39,238,CASH,8,246.15,19.14,6.91,258.38,2024-07-17 12:04:39
3311,TXN-003311,1,2024-01-28 17:36:07,32,CASH,19,312.71,23.9,14.13,322.48,2024-01-28 17:36:07
3312,TXN-003312,1,2024-12-02 12:40:00,,CARD,6,101.05,8.08,0.0,109.13,2024-12-02 12:40:00
3313,TXN-003313,1,2024-11-25 16:56:15,187,CASH,16,249.07,19.93,0.0,269.0,2024-11-25 16:56:15
3314,TXN-003314,1,2024-02-27 12:49:03,262,CARD,9,192.51,14.87,6.59,200.79,2024-02-27 12:49:03
3315,TXN-003315,1,2024-07-28 14:01:09,328,EWALLET,15,264.26,19.2,24.22,259.24,2024-07-28 14:01:09
3316,TXN-003316,1,2024-04-23 12:01:16,,CARD,8,122.25,9.78,0.0,132.03,2024-04-23 12:01:16
3317,TXN-003317,1,2024-03-20 15:30:56,,EWALLET,11,234.67,18.5,3.37,249.8,2024-03-20 15:30:56
3318,TXN-003318,1,2024-02-10 17:20:49,,CARD,16,442.79,34.13,16.2,460.72,2024-02-10 17:20:49
3319,TXN-003319,1,2024-12-08 14:38:12,337,CARD,5,136.17,10.56,4.27,142.46,2024-12-08 14:38:12
3320,TXN-003320,1,2025-01-13 18:27:57,208,EWALLET,7,245.31,19.62,0.0,264.93,2025-01-13 18:27:57
3321,TXN-003321,1,2025-03-06 15:56:01,399,CARD,12,198.77,15.78,1.47,213.08,2025-03-06 15:56:01
3322,TXN-003322,1,2024-05-29 09:00:55,,CARD,7,115.48,9.02,2.64,121.86,2024-05-29 09:00:55
3323,TXN-003323,1,2024-12-06 12:59:23,,CARD,15,275.97,22.01,0.89,297.09,2024-12-06 12:59:23
3324,TXN-003324,1,2025-01-15 15:43:06,,CARD,7,126.18,10.1,0.0,136.28,2025-01-15 15:43:06
3325,TXN-003325,1,2024-09-30 19:37:21,,EWALLET,14,259.59,20.36,5.2,274.75,2024-09-30 19:37:21
3326,TXN-003326,1,2024-11-29 18:47:17,387,CARD,10,105.26,8.36,0.81,112.81,2024-11-29 18:47:17
3327,TXN-003327,1,2024-01-25 09:37:22,133,CARD,5,52.9,4.24,0.0,57.14,2024-01-25 09:37:22
3328,TXN-003328,1,2024-05-31 12:11:29,,CARD,13,325.95,25.54,6.68,344.81,2024-05-31 12:11:29
3329,TXN-003329,1,2025-03-11 18:37:00,313,CARD,3,34.03,2.59,1.7,34.92,2025-03-11 18:37:00
3330,TXN-003330,1,2024-07-27 16:29:35,158,CARD,12,207.6,16.54,0.94,223.2,2024-07-27 16:29:35
3331,TXN-003331,1,2024-12-04 19:41:59,,CARD,18,262.2,20.21,9.5,272.91,2024-12-04 19:41:59
3332,TXN-003332,1,2025-04-05 09:21:02,42,CASH,18,473.96,36.87,13.07,497.76,2025-04-05 09:21:02
3333,TXN-003333,1,2025-02-05 09:42:17,91,EWALLET,7,199.26,15.36,7.21,207.41,2025-02-05 09:42:17
3334,TXN-003334,1,2025-05-19 14:05:46,192,CARD,2,23.21,1.83,0.3,24.74,2025-05-19 14:05:46
3335,TXN-003335,1,2025-05-20 20:14:17,341,CARD,9,152.92,11.92,3.89,160.95,2025-05-20 20:14:17
3336,TXN-003336,1,2025-03-06 11:35:52,,CARD,8,234.86,18.39,4.9,248.35,2025-03-06 11:35:52
3337,TXN-003337,1,2024-01-12 16:28:27,291,CARD,15,279.99,21.73,8.43,293.29,2024-01-12 16:28:27
3338,TXN-003338,1,2024-11-30 13:33:33,,CARD,10,224.47,15.6,29.54,210.53,2024-11-30 13:33:33
3339,TXN-003339,1,2024-10-05 16:14:34,114,CARD,11,222.89,17.82,0.15,240.56,2024-10-05 16:14:34
3340,TXN-003340,1,2024-02-21 10:51:18,316,CASH,8,64.02,5.1,0.22,68.9,2024-02-21 10:51:18
3341,TXN-003341,1,2024-08-19 18:36:57,102,CASH,14,264.94,20.94,3.18,282.7,2024-08-19 18:36:57
3342,TXN-003342,1,2024-11-02 17:53:13,,CARD,18,418.69,31.12,29.77,420.04,2024-11-02 17:53:13
3343,TXN-003343,1,2024-08-29 15:32:39,128,CARD,8,75.41,6.03,0.0,81.44,2024-08-29 15:32:39
3344,TXN-003344,1,2024-04-20 16:45:59,338,CARD,6,141.41,11.31,0.0,152.72,2024-04-20 16:45:59
3345,TXN-003345,1,2024-05-18 15:56:08,23,EWALLET,13,268.11,19.06,29.77,257.4,2024-05-18 15:56:08
3346,TXN-003346,1,2025-02-19 16:21:06,135,CASH,14,270.42,21.5,1.62,290.3,2025-02-19 16:21:06
3347,TXN-003347,1,2024-05-09 15:55:21,64,CARD,13,449.74,35.62,4.5,480.86,2024-05-09 15:55:21
3348,TXN-003348,1,2024-12-30 14:13:08,,CASH,6,141.88,11.35,0.0,153.23,2024-12-30 14:13:08
3349,TXN-003349,1,2024-02-01 17:30:25,425,CARD,15,326.23,25.94,1.98,350.19,2024-02-01 17:30:25
3350,TXN-003350,1,2024-09-14 08:41:30,172,CARD,15,231.48,17.44,13.68,235.24,2024-09-14 08:41:30
3351,TXN-003351,1,2024-01-15 12:30:39,,CARD,12,109.76,8.77,0.0,118.53,2024-01-15 12:30:39
3352,TXN-003352,1,2025-01-26 17:26:16,,CARD,13,314.18,21.79,41.87,294.1,2025-01-26 17:26:16
3353,TXN-003353,1,2024-08-23 21:35:50,384,CASH,19,342.84,26.7,9.15,360.39,2024-08-23 21:35:50
3354,TXN-003354,1,2024-01-20 12:14:46,325,CARD,16,226.64,17.65,5.91,238.38,2024-01-20 12:14:46
3355,TXN-003355,1,2024-01-30 18:17:09,450,CARD,15,367.14,29.27,1.27,395.14,2024-01-30 18:17:09
3356,TXN-003356,1,2025-01-09 15:56:05,,CASH,6,251.82,20.15,0.0,271.97,2025-01-09 15:56:05
3357,TXN-003357,1,2024-04-30 16:17:13,219,CASH,15,284.15,22.6,1.74,305.01,2024-04-30 16:17:13
3358,TXN-003358,1,2025-04-27 14:27:23,,CARD,8,95.33,7.23,4.8,97.76,2025-04-27 14:27:23
3359,TXN-003359,1,2024-09-30 20:25:15,166,CARD,6,130.16,10.42,0.0,140.58,2024-09-30 20:25:15
3360,TXN-003360,1,2025-02-10 13:59:54,473,CASH,6,157.1,12.57,0.0,169.67,2025-02-10 13:59:54
3361,TXN-003361,1,2025-04-23 11:46:54,496,CARD,2,51.75,4.14,0.0,55.89,2025-04-23 11:46:54
3362,TXN-003362,1,2024-08-16 21:40:32,2,CASH,10,292.48,23.04,4.46,311.06,2024-08-16 21:40:32
3363,TXN-003363,1,2025-03-11 14:34:38,,CARD,6,91.17,6.95,4.19,93.93,2025-03-11 14:34:38
3364,TXN-003364,1,2024-03-19 13:42:31,231,EWALLET,8,111.2,8.89,0.0,120.09,2024-03-19 13:42:31
3365,TXN-003365,1,2024-02-20 14:08:20,,EWALLET,18,295.06,23.46,1.86,316.66,2024-02-20 14:08:20
3366,TXN-003366,1,2025-01-25 17:04:54,156,CARD,8,93.74,7.42,0.96,100.2,2025-01-25 17:04:54
3367,TXN-003367,1,2024-11-21 17:05:56,,CASH,15,299.71,23.74,2.87,320.58,2024-11-21 17:05:56
3368,TXN-003368,1,2024-10-06 12:17:55,211,CARD,25,634.81,49.43,17.07,667.17,2024-10-06 12:17:55
3369,TXN-003369,1,2024-07-28 15:33:47,332,CARD,11,123.35,9.51,4.42,128.44,2024-07-28 15:33:47
3370,TXN-003370,1,2025-03-06 18:49:35,,EWALLET,8,183.5,14.54,1.77,196.27,2025-03-06 18:49:35
3371,TXN-003371,1,2025-05-07 15:11:11,388,CARD,2,42.11,3.37,0.0,45.48,2025-05-07 15:11:11
3372,TXN-003372,1,2024-08-14 15:42:10,385,EWALLET,10,202.05,16.17,0.0,218.22,2024-08-14 15:42:10
3373,TXN-003373,1,2024-02-17 13:05:03,500,EWALLET,15,323.02,25.59,3.06,345.55,2024-02-17 13:05:03
3374,TXN-003374,1,2024-01-07 14:04:06,57,CARD,18,376.56,29.32,10.07,395.81,2024-01-07 14:04:06
3375,TXN-003375,1,2024-08-25 19:05:07,8,CARD,18,370.36,26.87,34.41,362.82,2024-08-25 19:05:07
3376,TXN-003376,1,2024-08-28 08:58:09,455,CARD,9,198.53,15.75,1.72,212.56,2024-08-28 08:58:09
3377,TXN-003377,1,2024-07-21 13:42:46,108,CARD,8,210.43,16.51,4.11,222.83,2024-07-21 13:42:46
3378,TXN-003378,1,2024-09-02 12:51:14,,EWALLET,7,122.01,9.69,0.92,130.78,2024-09-02 12:51:14
3379,TXN-003379,1,2025-05-27 13:47:13,334,CARD,10,210.18,16.81,0.0,226.99,2025-05-27 13:47:13
3380,TXN-003380,1,2024-10-18 22:40:25,,CARD,9,154.76,12.37,0.0,167.13,2024-10-18 22:40:25
3381,TXN-003381,1,2025-05-16 11:07:25,166,CASH,5,82.55,6.5,1.26,87.79,2025-05-16 11:07:25
3382,TXN-003382,1,2024-11-25 13:12:59,,CARD,8,255.29,19.93,6.11,269.11,2024-11-25 13:12:59
3383,TXN-003383,1,2024-11-30 17:19:58,29,CARD,16,301.91,21.78,29.76,293.93,2024-11-30 17:19:58
3384,TXN-003384,1,2024-09-12 10:58:27,84,CARD,5,56.81,4.54,0.0,61.35,2024-09-12 10:58:27
3385,TXN-003385,1,2025-02-06 13:17:25,215,CASH,11,132.58,10.6,0.0,143.18,2025-02-06 13:17:25
3386,TXN-003386,1,2024-04-30 17:12:11,123,CASH,16,249.44,19.94,0.09,269.29,2024-04-30 17:12:11
3387,TXN-003387,1,2025-01-09 13:36:19,207,EWALLET,5,117.95,9.43,0.0,127.38,2025-01-09 13:36:19
3388,TXN-003388,1,2024-04-25 15:56:49,196,CARD,5,49.53,3.78,2.25,51.06,2024-04-25 15:56:49
3389,TXN-003389,1,2024-08-26 18:46:05,,CARD,14,185.29,14.55,3.32,196.52,2024-08-26 18:46:05
3390,TXN-003390,1,2024-11-19 12:04:27,404,CARD,10,365.47,29.24,0.0,394.71,2024-11-19 12:04:27
3391,TXN-003391,1,2025-04-24 17:41:44,343,CARD,7,118.24,9.26,2.45,125.05,2025-04-24 17:41:44
3392,TXN-003392,1,2024-10-15 13:38:06,344,CASH,11,338.36,27.07,0.0,365.43,2024-10-15 13:38:06
3393,TXN-003393,1,2024-02-26 21:19:24,223,CARD,7,128.56,9.99,3.67,134.88,2024-02-26 21:19:24
3394,TXN-003394,1,2024-07-23 14:44:25,432,EWALLET,10,144.13,11.53,0.0,155.66,2024-07-23 14:44:25
3395,TXN-003395,1,2024-10-21 12:08:58,133,CASH,14,209.03,16.64,0.88,224.79,2024-10-21 12:08:58
3396,TXN-003396,1,2024-04-13 14:39:44,459,EWALLET,10,282.33,22.56,0.34,304.55,2024-04-13 14:39:44
3397,TXN-003397,1,2025-05-18 15:35:46,,EWALLET,13,270.97,20.27,17.64,273.6,2025-05-18 15:35:46
3398,TXN-003398,1,2024-02-10 18:30:16,,CASH,14,268.93,19.77,21.84,266.86,2024-02-10 18:30:16
3399,TXN-003399,1,2024-02-05 11:33:34,71,CARD,9,227.84,17.49,9.31,236.02,2024-02-05 11:33:34
3400,TXN-003400,1,2024-12-13 11:10:28,,EWALLET,4,71.33,5.67,0.42,76.58,2024-12-13 11:10:28
3401,TXN-003401,1,2024-12-13 16:00:26,,EWALLET,9,229.23,18.24,1.09,246.38,2024-12-13 16:00:26
3402,TXN-003402,1,2025-03-28 17:10:31,300,CARD,3,18.76,1.5,0.0,20.26,2025-03-28 17:10:31
3403,TXN-003403,1,2025-02-27 16:26:16,289,EWALLET,10,308.84,24.3,5.14,328.0,2025-02-27 16:26:16
3404,TXN-003404,1,2024-02-21 11:33:41,,CASH,9,309.32,24.74,0.0,334.06,2024-02-21 11:33:41
3405,TXN-003405,1,2025-01-26 13:00:37,457,CARD,14,195.3,15.33,3.72,206.91,2025-01-26 13:00:37
3406,TXN-003406,1,2024-06-09 13:31:33,280,CARD,15,209.92,15.61,14.71,210.82,2024-06-09 13:31:33
3407,TXN-003407,1,2024-06-07 16:28:00,,CARD,18,339.64,27.16,0.0,366.8,2024-06-07 16:28:00
3408,TXN-003408,1,2025-02-10 14:34:35,469,CARD,3,97.98,7.83,0.0,105.81,2025-02-10 14:34:35
3409,TXN-003409,1,2024-05-06 11:31:17,72,CARD,7,198.99,15.7,2.72,211.97,2024-05-06 11:31:17
3410,TXN-003410,1,2024-09-21 14:09:29,,CARD,10,189.79,14.48,8.85,195.42,2024-09-21 14:09:29
3411,TXN-003411,1,2024-02-22 16:59:27,,CARD,3,68.99,5.52,0.0,74.51,2024-02-22 16:59:27
3412,TXN-003412,1,2024-05-01 16:35:48,,CASH,14,235.28,18.81,0.0,254.09,2024-05-01 16:35:48
3413,TXN-003413,1,2024-10-26 17:51:26,,CARD,6,179.36,14.25,1.27,192.34,2024-10-26 17:51:26
3414,TXN-003414,1,2025-03-27 17:26:12,191,EWALLET,7,132.04,10.55,0.18,142.41,2025-03-27 17:26:12
3415,TXN-003415,1,2024-11-12 14:21:50,,CARD,14,306.19,24.5,0.0,330.69,2024-11-12 14:21:50
3416,TXN-003416,1,2024-12-12 19:03:25,172,CARD,6,204.38,16.35,0.0,220.73,2024-12-12 19:03:25
3417,TXN-003417,1,2024-01-16 19:54:05,,CARD,4,116.4,9.31,0.0,125.71,2024-01-16 19:54:05
3418,TXN-003418,1,2024-02-04 21:10:41,198,CARD,12,153.72,11.45,10.61,154.56,2024-02-04 21:10:41
3419,TXN-003419,1,2024-02-23 16:13:46,444,CARD,11,226.06,17.91,2.2,241.77,2024-02-23 16:13:46
3420,TXN-003420,1,2024-01-04 12:25:58,,CASH,6,194.67,15.57,0.0,210.24,2024-01-04 12:25:58
3421,TXN-003421,1,2024-02-28 14:16:50,183,CARD,11,185.13,14.82,0.0,199.95,2024-02-28 14:16:50
3422,TXN-003422,1,2024-05-19 17:17:19,,CARD,10,276.48,19.62,31.12,264.98,2024-05-19 17:17:19
3423,TXN-003423,1,2024-04-04 13:48:03,,EWALLET,6,41.09,3.16,1.59,42.66,2024-04-04 13:48:03
3424,TXN-003424,1,2024-02-06 20:23:18,294,CASH,11,135.22,10.74,0.94,145.02,2024-02-06 20:23:18
3425,TXN-003425,1,2024-12-07 20:46:55,129,CARD,27,527.33,41.21,12.18,556.36,2024-12-07 20:46:55
3426,TXN-003426,1,2024-09-10 15:05:39,,CARD,5,136.34,10.5,5.08,141.76,2024-09-10 15:05:39
3427,TXN-003427,1,2024-10-16 10:30:13,201,CASH,6,100.32,7.85,2.25,105.92,2024-10-16 10:30:13
3428,TXN-003428,1,2024-08-27 14:23:18,366,CASH,7,175.41,14.04,0.0,189.45,2024-08-27 14:23:18
3429,TXN-003429,1,2024-07-13 19:27:52,,CARD,16,233.77,17.69,12.63,238.83,2024-07-13 19:27:52
3430,TXN-003430,1,2024-07-14 21:40:57,264,CARD,12,406.75,30.14,30.16,406.73,2024-07-14 21:40:57
3431,TXN-003431,1,2025-03-08 19:17:03,99,CARD,13,239.41,17.5,20.64,236.27,2025-03-08 19:17:03
3432,TXN-003432,1,2025-05-01 17:17:37,404,CARD,13,69.01,5.53,0.0,74.54,2025-05-01 17:17:37
3433,TXN-003433,1,2024-07-11 16:03:15,,CARD,12,118.9,9.5,0.16,128.24,2024-07-11 16:03:15
3434,TXN-003434,1,2025-05-01 19:55:17,140,CASH,8,121.98,9.76,0.0,131.74,2025-05-01 19:55:17
3435,TXN-003435,1,2024-06-29 17:07:37,446,EWALLET,6,190.07,14.39,10.19,194.27,2024-06-29 17:07:37
3436,TXN-003436,1,2025-02-21 17:21:38,164,CARD,11,154.44,12.19,2.12,164.51,2025-02-21 17:21:38
3437,TXN-003437,1,2024-03-30 13:58:24,,CARD,9,140.59,10.65,7.53,143.71,2024-03-30 13:58:24
3438,TXN-003438,1,2024-01-14 22:40:21,489,CASH,20,317.67,24.76,8.16,334.27,2024-01-14 22:40:21
3439,TXN-003439,1,2024-06-27 11:33:03,,EWALLET,6,135.25,10.82,0.0,146.07,2024-06-27 11:33:03
3440,TXN-003440,1,2025-01-12 17:34:25,,CASH,13,318.29,24.69,9.81,333.17,2025-01-12 17:34:25
3441,TXN-003441,1,2024-06-19 17:04:36,305,CARD,7,154.53,12.36,0.0,166.89,2024-06-19 17:04:36
3442,TXN-003442,1,2025-02-28 20:34:25,468,CARD,22,315.46,24.49,9.48,330.47,2025-02-28 20:34:25
3443,TXN-003443,1,2025-03-22 16:39:45,404,CASH,9,204.76,15.98,5.14,215.6,2025-03-22 16:39:45
3444,TXN-003444,1,2024-01-25 20:56:59,146,CARD,7,107.95,8.64,0.0,116.59,2024-01-25 20:56:59
3445,TXN-003445,1,2024-12-14 13:43:41,387,CARD,8,202.44,15.71,6.08,212.07,2024-12-14 13:43:41
3446,TXN-003446,1,2025-05-02 15:40:39,328,CARD,6,169.63,13.57,0.0,183.2,2025-05-02 15:40:39
3447,TXN-003447,1,2024-09-11 11:37:10,,EWALLET,12,275.94,21.9,2.28,295.56,2024-09-11 11:37:10
3448,TXN-003448,1,2024-10-26 19:09:48,190,EWALLET,12,282.93,21.36,15.88,288.41,2024-10-26 19:09:48
3449,TXN-003449,1,2025-02-08 18:56:05,,EWALLET,15,132.86,10.58,0.72,142.72,2025-02-08 18:56:05
3450,TXN-003450,1,2024-04-20 16:53:43,482,CASH,13,234.97,17.86,11.86,240.97,2024-04-20 16:53:43
3451,TXN-003451,1,2024-12-17 13:29:04,372,CARD,8,218.41,17.39,0.95,234.85,2024-12-17 13:29:04
3452,TXN-003452,1,2025-03-06 18:06:33,187,CASH,15,294.6,23.58,0.0,318.18,2025-03-06 18:06:33
3453,TXN-003453,1,2024-02-23 18:06:37,,EWALLET,12,248.07,19.44,4.94,262.57,2024-02-23 18:06:37
3454,TXN-003454,1,2024-11-12 11:22:20,273,CASH,12,265.1,21.21,0.0,286.31,2024-11-12 11:22:20
3455,TXN-003455,1,2024-04-12 08:53:17,105,CASH,11,187.84,15.02,0.0,202.86,2024-04-12 08:53:17
3456,TXN-003456,1,2024-07-01 18:01:03,251,EWALLET,10,159.67,12.57,2.49,169.75,2024-07-01 18:01:03
3457,TXN-003457,1,2024-10-08 13:03:05,,CARD,4,118.6,9.49,0.0,128.09,2024-10-08 13:03:05
3458,TXN-003458,1,2024-11-21 13:58:24,,CASH,4,132.52,10.46,1.83,141.15,2024-11-21 13:58:24
3459,TXN-003459,1,2024-04-20 15:53:03,389,CARD,18,438.48,32.76,28.89,442.35,2024-04-20 15:53:03
3460,TXN-003460,1,2024-08-09 14:28:03,63,EWALLET,9,149.62,11.78,2.19,159.21,2024-08-09 14:28:03
3461,TXN-003461,1,2024-05-11 21:00:48,,CARD,16,347.59,24.7,38.87,333.42,2024-05-11 21:00:48
3462,TXN-003462,1,2024-11-09 16:03:43,78,CARD,10,173.5,13.83,0.62,186.71,2024-11-09 16:03:43
3463,TXN-003463,1,2025-01-20 13:14:14,,CARD,7,116.04,9.15,1.68,123.51,2025-01-20 13:14:14
3464,TXN-003464,1,2024-12-11 17:55:28,319,CARD,14,237.78,19.02,0.0,256.8,2024-12-11 17:55:28
3465,TXN-003465,1,2024-04-15 21:23:44,483,CARD,10,167.05,13.22,1.82,178.45,2024-04-15 21:23:44
3466,TXN-003466,1,2024-02-10 13:06:29,463,CARD,10,257.89,19.38,15.69,261.58,2024-02-10 13:06:29
3467,TXN-003467,1,2024-06-04 16:09:41,158,CARD,6,179.08,14.22,1.24,192.06,2024-06-04 16:09:41
3468,TXN-003468,1,2024-09-12 16:03:56,288,CASH,3,89.16,7.14,0.0,96.3,2024-09-12 16:03:56
3469,TXN-003469,1,2025-01-21 16:21:22,,CARD,3,65.45,5.06,2.21,68.3,2025-01-21 16:21:22
3470,TXN-003470,1,2024-08-12 13:03:08,202,CARD,10,134.57,10.68,0.96,144.29,2024-08-12 13:03:08
3471,TXN-003471,1,2024-09-03 13:37:29,,EWALLET,14,319.49,25.54,0.29,344.74,2024-09-03 13:37:29
3472,TXN-003472,1,2024-05-09 13:18:38,134,CARD,14,272.28,21.61,2.16,291.73,2024-05-09 13:18:38
3473,TXN-003473,1,2025-01-04 16:18:44,369,CARD,10,82.15,6.3,3.41,85.04,2025-01-04 16:18:44
3474,TXN-003474,1,2024-11-21 19:56:45,,CASH,8,207.26,16.34,3.14,220.46,2024-11-21 19:56:45
3475,TXN-003475,1,2024-01-06 17:32:45,349,CASH,15,382.48,28.08,31.41,379.15,2024-01-06 17:32:45
3476,TXN-003476,1,2024-04-02 13:18:54,,CARD,9,160.51,12.65,2.3,170.86,2024-04-02 13:18:54
3477,TXN-003477,1,2024-11-03 10:50:15,148,CARD,16,402.96,29.74,31.26,401.44,2024-11-03 10:50:15
3478,TXN-003478,1,2024-09-24 17:54:14,,CARD,9,191.81,15.09,3.09,203.81,2024-09-24 17:54:14
3479,TXN-003479,1,2024-08-25 15:45:23,390,CASH,13,169.97,13.24,4.53,178.68,2024-08-25 15:45:23
3480,TXN-003480,1,2024-01-04 08:07:30,,CARD,9,119.85,9.18,5.09,123.94,2024-01-04 08:07:30
3481,TXN-003481,1,2024-07-23 20:21:49,406,CARD,7,225.52,17.94,1.27,242.19,2024-07-23 20:21:49
3482,TXN-003482,1,2024-09-30 13:21:33,,EWALLET,4,54.36,4.31,0.55,58.12,2024-09-30 13:21:33
3483,TXN-003483,1,2025-03-14 16:22:58,244,CARD,12,285.03,22.8,0.0,307.83,2025-03-14 16:22:58
3484,TXN-003484,1,2024-07-16 14:43:57,111,CASH,13,237.15,18.47,6.25,249.37,2024-07-16 14:43:57
3485,TXN-003485,1,2024-11-03 15:08:11,270,CARD,18,308.5,22.42,28.3,302.62,2024-11-03 15:08:11
3486,TXN-003486,1,2025-01-22 19:15:09,9,CARD,8,166.04,13.02,3.28,175.78,2025-01-22 19:15:09
3487,TXN-003487,1,2024-08-17 08:59:36,231,EWALLET,17,277.26,21.8,4.72,294.34,2024-08-17 08:59:36
3488,TXN-003488,1,2025-04-04 18:13:13,,CARD,3,29.33,2.34,0.0,31.67,2025-04-04 18:13:13
3489,TXN-003489,1,2024-06-02 21:43:43,36,CASH,13,237.39,18.2,9.84,245.75,2024-06-02 21:43:43
3490,TXN-003490,1,2024-09-16 22:44:10,,CASH,13,371.13,29.43,3.25,397.31,2024-09-16 22:44:10
3491,TXN-003491,1,2025-05-02 14:14:18,,CASH,9,97.09,7.68,1.08,103.69,2025-05-02 14:14:18
3492,TXN-003492,1,2024-02-23 09:01:35,212,CARD,5,50.21,4.02,0.0,54.23,2024-02-23 09:01:35
3493,TXN-003493,1,2025-02-25 21:21:27,,CARD,5,40.85,3.19,0.96,43.08,2025-02-25 21:21:27
3494,TXN-003494,1,2024-11-17 12:16:07,,CARD,12,244.37,17.88,20.84,241.41,2024-11-17 12:16:07
3495,TXN-003495,1,2024-03-07 18:45:50,182,CARD,7,91.72,7.34,0.0,99.06,2024-03-07 18:45:50
3496,TXN-003496,1,2024-06-21 09:20:14,473,CASH,7,68.83,5.49,0.09,74.23,2024-06-21 09:20:14
3497,TXN-003497,1,2025-04-01 13:58:39,40,EWALLET,12,256.12,20.49,0.0,276.61,2025-04-01 13:58:39
3498,TXN-003498,1,2025-04-12 17:29:35,,CARD,8,190.15,13.97,15.51,188.61,2025-04-12 17:29:35
3499,TXN-003499,1,2024-04-29 08:36:49,372,CARD,5,109.86,8.78,0.0,118.64,2024-04-29 08:36:49
3500,TXN-003500,1,2024-09-01 20:27:29,88,CARD,9,254.55,19.92,5.51,268.96,2024-09-01 20:27:29
3501,TXN-003501,1,2024-10-01 20:43:46,,CARD,5,119.86,9.59,0.0,129.45,2024-10-01 20:43:46
3502,TXN-003502,1,2024-10-10 13:25:15,,CARD,14,325.52,25.55,6.45,344.62,2024-10-10 13:25:15
3503,TXN-003503,1,2024-01-11 08:34:23,,CASH,9,247.06,19.53,2.9,263.69,2024-01-11 08:34:23
3504,TXN-003504,1,2024-10-23 09:23:26,54,CARD,9,225.03,17.46,6.73,235.76,2024-10-23 09:23:26
3505,TXN-003505,1,2024-07-05 17:41:59,,EWALLET,6,161.37,12.7,2.62,171.45,2024-07-05 17:41:59
3506,TXN-003506,1,2024-11-03 08:55:19,307,CARD,17,283.41,21.18,18.74,285.85,2024-11-03 08:55:19
3507,TXN-003507,1,2024-11-27 20:22:41,,CASH,15,258.23,19.83,10.58,267.48,2024-11-27 20:22:41
3508,TXN-003508,1,2024-10-13 13:09:20,,CARD,7,69.42,5.5,0.61,74.31,2024-10-13 13:09:20
3509,TXN-003509,1,2024-02-03 14:12:28,80,EWALLET,16,449.47,32.91,37.98,444.4,2024-02-03 14:12:28
3510,TXN-003510,1,2025-03-05 10:53:51,413,CARD,2,42.62,3.27,1.74,44.15,2025-03-05 10:53:51
3511,TXN-003511,1,2024-03-23 17:21:02,376,CARD,7,211.54,15.42,18.82,208.14,2024-03-23 17:21:02
3512,TXN-003512,1,2024-07-11 14:20:52,408,CARD,8,122.25,9.38,5.08,126.55,2024-07-11 14:20:52
3513,TXN-003513,1,2025-05-04 08:27:57,433,CARD,9,130.57,9.91,6.59,133.89,2025-05-04 08:27:57
3514,TXN-003514,1,2024-09-25 16:41:21,,CARD,5,40.87,3.27,0.0,44.14,2024-09-25 16:41:21
3515,TXN-003515,1,2024-11-06 10:04:50,148,CASH,5,158.06,12.13,6.42,163.77,2024-11-06 10:04:50
3516,TXN-003516,1,2024-08-27 14:11:07,13,CARD,18,286.33,22.45,5.74,303.04,2024-08-27 14:11:07
3517,TXN-003517,1,2024-03-14 10:32:51,27,EWALLET,3,43.76,3.5,0.0,47.26,2024-03-14 10:32:51
3518,TXN-003518,1,2024-07-03 18:38:57,404,CARD,11,203.74,16.01,3.64,216.11,2024-07-03 18:38:57
3519,TXN-003519,1,2025-01-30 17:00:25,,CARD,14,326.07,26.06,0.27,351.86,2025-01-30 17:00:25
3520,TXN-003520,1,2024-10-26 12:56:43,,CARD,16,393.6,29.4,26.07,396.93,2024-10-26 12:56:43
3521,TXN-003521,1,2024-02-24 18:41:28,,CARD,7,140.24,11.09,1.72,149.61,2024-02-24 18:41:28
3522,TXN-003522,1,2024-11-04 18:11:09,455,CASH,10,301.86,24.14,0.0,326.0,2024-11-04 18:11:09
3523,TXN-003523,1,2024-07-26 13:15:41,375,CARD,13,103.0,8.04,2.52,108.52,2024-07-26 13:15:41
3524,TXN-003524,1,2024-08-19 13:29:33,,EWALLET,14,239.92,19.2,0.0,259.12,2024-08-19 13:29:33
3525,TXN-003525,1,2024-03-22 13:35:37,475,CARD,8,94.74,7.58,0.0,102.32,2024-03-22 13:35:37
3526,TXN-003526,1,2024-04-25 12:08:52,425,CARD,6,123.15,9.36,6.15,126.36,2024-04-25 12:08:52
3527,TXN-003527,1,2024-05-11 13:08:13,,EWALLET,15,422.12,32.84,11.66,443.3,2024-05-11 13:08:13
3528,TXN-003528,1,2024-09-25 18:33:56,,EWALLET,6,114.24,9.08,0.75,122.57,2024-09-25 18:33:56
3529,TXN-003529,1,2024-03-23 18:34:04,,CARD,7,68.87,5.32,2.32,71.87,2024-03-23 18:34:04
3530,TXN-003530,1,2024-11-06 10:04:53,,EWALLET,4,167.59,13.22,2.3,178.51,2024-11-06 10:04:53
3531,TXN-003531,1,2025-05-12 13:07:10,450,CARD,15,255.44,20.26,2.14,273.56,2025-05-12 13:07:10
3532,TXN-003532,1,2024-08-25 22:32:45,,EWALLET,15,276.83,20.3,22.99,274.14,2024-08-25 22:32:45
3533,TXN-003533,1,2024-02-19 14:33:00,71,CARD,16,367.55,28.87,6.68,389.74,2024-02-19 14:33:00
3534,TXN-003534,1,2025-04-07 18:48:16,,EWALLET,5,107.82,8.62,0.0,116.44,2025-04-07 18:48:16
3535,TXN-003535,1,2024-08-30 12:57:09,99,CASH,7,203.4,16.11,2.06,217.45,2024-08-30 12:57:09
3536,TXN-003536,1,2024-06-30 20:20:46,67,CASH,13,246.59,16.53,40.06,223.06,2024-06-30 20:20:46
3537,TXN-003537,1,2024-07-08 20:58:00,170,CASH,7,124.24,9.93,0.0,134.17,2024-07-08 20:58:00
3538,TXN-003538,1,2024-12-21 20:14:20,424,EWALLET,21,320.78,24.74,11.58,333.94,2024-12-21 20:14:20
3539,TXN-003539,1,2024-05-08 16:06:10,352,CARD,12,189.54,14.88,3.48,200.94,2024-05-08 16:06:10
3540,TXN-003540,1,2024-04-25 12:41:13,181,CARD,12,195.42,15.29,4.35,206.36,2024-04-25 12:41:13
3541,TXN-003541,1,2024-12-31 20:01:47,274,CARD,9,171.17,13.69,0.0,184.86,2024-12-31 20:01:47
3542,TXN-003542,1,2024-10-10 18:03:08,,EWALLET,21,441.05,35.24,0.66,475.63,2024-10-10 18:03:08
3543,TXN-003543,1,2024-12-03 13:47:41,456,CARD,7,106.63,8.46,1.03,114.06,2024-12-03 13:47:41
3544,TXN-003544,1,2024-07-29 19:03:27,288,CASH,11,192.29,15.25,1.75,205.79,2024-07-29 19:03:27
3545,TXN-003545,1,2024-03-06 22:11:07,482,CARD,10,251.6,20.03,1.28,270.35,2024-03-06 22:11:07
3546,TXN-003546,1,2024-02-16 14:58:19,,CARD,6,156.89,12.55,0.0,169.44,2024-02-16 14:58:19
3547,TXN-003547,1,2024-10-21 22:12:00,469,EWALLET,10,164.94,13.05,1.68,176.31,2024-10-21 22:12:00
3548,TXN-003548,1,2024-11-04 13:03:09,,CARD,6,113.95,9.12,0.0,123.07,2024-11-04 13:03:09
3549,TXN-003549,1,2024-04-23 15:48:50,,CARD,6,75.78,5.86,2.37,79.27,2024-04-23 15:48:50
3550,TXN-003550,1,2024-11-28 11:45:14,,CASH,4,87.71,6.98,0.46,94.23,2024-11-28 11:45:14
3551,TXN-003551,1,2024-09-09 12:25:18,272,EWALLET,8,95.32,7.54,1.05,101.81,2024-09-09 12:25:18
3552,TXN-003552,1,2025-03-02 11:45:28,243,CARD,12,222.22,16.92,10.74,228.4,2025-03-02 11:45:28
3553,TXN-003553,1,2024-11-18 19:21:05,226,EWALLET,7,145.94,11.58,1.37,156.15,2024-11-18 19:21:05
3554,TXN-003554,1,2024-03-08 15:26:18,261,CASH,7,73.35,5.87,0.0,79.22,2024-03-08 15:26:18
3555,TXN-003555,1,2024-07-21 17:10:17,,CARD,14,261.36,18.43,30.95,248.84,2024-07-21 17:10:17
3556,TXN-003556,1,2025-02-21 15:22:01,315,CARD,7,205.39,16.43,0.0,221.82,2025-02-21 15:22:01
3557,TXN-003557,1,2024-07-06 17:55:28,488,CARD,18,414.29,32.88,3.35,443.82,2024-07-06 17:55:28
3558,TXN-003558,1,2025-01-08 10:47:21,451,CARD,7,152.53,11.79,5.2,159.12,2025-01-08 10:47:21
3559,TXN-003559,1,2025-03-29 14:09:52,119,CASH,16,347.6,27.36,5.67,369.29,2025-03-29 14:09:52
3560,TXN-003560,1,2024-09-09 17:16:56,21,CARD,6,74.19,5.78,1.99,77.98,2024-09-09 17:16:56
3561,TXN-003561,1,2024-05-20 20:37:41,93,CARD,9,95.25,7.63,0.0,102.88,2024-05-20 20:37:41
3562,TXN-003562,1,2025-04-10 10:49:34,,CASH,7,84.09,6.72,0.0,90.81,2025-04-10 10:49:34
3563,TXN-003563,1,2024-12-21 10:29:05,100,CASH,20,311.13,23.25,20.75,313.63,2024-12-21 10:29:05
3564,TXN-003564,1,2025-02-21 17:11:24,394,CARD,6,38.44,3.08,0.0,41.52,2025-02-21 17:11:24
3565,TXN-003565,1,2024-11-07 20:28:36,43,CARD,5,85.03,6.8,0.0,91.83,2024-11-07 20:28:36
3566,TXN-003566,1,2025-02-20 11:26:06,60,CASH,4,47.97,3.66,2.21,49.42,2025-02-20 11:26:06
3567,TXN-003567,1,2024-06-21 16:40:10,,CARD,7,94.01,7.53,0.0,101.54,2024-06-21 16:40:10
3568,TXN-003568,1,2024-04-27 14:52:31,436,CARD,16,217.94,17.11,3.97,231.08,2024-04-27 14:52:31
3569,TXN-003569,1,2024-07-06 15:00:24,,CASH,12,344.72,27.23,4.18,367.77,2024-07-06 15:00:24
3570,TXN-003570,1,2024-08-26 11:58:09,,CASH,17,179.77,14.06,4.04,189.79,2024-08-26 11:58:09
3571,TXN-003571,1,2024-03-01 12:54:06,137,CARD,10,221.45,17.64,0.91,238.18,2024-03-01 12:54:06
3572,TXN-003572,1,2024-04-26 15:29:23,237,EWALLET,9,317.09,24.95,5.24,336.8,2024-04-26 15:29:23
3573,TXN-003573,1,2024-11-16 11:10:27,463,EWALLET,22,533.37,40.11,31.98,541.5,2024-11-16 11:10:27
3574,TXN-003574,1,2025-05-07 17:28:15,,CARD,4,38.27,3.06,0.0,41.33,2025-05-07 17:28:15
3575,TXN-003575,1,2024-10-30 18:56:26,184,EWALLET,9,314.98,24.91,3.48,336.41,2024-10-30 18:56:26
3576,TXN-003576,1,2024-08-20 16:46:32,,CARD,4,95.25,7.5,1.58,101.17,2024-08-20 16:46:32
3577,TXN-003577,1,2024-09-27 19:03:07,,CARD,6,237.28,18.98,0.0,256.26,2024-09-27 19:03:07
3578,TXN-003578,1,2024-09-02 13:45:46,,CARD,6,148.48,11.52,4.56,155.44,2024-09-02 13:45:46
3579,TXN-003579,1,2024-11-12 12:38:20,,CARD,14,349.4,27.15,9.97,366.58,2024-11-12 12:38:20
3580,TXN-003580,1,2025-01-02 11:47:31,,CARD,15,349.51,27.82,1.76,375.57,2025-01-02 11:47:31
3581,TXN-003581,1,2024-05-17 11:12:32,86,EWALLET,15,297.33,23.79,0.0,321.12,2024-05-17 11:12:32
3582,TXN-003582,1,2024-11-16 08:25:55,,CASH,5,85.85,5.92,11.78,79.99,2024-11-16 08:25:55
3583,TXN-003583,1,2024-05-04 15:47:16,314,EWALLET,16,280.43,21.0,17.76,283.67,2024-05-04 15:47:16
3584,TXN-003584,1,2025-04-30 13:32:01,325,CARD,5,57.52,4.6,0.0,62.12,2025-04-30 13:32:01
3585,TXN-003585,1,2024-12-12 15:25:56,262,EWALLET,3,81.17,6.49,0.0,87.66,2024-12-12 15:25:56
3586,TXN-003586,1,2025-03-19 17:45:43,290,CARD,16,183.0,14.62,0.44,197.18,2025-03-19 17:45:43
3587,TXN-003587,1,2024-11-26 16:20:04,,CASH,12,219.65,17.25,4.12,232.78,2024-11-26 16:20:04
3588,TXN-003588,1,2024-11-25 15:56:24,,EWALLET,16,164.22,13.13,0.0,177.35,2024-11-25 15:56:24
3589,TXN-003589,1,2024-12-28 19:45:08,,CARD,7,110.6,8.33,6.46,112.47,2024-12-28 19:45:08
3590,TXN-003590,1,2024-10-03 20:23:14,292,CASH,10,137.34,10.85,1.77,146.42,2024-10-03 20:23:14
3591,TXN-003591,1,2024-05-04 16:15:16,,CARD,14,269.63,20.83,9.32,281.14,2024-05-04 16:15:16
3592,TXN-003592,1,2024-07-14 21:57:59,312,CARD,7,124.55,9.35,7.58,126.32,2024-07-14 21:57:59
3593,TXN-003593,1,2024-11-07 14:34:39,,CARD,9,125.17,10.02,0.0,135.19,2024-11-07 14:34:39
3594,TXN-003594,1,2024-12-09 19:39:15,397,CARD,10,219.42,17.56,0.0,236.98,2024-12-09 19:39:15
3595,TXN-003595,1,2024-01-11 08:47:14,317,CARD,12,216.85,17.16,2.31,231.7,2024-01-11 08:47:14
3596,TXN-003596,1,2024-08-23 12:02:10,259,CASH,13,309.86,24.8,0.0,334.66,2024-08-23 12:02:10
3597,TXN-003597,1,2024-11-14 09:40:33,,CARD,5,185.02,14.73,0.84,198.91,2024-11-14 09:40:33
3598,TXN-003598,1,2024-12-09 10:58:50,,CARD,13,210.73,16.62,3.02,224.33,2024-12-09 10:58:50
3599,TXN-003599,1,2024-01-05 19:55:07,173,EWALLET,13,376.4,30.11,0.0,406.51,2024-01-05 19:55:07
3600,TXN-003600,1,2024-06-28 21:41:38,,CARD,10,178.29,14.14,1.53,190.9,2024-06-28 21:41:38
3601,TXN-003601,1,2024-11-21 17:18:59,405,CARD,3,37.3,2.95,0.36,39.89,2024-11-21 17:18:59
3602,TXN-003602,1,2024-07-19 22:43:14,,CARD,7,248.88,19.92,0.0,268.8,2024-07-19 22:43:14
3603,TXN-003603,1,2024-05-24 14:43:39,332,CARD,10,223.02,17.7,1.61,239.11,2024-05-24 14:43:39
3604,TXN-003604,1,2024-01-17 09:10:03,387,CASH,13,301.76,23.55,7.35,317.96,2024-01-17 09:10:03
3605,TXN-003605,1,2024-05-02 13:10:05,,CARD,4,45.53,3.48,2.01,47.0,2024-05-02 13:10:05
3606,TXN-003606,1,2025-02-15 11:00:11,358,EWALLET,9,216.98,17.36,0.0,234.34,2025-02-15 11:00:11
3607,TXN-003607,1,2025-03-08 12:02:41,488,CARD,7,207.75,15.72,11.2,212.27,2025-03-08 12:02:41
3608,TXN-003608,1,2024-12-28 13:41:06,28,CARD,5,84.57,6.64,1.58,89.63,2024-12-28 13:41:06
3609,TXN-003609,1,2024-04-12 14:05:16,,CARD,8,153.25,12.25,0.0,165.5,2024-04-12 14:05:16
3610,TXN-003610,1,2024-04-14 13:40:29,88,EWALLET,15,258.93,19.66,13.33,265.26,2024-04-14 13:40:29
3611,TXN-003611,1,2025-05-19 14:14:54,,CARD,10,169.94,13.43,2.18,181.19,2025-05-19 14:14:54
3612,TXN-003612,1,2024-05-31 14:44:42,200,CASH,5,118.32,9.26,2.54,125.04,2024-05-31 14:44:42
3613,TXN-003613,1,2025-01-11 12:07:50,93,CARD,11,292.89,22.1,16.62,298.37,2025-01-11 12:07:50
3614,TXN-003614,1,2024-10-14 19:57:02,339,CARD,18,461.9,36.85,1.31,497.44,2024-10-14 19:57:02
3615,TXN-003615,1,2025-01-13 12:04:21,435,CARD,13,200.07,15.98,0.18,215.87,2025-01-13 12:04:21
3616,TXN-003616,1,2025-05-03 16:25:25,123,CARD,14,434.62,33.57,14.84,453.35,2025-05-03 16:25:25
3617,TXN-003617,1,2024-05-13 15:43:28,53,CARD,10,165.64,12.81,5.52,172.93,2024-05-13 15:43:28
3618,TXN-003618,1,2024-04-16 15:12:27,,CASH,15,247.28,19.39,4.9,261.77,2024-04-16 15:12:27
3619,TXN-003619,1,2024-08-03 21:07:24,115,CARD,12,329.93,26.25,1.78,354.4,2024-08-03 21:07:24
3620,TXN-003620,1,2025-01-17 17:49:38,,CARD,11,281.75,22.54,0.0,304.29,2025-01-17 17:49:38
3621,TXN-003621,1,2025-03-07 19:30:56,134,CARD,7,52.98,4.19,0.48,56.69,2025-03-07 19:30:56
3622,TXN-003622,1,2024-01-11 20:56:56,,CARD,11,308.01,24.61,0.47,332.15,2024-01-11 20:56:56
3623,TXN-003623,1,2024-08-22 21:06:41,386,CASH,8,99.42,7.95,0.0,107.37,2024-08-22 21:06:41
3624,TXN-003624,1,2025-04-20 15:41:56,451,CARD,13,220.1,17.47,1.57,236.0,2025-04-20 15:41:56
3625,TXN-003625,1,2025-02-28 11:33:34,23,CARD,13,376.43,29.58,6.63,399.38,2025-02-28 11:33:34
3626,TXN-003626,1,2024-05-06 11:18:22,,CASH,4,103.52,8.02,3.32,108.22,2024-05-06 11:18:22
3627,TXN-003627,1,2024-02-14 14:27:33,169,CARD,14,388.94,30.33,9.8,409.47,2024-02-14 14:27:33
3628,TXN-003628,1,2024-09-02 10:32:08,181,CASH,14,250.1,19.99,0.3,269.79,2024-09-02 10:32:08
3629,TXN-003629,1,2024-01-23 15:34:05,369,CARD,8,94.57,7.35,2.64,99.28,2024-01-23 15:34:05
3630,TXN-003630,1,2024-02-10 17:58:17,,CASH,17,444.47,34.57,12.34,466.7,2024-02-10 17:58:17
3631,TXN-003631,1,2025-05-28 14:17:05,190,EWALLET,10,206.48,16.45,0.74,222.19,2025-05-28 14:17:05
3632,TXN-003632,1,2024-12-24 19:26:58,89,CASH,7,119.5,9.48,0.91,128.07,2024-12-24 19:26:58
3633,TXN-003633,1,2025-02-09 20:42:52,483,EWALLET,10,137.36,10.21,9.74,137.83,2025-02-09 20:42:52
3634,TXN-003634,1,2025-05-26 15:32:34,261,CARD,3,97.46,7.79,0.0,105.25,2025-05-26 15:32:34
3635,TXN-003635,1,2024-08-07 18:48:28,306,CASH,7,118.7,9.45,0.55,127.6,2024-08-07 18:48:28
3636,TXN-003636,1,2025-05-12 15:32:20,458,CASH,11,91.2,7.3,0.0,98.5,2025-05-12 15:32:20
3637,TXN-003637,1,2024-11-13 13:14:16,97,EWALLET,11,100.61,7.99,0.67,107.93,2024-11-13 13:14:16
3638,TXN-003638,1,2024-01-11 10:54:03,182,CARD,13,253.18,20.24,0.17,273.25,2024-01-11 10:54:03
3639,TXN-003639,1,2024-01-04 13:55:41,,EWALLET,5,90.51,7.23,0.16,97.58,2024-01-04 13:55:41
3640,TXN-003640,1,2024-04-08 14:08:31,,EWALLET,5,45.45,3.63,0.0,49.08,2024-04-08 14:08:31
3641,TXN-003641,1,2024-10-05 17:57:01,251,EWALLET,10,133.35,10.67,0.0,144.02,2024-10-05 17:57:01
3642,TXN-003642,1,2024-02-09 17:32:32,,EWALLET,2,24.84,1.99,0.0,26.83,2024-02-09 17:32:32
3643,TXN-003643,1,2024-01-11 15:06:00,443,CARD,15,164.02,12.96,2.1,174.88,2024-01-11 15:06:00
3644,TXN-003644,1,2024-09-28 15:53:19,329,CASH,14,326.48,25.41,8.98,342.91,2024-09-28 15:53:19
3645,TXN-003645,1,2024-12-04 14:00:29,106,CARD,12,238.56,18.67,5.11,252.12,2024-12-04 14:00:29
3646,TXN-003646,1,2025-03-22 22:39:49,,CASH,13,132.57,9.76,10.62,131.71,2025-03-22 22:39:49
3647,TXN-003647,1,2024-06-22 20:29:54,,CARD,14,197.78,14.56,15.72,196.62,2024-06-22 20:29:54
3648,TXN-003648,1,2025-01-04 13:38:46,,CARD,21,474.39,34.88,38.39,470.88,2025-01-04 13:38:46
3649,TXN-003649,1,2024-08-05 19:03:13,453,CARD,8,184.78,14.57,2.64,196.71,2024-08-05 19:03:13
3650,TXN-003650,1,2024-12-31 19:39:30,394,CARD,7,232.39,17.98,7.62,242.75,2024-12-31 19:39:30
3651,TXN-003651,1,2024-06-21 20:54:31,185,CASH,9,124.16,9.86,0.88,133.14,2024-06-21 20:54:31
3652,TXN-003652,1,2025-02-04 11:59:39,,EWALLET,14,151.16,12.1,0.0,163.26,2025-02-04 11:59:39
3653,TXN-003653,1,2024-01-05 16:01:22,227,CASH,10,169.94,13.29,3.81,179.42,2024-01-05 16:01:22
3654,TXN-003654,1,2025-05-15 13:41:34,464,CASH,4,69.22,5.54,0.0,74.76,2025-05-15 13:41:34
3655,TXN-003655,1,2025-03-09 18:56:10,,CARD,14,83.46,6.26,5.27,84.45,2025-03-09 18:56:10
3656,TXN-003656,1,2025-04-28 10:26:12,,CASH,7,142.21,10.99,4.76,148.44,2025-04-28 10:26:12
3657,TXN-003657,1,2024-08-07 12:26:17,272,CARD,8,145.19,11.35,3.32,153.22,2024-08-07 12:26:17
3658,TXN-003658,1,2025-05-28 11:51:05,384,CARD,18,280.62,22.34,1.14,301.82,2025-05-28 11:51:05
3659,TXN-003659,1,2024-05-19 12:43:08,132,CARD,12,172.16,13.1,8.53,176.73,2024-05-19 12:43:08
3660,TXN-003660,1,2025-04-02 10:50:14,445,CARD,15,271.95,21.45,3.93,289.47,2025-04-02 10:50:14
3661,TXN-003661,1,2024-01-30 12:19:33,,CARD,8,204.42,15.79,7.0,213.21,2024-01-30 12:19:33
3662,TXN-003662,1,2025-05-19 09:02:07,6,CARD,4,59.84,4.79,0.0,64.63,2025-05-19 09:02:07
3663,TXN-003663,1,2025-01-02 13:03:54,,CARD,12,422.9,33.29,6.9,449.29,2025-01-02 13:03:54
3664,TXN-003664,1,2025-04-13 15:15:24,296,CARD,5,127.62,9.15,13.32,123.45,2025-04-13 15:15:24
3665,TXN-003665,1,2024-06-26 14:24:40,387,CARD,12,166.84,13.02,4.05,175.81,2024-06-26 14:24:40
3666,TXN-003666,1,2025-02-26 11:35:43,234,EWALLET,4,55.74,4.37,1.18,58.93,2025-02-26 11:35:43
3667,TXN-003667,1,2025-02-03 18:46:27,238,EWALLET,12,216.59,17.33,0.0,233.92,2025-02-03 18:46:27
3668,TXN-003668,1,2024-11-05 12:33:19,,CASH,2,48.65,3.82,0.85,51.62,2024-11-05 12:33:19
3669,TXN-003669,1,2025-04-21 17:35:48,301,CARD,9,145.3,11.62,0.0,156.92,2025-04-21 17:35:48
3670,TXN-003670,1,2024-04-21 20:51:36,,CARD,18,216.39,16.47,10.6,222.26,2024-04-21 20:51:36
3671,TXN-003671,1,2024-08-24 17:42:01,361,CARD,16,249.56,19.08,11.11,257.53,2024-08-24 17:42:01
3672,TXN-003672,1,2025-05-14 11:19:06,,EWALLET,13,198.18,15.65,2.58,211.25,2025-05-14 11:19:06
3673,TXN-003673,1,2025-05-23 13:36:37,331,CARD,5,140.33,11.22,0.0,151.55,2025-05-23 13:36:37
3674,TXN-003674,1,2024-12-06 13:26:57,453,CARD,6,80.82,6.26,2.52,84.56,2024-12-06 13:26:57
3675,TXN-003675,1,2024-01-02 09:49:36,373,EWALLET,8,109.86,8.59,2.56,115.89,2024-01-02 09:49:36
3676,TXN-003676,1,2024-11-29 15:28:06,,CARD,16,257.34,19.96,7.98,269.32,2024-11-29 15:28:06
3677,TXN-003677,1,2024-10-11 13:20:56,499,CARD,12,245.89,19.54,1.76,263.67,2024-10-11 13:20:56
3678,TXN-003678,1,2025-02-27 13:38:29,222,CARD,11,201.48,16.13,0.0,217.61,2025-02-27 13:38:29
3679,TXN-003679,1,2024-06-29 18:52:14,283,CASH,16,271.06,21.07,7.7,284.43,2024-06-29 18:52:14
3680,TXN-003680,1,2024-03-29 18:07:29,286,CARD,4,39.3,3.14,0.0,42.44,2024-03-29 18:07:29
3681,TXN-003681,1,2024-08-21 17:17:38,,CASH,6,169.99,13.61,0.0,183.6,2024-08-21 17:17:38
3682,TXN-003682,1,2024-12-18 14:35:26,187,CASH,14,232.82,18.29,4.36,246.75,2024-12-18 14:35:26
3683,TXN-003683,1,2024-03-15 13:20:09,493,CARD,11,129.67,10.26,1.39,138.54,2024-03-15 13:20:09
3684,TXN-003684,1,2024-10-15 11:27:38,388,CARD,17,399.89,31.42,7.28,424.03,2024-10-15 11:27:38
3685,TXN-003685,1,2025-04-11 14:44:02,463,CASH,12,188.73,15.1,0.0,203.83,2025-04-11 14:44:02
3686,TXN-003686,1,2025-02-06 09:39:53,147,CARD,4,77.74,6.22,0.0,83.96,2025-02-06 09:39:53
3687,TXN-003687,1,2024-06-06 14:37:05,180,EWALLET,10,263.3,21.07,0.0,284.37,2024-06-06 14:37:05
3688,TXN-003688,1,2024-06-18 14:35:46,45,EWALLET,15,235.52,18.47,4.77,249.22,2024-06-18 14:35:46
3689,TXN-003689,1,2025-03-17 13:01:09,275,CARD,4,92.08,7.36,0.0,99.44,2025-03-17 13:01:09
3690,TXN-003690,1,2024-12-18 19:40:22,,EWALLET,3,26.38,2.07,0.48,27.97,2024-12-18 19:40:22
3691,TXN-003691,1,2024-04-25 20:52:07,147,CASH,9,181.31,14.49,0.0,195.8,2024-04-25 20:52:07
3692,TXN-003692,1,2024-03-18 17:32:24,41,CASH,3,110.79,8.86,0.0,119.65,2024-03-18 17:32:24
3693,TXN-003693,1,2024-09-21 15:03:03,,EWALLET,19,264.33,20.79,4.54,280.58,2024-09-21 15:03:03
3694,TXN-003694,1,2024-02-08 11:13:00,19,CARD,16,297.19,23.74,0.37,320.56,2024-02-08 11:13:00
3695,TXN-003695,1,2024-05-01 19:43:28,,CARD,6,135.38,10.41,5.24,140.55,2024-05-01 19:43:28
3696,TXN-003696,1,2024-08-19 08:19:54,,EWALLET,11,221.73,17.14,7.58,231.29,2024-08-19 08:19:54
3697,TXN-003697,1,2025-02-04 15:54:03,419,CARD,7,172.36,13.74,0.75,185.35,2025-02-04 15:54:03
3698,TXN-003698,1,2024-08-11 13:13:28,373,CARD,24,264.3,20.82,4.12,281.0,2024-08-11 13:13:28
3699,TXN-003699,1,2025-05-14 17:42:00,,CARD,6,81.11,6.49,0.0,87.6,2025-05-14 17:42:00
3700,TXN-003700,1,2024-03-27 11:43:37,384,CARD,5,130.48,10.43,0.0,140.91,2024-03-27 11:43:37
3701,TXN-003701,1,2024-10-23 11:16:12,111,CARD,3,38.63,2.96,1.56,40.03,2024-10-23 11:16:12
3702,TXN-003702,1,2024-05-13 08:15:39,39,CASH,5,111.42,8.91,0.0,120.33,2024-05-13 08:15:39
3703,TXN-003703,1,2024-10-12 11:58:53,,CARD,12,138.93,11.09,0.3,149.72,2024-10-12 11:58:53
3704,TXN-003704,1,2024-03-04 12:20:03,13,CARD,10,160.73,12.44,5.19,167.98,2024-03-04 12:20:03
3705,TXN-003705,1,2025-03-29 10:41:57,408,CASH,8,95.73,7.23,5.25,97.71,2025-03-29 10:41:57
3706,TXN-003706,1,2025-05-08 22:43:15,12,CARD,9,252.4,19.7,6.27,265.83,2025-05-08 22:43:15
3707,TXN-003707,1,2024-06-09 12:24:02,17,CARD,21,538.68,40.76,29.32,550.12,2024-06-09 12:24:02
3708,TXN-003708,1,2024-05-02 16:42:43,131,EWALLET,12,167.65,13.41,0.0,181.06,2024-05-02 16:42:43
3709,TXN-003709,1,2025-03-22 12:12:12,,CARD,11,112.74,8.25,9.62,111.37,2025-03-22 12:12:12
3710,TXN-003710,1,2024-04-19 16:25:32,,CASH,9,109.1,8.47,3.24,114.33,2024-04-19 16:25:32
3711,TXN-003711,1,2024-12-18 12:24:32,148,CARD,13,185.03,14.77,0.25,199.55,2024-12-18 12:24:32
3712,TXN-003712,1,2024-03-31 19:00:51,345,EWALLET,6,89.27,6.57,7.14,88.7,2024-03-31 19:00:51
3713,TXN-003713,1,2024-02-09 17:37:11,469,CARD,12,301.13,23.56,6.58,318.11,2024-02-09 17:37:11
3714,TXN-003714,1,2024-05-07 13:32:18,222,CARD,10,234.5,18.76,0.0,253.26,2024-05-07 13:32:18
3715,TXN-003715,1,2025-05-08 14:14:17,,EWALLET,11,206.26,16.48,0.11,222.63,2025-05-08 14:14:17
3716,TXN-003716,1,2025-03-15 21:27:07,267,EWALLET,11,318.88,24.43,13.48,329.83,2025-03-15 21:27:07
3717,TXN-003717,1,2024-05-31 15:51:54,76,CARD,6,163.9,12.82,3.56,173.16,2024-05-31 15:51:54
3718,TXN-003718,1,2024-12-20 12:19:39,,CARD,6,70.34,5.63,0.0,75.97,2024-12-20 12:19:39
3719,TXN-003719,1,2024-10-28 19:50:58,,CARD,8,170.04,13.18,5.42,177.8,2024-10-28 19:50:58
3720,TXN-003720,1,2024-10-30 20:48:30,,CARD,10,286.07,22.62,3.34,305.35,2024-10-30 20:48:30
3721,TXN-003721,1,2025-03-21 15:37:52,223,CARD,9,57.57,4.6,0.0,62.17,2025-03-21 15:37:52
3722,TXN-003722,1,2025-03-10 08:10:14,,CARD,10,329.7,26.37,0.0,356.07,2025-03-10 08:10:14
3723,TXN-003723,1,2025-04-02 17:14:08,146,CARD,13,348.93,27.91,0.0,376.84,2025-04-02 17:14:08
3724,TXN-003724,1,2024-02-18 17:12:05,111,EWALLET,15,260.75,18.85,25.07,254.53,2024-02-18 17:12:05
3725,TXN-003725,1,2024-03-22 09:27:01,,CARD,4,103.43,8.27,0.0,111.7,2024-03-22 09:27:01
3726,TXN-003726,1,2024-11-14 13:41:50,,CARD,10,146.17,11.69,0.0,157.86,2024-11-14 13:41:50
3727,TXN-003727,1,2024-10-11 13:01:39,389,EWALLET,7,114.2,8.85,3.54,119.51,2024-10-11 13:01:39
3728,TXN-003728,1,2024-05-26 12:59:50,386,CARD,22,470.72,36.59,13.25,494.06,2024-05-26 12:59:50
3729,TXN-003729,1,2025-05-16 11:36:56,369,CARD,5,46.92,3.63,1.62,48.93,2025-05-16 11:36:56
3730,TXN-003730,1,2024-05-27 09:04:52,365,EWALLET,7,138.08,11.04,0.0,149.12,2024-05-27 09:04:52
3731,TXN-003731,1,2024-03-19 14:28:49,190,CARD,8,141.28,11.04,3.28,149.04,2024-03-19 14:28:49
3732,TXN-003732,1,2024-06-11 13:29:14,,CARD,15,311.65,24.93,0.0,336.58,2024-06-11 13:29:14
3733,TXN-003733,1,2024-10-30 14:13:15,258,CARD,12,136.25,10.58,4.05,142.78,2024-10-30 14:13:15
3734,TXN-003734,1,2025-03-19 09:06:59,293,EWALLET,12,331.27,26.51,0.0,357.78,2025-03-19 09:06:59
3735,TXN-003735,1,2024-06-11 20:53:21,,CARD,14,193.26,15.46,0.0,208.72,2024-06-11 20:53:21
3736,TXN-003736,1,2024-04-01 17:57:06,218,CARD,12,216.31,17.3,0.18,233.43,2024-04-01 17:57:06
3737,TXN-003737,1,2025-01-03 10:46:49,,CARD,3,39.89,3.19,0.0,43.08,2025-01-03 10:46:49
3738,TXN-003738,1,2024-02-15 13:06:21,,CARD,13,230.86,18.24,2.74,246.36,2024-02-15 13:06:21
3739,TXN-003739,1,2025-03-13 19:31:02,,CARD,13,260.66,20.85,0.0,281.51,2025-03-13 19:31:02
3740,TXN-003740,1,2024-02-01 15:06:10,165,CARD,12,166.71,13.32,0.08,179.95,2024-02-01 15:06:10
3741,TXN-003741,1,2025-03-03 10:34:12,,CARD,15,361.79,28.23,8.85,381.17,2025-03-03 10:34:12
3742,TXN-003742,1,2024-02-03 20:13:46,,CARD,11,171.49,13.15,6.96,177.68,2024-02-03 20:13:46
3743,TXN-003743,1,2025-03-05 13:16:15,,EWALLET,9,190.76,15.26,0.0,206.02,2025-03-05 13:16:15
3744,TXN-003744,1,2025-01-21 17:16:32,154,CARD,14,316.84,25.18,2.2,339.82,2025-01-21 17:16:32
3745,TXN-003745,1,2025-03-20 16:46:07,182,CARD,5,93.69,7.37,1.62,99.44,2025-03-20 16:46:07
3746,TXN-003746,1,2024-03-11 20:48:45,,CARD,11,304.86,23.78,7.59,321.05,2024-03-11 20:48:45
3747,TXN-003747,1,2025-04-20 15:46:34,173,EWALLET,17,335.23,25.63,14.93,345.93,2025-04-20 15:46:34
3748,TXN-003748,1,2024-02-03 16:59:52,496,EWALLET,13,325.86,24.93,14.3,336.49,2024-02-03 16:59:52
3749,TXN-003749,1,2024-07-31 16:26:25,,CARD,14,258.63,20.56,1.62,277.57,2024-07-31 16:26:25
3750,TXN-003750,1,2024-07-11 22:33:30,,CASH,9,330.98,26.38,1.2,356.16,2024-07-11 22:33:30
3751,TXN-003751,1,2024-04-26 14:57:19,,CARD,4,130.69,10.3,1.99,139.0,2024-04-26 14:57:19
3752,TXN-003752,1,2024-12-20 09:33:01,468,CARD,10,228.84,17.91,4.92,241.83,2024-12-20 09:33:01
3753,TXN-003753,1,2025-03-23 14:29:14,265,CARD,7,194.13,14.91,7.69,201.35,2025-03-23 14:29:14
3754,TXN-003754,1,2025-05-25 16:13:52,489,CARD,12,252.4,19.89,3.72,268.57,2025-05-25 16:13:52
3755,TXN-003755,1,2024-10-29 17:50:22,,CARD,6,23.13,1.85,0.0,24.98,2024-10-29 17:50:22
3756,TXN-003756,1,2024-07-26 15:33:12,,CARD,14,300.18,24.01,0.0,324.19,2024-07-26 15:33:12
3757,TXN-003757,1,2024-07-04 18:55:12,,EWALLET,14,292.36,23.34,0.78,314.92,2024-07-04 18:55:12
3758,TXN-003758,1,2024-07-11 13:47:38,10,CARD,10,100.86,7.94,1.68,107.12,2024-07-11 13:47:38
3759,TXN-003759,1,2025-01-05 16:45:25,426,CASH,19,620.22,46.27,41.91,624.58,2025-01-05 16:45:25
3760,TXN-003760,1,2024-10-13 17:43:36,,CARD,16,424.87,31.39,32.63,423.63,2024-10-13 17:43:36
3761,TXN-003761,1,2025-05-07 13:40:38,323,EWALLET,12,204.92,16.3,1.02,220.2,2025-05-07 13:40:38
3762,TXN-003762,1,2024-08-08 20:31:11,299,CARD,13,282.91,22.49,1.62,303.78,2024-08-08 20:31:11
3763,TXN-003763,1,2024-08-18 19:15:32,343,CARD,18,400.03,29.89,26.55,403.37,2024-08-18 19:15:32
3764,TXN-003764,1,2024-05-15 22:32:12,,EWALLET,11,139.29,11.1,0.64,149.75,2024-05-15 22:32:12
3765,TXN-003765,1,2024-10-03 19:37:44,,CARD,7,146.32,11.69,0.25,157.76,2024-10-03 19:37:44
3766,TXN-003766,1,2024-03-15 11:30:09,,CASH,9,234.98,18.67,1.55,252.1,2024-03-15 11:30:09
3767,TXN-003767,1,2025-01-28 17:06:48,,EWALLET,15,334.7,26.71,0.9,360.51,2025-01-28 17:06:48
3768,TXN-003768,1,2025-05-09 17:29:41,,CARD,7,94.5,7.37,2.34,99.53,2025-05-09 17:29:41
3769,TXN-003769,1,2024-02-02 15:32:42,,CARD,9,198.45,15.74,1.77,212.42,2024-02-02 15:32:42
3770,TXN-003770,1,2024-11-09 13:21:55,341,CARD,17,259.34,19.66,13.65,265.35,2024-11-09 13:21:55
3771,TXN-003771,1,2024-01-27 11:04:49,383,CARD,19,555.82,43.59,11.04,588.37,2024-01-27 11:04:49
3772,TXN-003772,1,2024-06-10 18:22:57,397,EWALLET,11,272.43,21.24,6.97,286.7,2024-06-10 18:22:57
3773,TXN-003773,1,2025-04-27 11:56:46,,EWALLET,6,95.21,6.78,10.43,91.56,2025-04-27 11:56:46
3774,TXN-003774,1,2025-04-14 13:02:39,,CARD,3,38.66,3.09,0.0,41.75,2025-04-14 13:02:39
3775,TXN-003775,1,2025-05-23 12:01:27,,CASH,12,178.69,14.03,3.36,189.36,2025-05-23 12:01:27
3776,TXN-003776,1,2024-03-02 15:30:16,,CARD,13,280.94,21.98,6.42,296.5,2024-03-02 15:30:16
3777,TXN-003777,1,2024-10-12 19:57:27,,CARD,14,328.82,23.58,33.96,318.44,2024-10-12 19:57:27
3778,TXN-003778,1,2024-10-09 12:51:07,,CARD,8,207.65,16.09,6.6,217.14,2024-10-09 12:51:07
3779,TXN-003779,1,2024-07-27 17:51:38,,CARD,14,382.68,28.08,31.53,379.23,2024-07-27 17:51:38
3780,TXN-003780,1,2025-02-19 21:03:16,,CARD,13,216.99,17.15,2.61,231.53,2025-02-19 21:03:16
3781,TXN-003781,1,2024-04-02 11:59:38,,EWALLET,8,185.7,14.73,1.52,198.91,2024-04-02 11:59:38
3782,TXN-003782,1,2024-11-23 13:48:56,149,CASH,6,134.74,10.58,2.61,142.71,2024-11-23 13:48:56
3783,TXN-003783,1,2024-06-16 09:43:33,148,CARD,10,229.77,17.53,10.62,236.68,2024-06-16 09:43:33
3784,TXN-003784,1,2025-03-19 15:54:42,45,EWALLET,4,69.68,5.58,0.0,75.26,2025-03-19 15:54:42
3785,TXN-003785,1,2024-09-17 10:03:53,457,CARD,11,252.62,19.93,3.52,269.03,2024-09-17 10:03:53
3786,TXN-003786,1,2025-05-12 08:51:49,439,CARD,6,124.3,9.95,0.0,134.25,2025-05-12 08:51:49
3787,TXN-003787,1,2024-06-11 15:13:10,,EWALLET,4,55.65,4.29,2.0,57.94,2024-06-11 15:13:10
3788,TXN-003788,1,2024-08-18 21:52:07,340,CARD,17,254.17,19.88,5.6,268.45,2024-08-18 21:52:07
3789,TXN-003789,1,2024-08-12 12:02:03,399,CARD,11,126.08,9.77,4.03,131.82,2024-08-12 12:02:03
3790,TXN-003790,1,2024-08-15 08:32:46,281,CARD,5,158.15,12.66,0.0,170.81,2024-08-15 08:32:46
3791,TXN-003791,1,2025-03-13 18:43:56,,CARD,6,110.26,8.7,1.54,117.42,2025-03-13 18:43:56
3792,TXN-003792,1,2025-03-18 22:57:07,,CARD,11,190.97,15.26,0.16,206.07,2025-03-18 22:57:07
3793,TXN-003793,1,2024-12-14 22:15:18,227,CASH,14,283.0,22.33,3.75,301.58,2024-12-14 22:15:18
3794,TXN-003794,1,2024-12-21 12:25:43,,CARD,14,352.26,27.78,5.14,374.9,2024-12-21 12:25:43
3795,TXN-003795,1,2024-01-23 14:12:45,28,EWALLET,12,254.52,20.04,3.91,270.65,2024-01-23 14:12:45
3796,TXN-003796,1,2025-03-24 10:22:05,461,CARD,14,289.74,22.74,5.44,307.04,2025-03-24 10:22:05
3797,TXN-003797,1,2024-11-08 12:38:48,366,EWALLET,8,89.41,7.15,0.0,96.56,2024-11-08 12:38:48
3798,TXN-003798,1,2024-07-08 10:23:53,117,CASH,4,98.32,7.74,1.5,104.56,2024-07-08 10:23:53
3799,TXN-003799,1,2025-01-10 20:26:24,,CASH,10,222.76,17.8,0.15,240.41,2025-01-10 20:26:24
3800,TXN-003800,1,2024-07-01 09:46:12,101,CARD,15,249.77,19.98,0.0,269.75,2024-07-01 09:46:12
3801,TXN-003801,1,2024-05-11 21:31:05,473,CARD,15,297.23,22.1,20.97,298.36,2024-05-11 21:31:05
3802,TXN-003802,1,2025-01-03 08:26:20,,CARD,16,413.09,32.89,2.18,443.8,2025-01-03 08:26:20
3803,TXN-003803,1,2024-11-21 15:49:20,259,CARD,6,188.98,15.12,0.0,204.1,2024-11-21 15:49:20
3804,TXN-003804,1,2024-06-29 15:50:29,127,CARD,9,84.85,6.71,1.01,90.55,2024-06-29 15:50:29
3805,TXN-003805,1,2025-03-08 11:36:19,474,CARD,10,206.19,15.01,18.5,202.7,2025-03-08 11:36:19
3806,TXN-003806,1,2024-11-01 18:26:50,,CARD,21,477.41,37.94,3.27,512.08,2024-11-01 18:26:50
3807,TXN-003807,1,2024-04-23 14:12:45,133,CARD,18,386.23,30.86,0.4,416.69,2024-04-23 14:12:45
3808,TXN-003808,1,2024-06-25 21:24:21,374,EWALLET,15,297.81,23.71,1.44,320.08,2024-06-25 21:24:21
3809,TXN-003809,1,2024-05-04 20:22:21,484,CARD,15,329.71,24.67,21.48,332.9,2024-05-04 20:22:21
3810,TXN-003810,1,2024-08-13 12:59:25,421,EWALLET,8,199.29,15.94,0.0,215.23,2024-08-13 12:59:25
3811,TXN-003811,1,2024-06-27 18:02:44,,CASH,12,193.06,15.35,1.2,207.21,2024-06-27 18:02:44
3812,TXN-003812,1,2025-03-14 18:11:13,263,CARD,3,30.51,2.43,0.09,32.85,2025-03-14 18:11:13
3813,TXN-003813,1,2025-03-14 10:23:24,115,EWALLET,16,436.63,34.64,3.56,467.71,2025-03-14 10:23:24
3814,TXN-003814,1,2024-10-15 17:09:07,115,CARD,11,99.54,7.77,2.47,104.84,2024-10-15 17:09:07
3815,TXN-003815,1,2024-10-17 10:50:25,39,EWALLET,9,79.34,6.34,0.0,85.68,2024-10-17 10:50:25
3816,TXN-003816,1,2025-05-29 16:31:20,66,CARD,13,403.1,31.94,3.93,431.11,2025-05-29 16:31:20
3817,TXN-003817,1,2024-05-14 11:12:46,,EWALLET,7,209.19,16.73,0.0,225.92,2024-05-14 11:12:46
3818,TXN-003818,1,2025-05-24 12:39:00,213,CARD,13,162.75,12.85,2.13,173.47,2025-05-24 12:39:00
3819,TXN-003819,1,2024-10-04 14:25:59,474,EWALLET,11,158.99,12.51,2.6,168.9,2024-10-04 14:25:59
3820,TXN-003820,1,2024-12-05 12:30:04,,CARD,11,229.88,18.27,1.46,246.69,2024-12-05 12:30:04
3821,TXN-003821,1,2024-01-03 11:08:04,61,EWALLET,6,29.61,2.37,0.0,31.98,2024-01-03 11:08:04
3822,TXN-003822,1,2025-01-20 11:58:37,146,EWALLET,11,287.31,22.56,5.32,304.55,2025-01-20 11:58:37
3823,TXN-003823,1,2024-06-03 09:11:28,452,CARD,12,123.34,9.79,0.94,132.19,2024-06-03 09:11:28
3824,TXN-003824,1,2024-09-03 12:57:39,18,CASH,9,177.39,14.18,0.0,191.57,2024-09-03 12:57:39
3825,TXN-003825,1,2025-01-29 16:59:31,305,CARD,17,168.36,13.41,0.81,180.96,2025-01-29 16:59:31
3826,TXN-003826,1,2025-03-30 17:42:50,300,CARD,10,114.96,9.0,2.43,121.53,2025-03-30 17:42:50
3827,TXN-003827,1,2025-04-28 12:19:31,,EWALLET,4,32.79,2.62,0.0,35.41,2025-04-28 12:19:31
3828,TXN-003828,1,2025-05-03 17:00:38,5,CARD,12,227.17,17.99,2.34,242.82,2025-05-03 17:00:38
3829,TXN-003829,1,2024-06-04 16:45:04,,CARD,10,212.41,17.0,0.0,229.41,2024-06-04 16:45:04
3830,TXN-003830,1,2025-04-15 11:18:00,,EWALLET,16,211.8,16.55,4.91,223.44,2025-04-15 11:18:00
3831,TXN-003831,1,2024-09-22 10:22:14,,CARD,9,195.69,14.63,12.76,197.56,2024-09-22 10:22:14
3832,TXN-003832,1,2025-04-29 09:21:16,,CARD,21,441.33,34.4,11.27,464.46,2025-04-29 09:21:16
3833,TXN-003833,1,2025-04-22 15:02:52,225,CARD,2,18.36,1.47,0.0,19.83,2025-04-22 15:02:52
3834,TXN-003834,1,2024-08-27 18:00:25,,CARD,6,205.06,16.41,0.0,221.47,2024-08-27 18:00:25
3835,TXN-003835,1,2024-11-14 12:29:16,401,CARD,13,322.19,25.42,4.28,343.33,2024-11-14 12:29:16
3836,TXN-003836,1,2024-02-10 16:19:02,,CARD,11,276.76,21.55,7.38,290.93,2024-02-10 16:19:02
3837,TXN-003837,1,2024-04-10 14:45:10,,EWALLET,7,165.45,13.24,0.0,178.69,2024-04-10 14:45:10
3838,TXN-003838,1,2024-02-21 13:28:12,337,CASH,15,445.09,34.7,11.2,468.59,2024-02-21 13:28:12
3839,TXN-003839,1,2024-06-09 20:36:06,,CARD,12,440.66,33.97,16.02,458.61,2024-06-09 20:36:06
3840,TXN-003840,1,2025-03-15 21:13:41,,CARD,10,143.35,11.02,5.64,148.73,2025-03-15 21:13:41
3841,TXN-003841,1,2024-03-25 17:01:30,75,CARD,16,327.4,25.7,6.19,346.91,2024-03-25 17:01:30
3842,TXN-003842,1,2025-01-13 14:26:07,264,CARD,8,75.26,5.91,1.45,79.72,2025-01-13 14:26:07
3843,TXN-003843,1,2024-02-28 18:27:23,17,CARD,10,142.86,11.43,0.0,154.29,2024-02-28 18:27:23
3844,TXN-003844,1,2025-04-18 16:43:01,374,CARD,12,144.35,11.48,0.68,155.15,2025-04-18 16:43:01
3845,TXN-003845,1,2024-09-19 15:23:09,,CASH,5,216.2,17.3,0.0,233.5,2024-09-19 15:23:09
3846,TXN-003846,1,2025-03-29 16:52:42,99,CARD,8,164.87,12.29,11.33,165.83,2025-03-29 16:52:42
3847,TXN-003847,1,2024-03-23 18:31:28,219,CASH,11,290.9,21.87,17.51,295.26,2024-03-23 18:31:28
3848,TXN-003848,1,2025-03-26 13:56:43,295,CARD,10,204.0,16.33,0.0,220.33,2025-03-26 13:56:43
3849,TXN-003849,1,2024-05-29 17:47:54,252,CARD,4,111.86,8.95,0.0,120.81,2024-05-29 17:47:54
3850,TXN-003850,1,2024-08-02 15:40:28,390,CARD,8,188.0,14.76,3.54,199.22,2024-08-02 15:40:28
3851,TXN-003851,1,2024-11-27 18:30:27,,CASH,8,124.14,9.91,0.22,133.83,2024-11-27 18:30:27
3852,TXN-003852,1,2024-07-20 15:20:34,,EWALLET,13,281.69,20.89,20.59,281.99,2024-07-20 15:20:34
3853,TXN-003853,1,2024-04-19 17:50:16,39,CARD,7,212.06,16.39,7.19,221.26,2024-04-19 17:50:16
3854,TXN-003854,1,2024-03-16 19:54:17,6,CASH,14,270.28,21.2,5.3,286.18,2024-03-16 19:54:17
3855,TXN-003855,1,2024-09-07 17:01:42,22,CARD,9,288.42,21.02,25.67,283.77,2024-09-07 17:01:42
3856,TXN-003856,1,2024-04-09 18:48:30,,CASH,10,177.43,14.19,0.08,191.54,2024-04-09 18:48:30
3857,TXN-003857,1,2025-05-18 12:15:30,472,CARD,17,258.53,19.62,13.29,264.86,2025-05-18 12:15:30
3858,TXN-003858,1,2025-05-23 16:01:35,203,CARD,9,197.18,15.67,1.18,211.67,2025-05-23 16:01:35
3859,TXN-003859,1,2025-05-03 13:53:48,,CARD,10,143.24,10.06,17.38,135.92,2025-05-03 13:53:48
3860,TXN-003860,1,2024-11-02 15:44:32,318,CASH,15,122.82,9.22,7.45,124.59,2024-11-02 15:44:32
3861,TXN-003861,1,2024-11-21 13:12:12,438,CARD,5,85.66,6.85,0.0,92.51,2024-11-21 13:12:12
3862,TXN-003862,1,2024-02-03 18:57:12,470,EWALLET,17,304.4,23.12,15.45,312.07,2024-02-03 18:57:12
3863,TXN-003863,1,2024-05-26 18:09:03,,CASH,14,326.44,24.2,23.92,326.72,2024-05-26 18:09:03
3864,TXN-003864,1,2024-05-06 15:20:02,429,CASH,8,137.35,10.99,0.0,148.34,2024-05-06 15:20:02
3865,TXN-003865,1,2024-01-01 20:37:38,,CARD,11,113.36,8.92,1.96,120.32,2024-01-01 20:37:38
3866,TXN-003866,1,2024-11-30 15:07:08,,CARD,10,136.24,10.55,4.35,142.44,2024-11-30 15:07:08
3867,TXN-003867,1,2025-03-10 12:50:59,200,CARD,14,282.64,22.47,1.67,303.44,2025-03-10 12:50:59
3868,TXN-003868,1,2024-05-09 17:07:02,187,EWALLET,2,8.07,0.65,0.0,8.72,2024-05-09 17:07:02
3869,TXN-003869,1,2024-02-08 18:47:40,,EWALLET,7,53.85,4.31,0.0,58.16,2024-02-08 18:47:40
3870,TXN-003870,1,2024-02-05 17:56:50,464,CARD,10,178.47,14.28,0.0,192.75,2024-02-05 17:56:50
3871,TXN-003871,1,2025-03-19 15:11:01,175,CARD,5,63.67,4.99,1.32,67.34,2025-03-19 15:11:01
3872,TXN-003872,1,2024-05-14 09:44:06,329,CARD,13,366.47,28.99,4.11,391.35,2024-05-14 09:44:06
3873,TXN-003873,1,2024-03-12 13:55:32,278,CARD,12,184.26,14.67,1.0,197.93,2024-03-12 13:55:32
3874,TXN-003874,1,2024-12-29 10:31:57,,CARD,18,426.46,30.69,42.83,414.32,2024-12-29 10:31:57
3875,TXN-003875,1,2025-02-02 21:04:10,,CARD,19,310.33,24.09,9.2,325.22,2025-02-02 21:04:10
3876,TXN-003876,1,2024-08-06 20:33:47,,CARD,4,7.84,0.62,0.0,8.46,2024-08-06 20:33:47
3877,TXN-003877,1,2024-04-03 20:18:25,419,EWALLET,13,287.89,22.86,2.18,308.57,2024-04-03 20:18:25
3878,TXN-003878,1,2025-04-25 10:12:28,,CARD,15,166.08,13.26,0.24,179.1,2025-04-25 10:12:28
3879,TXN-003879,1,2025-01-14 15:04:54,85,CARD,13,131.0,10.4,0.96,140.44,2025-01-14 15:04:54
3880,TXN-003880,1,2025-02-17 15:32:45,,EWALLET,12,249.43,19.86,1.2,268.09,2025-02-17 15:32:45
3881,TXN-003881,1,2025-02-07 13:04:09,333,CARD,9,236.08,18.65,2.88,251.85,2025-02-07 13:04:09
3882,TXN-003882,1,2024-02-03 10:50:08,,CARD,7,207.15,15.9,8.36,214.69,2024-02-03 10:50:08
3883,TXN-003883,1,2025-05-26 15:37:37,223,EWALLET,16,417.11,32.77,7.56,442.32,2025-05-26 15:37:37
3884,TXN-003884,1,2024-02-02 11:56:57,,EWALLET,4,39.8,3.16,0.34,42.62,2024-02-02 11:56:57
3885,TXN-003885,1,2024-01-15 19:53:52,167,CARD,14,286.86,22.69,3.2,306.35,2024-01-15 19:53:52
3886,TXN-003886,1,2024-09-30 12:52:55,360,CARD,10,196.72,15.33,5.04,207.01,2024-09-30 12:52:55
3887,TXN-003887,1,2024-10-08 15:31:58,,CARD,6,137.66,10.97,0.62,148.01,2024-10-08 15:31:58
3888,TXN-003888,1,2025-02-24 11:47:40,369,CASH,9,145.02,11.49,1.26,155.25,2025-02-24 11:47:40
3889,TXN-003889,1,2024-07-31 16:39:38,,CARD,12,398.32,31.63,2.84,427.11,2024-07-31 16:39:38
3890,TXN-003890,1,2025-01-09 10:51:52,243,CASH,4,71.72,5.72,0.27,77.17,2025-01-09 10:51:52
3891,TXN-003891,1,2024-11-19 21:12:59,427,CARD,4,116.36,8.98,4.07,121.27,2024-11-19 21:12:59
3892,TXN-003892,1,2024-09-06 16:43:01,,CARD,14,320.04,25.36,3.0,342.4,2024-09-06 16:43:01
3893,TXN-003893,1,2024-11-13 17:23:33,107,CARD,4,79.08,6.33,0.0,85.41,2024-11-13 17:23:33
3894,TXN-003894,1,2024-07-04 22:01:17,122,CARD,8,88.41,7.08,0.0,95.49,2024-07-04 22:01:17
3895,TXN-003895,1,2024-12-23 16:25:41,355,CARD,15,334.74,26.18,7.48,353.44,2024-12-23 16:25:41
3896,TXN-003896,1,2025-02-01 15:31:46,,CARD,10,123.3,9.72,1.77,131.25,2025-02-01 15:31:46
3897,TXN-003897,1,2025-03-31 17:10:19,,CARD,12,260.76,20.77,1.07,280.46,2025-03-31 17:10:19
3898,TXN-003898,1,2024-11-08 12:57:11,327,CARD,2,51.0,4.08,0.0,55.08,2024-11-08 12:57:11
3899,TXN-003899,1,2025-01-22 16:19:10,297,CARD,14,278.89,21.97,4.24,296.62,2025-01-22 16:19:10
3900,TXN-003900,1,2025-03-18 14:33:26,210,CARD,4,172.47,13.79,0.0,186.26,2025-03-18 14:33:26
3901,TXN-003901,1,2024-12-13 16:36:34,388,CARD,8,275.85,21.94,1.52,296.27,2024-12-13 16:36:34
3902,TXN-003902,1,2025-03-20 12:57:26,248,EWALLET,14,327.58,26.06,1.82,351.82,2025-03-20 12:57:26
3903,TXN-003903,1,2024-02-12 17:14:52,405,CARD,6,30.58,2.45,0.0,33.03,2024-02-12 17:14:52
3904,TXN-003904,1,2025-03-03 22:56:53,,CARD,12,200.56,15.98,0.72,215.82,2025-03-03 22:56:53
3905,TXN-003905,1,2025-03-18 11:24:26,,EWALLET,5,301.68,24.13,0.0,325.81,2025-03-18 11:24:26
3906,TXN-003906,1,2024-12-14 18:28:18,388,CARD,18,370.68,29.65,0.0,400.33,2024-12-14 18:28:18
3907,TXN-003907,1,2024-08-19 16:45:11,118,CARD,7,172.95,13.54,3.74,182.75,2024-08-19 16:45:11
3908,TXN-003908,1,2024-08-01 14:47:39,448,CARD,4,58.64,4.69,0.0,63.33,2024-08-01 14:47:39
3909,TXN-003909,1,2024-08-18 13:24:11,,CARD,7,65.25,5.17,0.54,69.88,2024-08-18 13:24:11
3910,TXN-003910,1,2024-06-26 19:17:53,433,CARD,4,110.22,8.82,0.0,119.04,2024-06-26 19:17:53
3911,TXN-003911,1,2025-04-17 09:38:54,,EWALLET,15,282.83,22.37,3.27,301.93,2025-04-17 09:38:54
3912,TXN-003912,1,2025-01-04 10:44:31,241,CARD,14,313.35,24.96,1.42,336.89,2025-01-04 10:44:31
3913,TXN-003913,1,2024-05-07 21:52:07,,CARD,14,167.43,13.39,0.0,180.82,2024-05-07 21:52:07
3914,TXN-003914,1,2024-05-02 15:00:12,,CASH,11,164.81,13.18,0.0,177.99,2024-05-02 15:00:12
3915,TXN-003915,1,2024-02-05 15:17:09,480,CASH,3,103.76,8.05,3.12,108.69,2024-02-05 15:17:09
3916,TXN-003916,1,2025-01-13 08:21:29,309,CASH,9,111.28,8.9,0.0,120.18,2025-01-13 08:21:29
3917,TXN-003917,1,2025-01-21 15:19:17,396,CARD,9,349.61,27.39,7.12,369.88,2025-01-21 15:19:17
3918,TXN-003918,1,2024-05-29 17:38:44,,CASH,7,95.74,7.66,0.0,103.4,2024-05-29 17:38:44
3919,TXN-003919,1,2024-05-20 21:19:40,235,CARD,6,176.26,13.92,2.22,187.96,2024-05-20 21:19:40
3920,TXN-003920,1,2024-06-16 16:15:39,,CARD,15,252.07,19.39,9.72,261.74,2024-06-16 16:15:39
3921,TXN-003921,1,2025-05-19 13:17:22,271,EWALLET,10,161.66,12.94,0.0,174.6,2025-05-19 13:17:22
3922,TXN-003922,1,2024-12-03 12:42:16,57,EWALLET,7,154.84,12.35,0.46,166.73,2024-12-03 12:42:16
3923,TXN-003923,1,2025-03-03 15:05:33,387,CARD,9,190.21,14.88,4.3,200.79,2025-03-03 15:05:33
3924,TXN-003924,1,2025-03-27 22:00:05,,CARD,14,504.07,39.86,5.86,538.07,2025-03-27 22:00:05
3925,TXN-003925,1,2024-01-14 13:48:58,,CASH,12,215.79,16.34,11.55,220.58,2024-01-14 13:48:58
3926,TXN-003926,1,2025-03-06 19:11:39,373,CARD,18,280.08,22.3,1.41,300.97,2025-03-06 19:11:39
3927,TXN-003927,1,2025-01-15 17:36:53,,CARD,12,211.11,16.88,0.0,227.99,2025-01-15 17:36:53
3928,TXN-003928,1,2025-01-26 10:17:34,416,CARD,17,324.18,25.19,9.25,340.12,2025-01-26 10:17:34
3929,TXN-003929,1,2025-03-11 12:33:24,,CARD,5,174.75,13.56,5.24,183.07,2025-03-11 12:33:24
3930,TXN-003930,1,2025-04-15 13:10:29,,EWALLET,10,108.09,8.64,0.08,116.65,2025-04-15 13:10:29
3931,TXN-003931,1,2024-05-04 16:50:19,,EWALLET,12,166.09,12.75,6.81,172.03,2024-05-04 16:50:19
3932,TXN-003932,1,2024-03-05 13:27:53,,EWALLET,8,200.45,16.02,0.23,216.24,2024-03-05 13:27:53
3933,TXN-003933,1,2024-12-22 19:03:29,,CARD,20,228.34,17.09,14.58,230.85,2024-12-22 19:03:29
3934,TXN-003934,1,2024-07-15 12:45:32,,CARD,12,160.6,12.43,5.38,167.65,2024-07-15 12:45:32
3935,TXN-003935,1,2024-05-18 11:52:52,81,CARD,12,264.28,20.66,6.01,278.93,2024-05-18 11:52:52
3936,TXN-003936,1,2024-09-05 18:23:41,148,CASH,5,56.75,4.35,2.4,58.7,2024-09-05 18:23:41
3937,TXN-003937,1,2025-05-25 18:42:48,46,EWALLET,12,198.74,13.97,24.21,188.5,2025-05-25 18:42:48
3938,TXN-003938,1,2025-03-05 18:40:49,178,CARD,5,73.21,5.73,1.64,77.3,2025-03-05 18:40:49
3939,TXN-003939,1,2024-03-01 10:40:34,221,CARD,5,95.79,7.36,3.9,99.25,2024-03-01 10:40:34
3940,TXN-003940,1,2024-12-24 13:33:21,68,CARD,16,403.15,31.83,5.16,429.82,2024-12-24 13:33:21
3941,TXN-003941,1,2025-04-25 09:13:29,374,CARD,11,273.65,21.88,0.16,295.37,2025-04-25 09:13:29
3942,TXN-003942,1,2024-10-30 17:21:53,29,CARD,15,203.37,16.06,2.8,216.63,2024-10-30 17:21:53
3943,TXN-003943,1,2024-12-23 14:34:29,,CARD,15,353.64,27.32,12.06,368.9,2024-12-23 14:34:29
3944,TXN-003944,1,2025-01-23 15:47:18,129,CARD,16,257.58,19.73,10.83,266.48,2025-01-23 15:47:18
3945,TXN-003945,1,2024-07-30 13:28:53,,EWALLET,15,311.66,24.87,0.69,335.84,2024-07-30 13:28:53
3946,TXN-003946,1,2024-03-06 12:39:34,,EWALLET,14,207.71,16.61,0.0,224.32,2024-03-06 12:39:34
3947,TXN-003947,1,2024-04-22 14:58:50,45,EWALLET,15,318.16,24.94,6.48,336.62,2024-04-22 14:58:50
3948,TXN-003948,1,2024-04-11 14:51:13,192,EWALLET,2,24.19,1.84,1.21,24.82,2024-04-11 14:51:13
3949,TXN-003949,1,2024-06-26 18:30:42,,CASH,11,264.65,21.05,1.62,284.08,2024-06-26 18:30:42
3950,TXN-003950,1,2024-02-17 17:37:29,,CARD,7,216.67,16.18,14.31,218.54,2024-02-17 17:37:29
3951,TXN-003951,1,2024-02-17 09:56:34,72,CASH,11,292.32,22.21,14.6,299.93,2024-02-17 09:56:34
3952,TXN-003952,1,2024-01-20 13:11:26,63,CASH,11,295.71,22.5,14.51,303.7,2024-01-20 13:11:26
3953,TXN-003953,1,2025-05-11 21:33:47,259,CARD,21,337.45,26.83,2.15,362.13,2025-05-11 21:33:47
3954,TXN-003954,1,2024-12-29 18:24:45,,EWALLET,10,158.85,11.73,12.18,158.4,2024-12-29 18:24:45
3955,TXN-003955,1,2024-04-14 22:51:41,106,EWALLET,12,258.9,20.21,6.4,272.71,2024-04-14 22:51:41
3956,TXN-003956,1,2024-10-22 22:14:47,206,CARD,2,80.45,6.43,0.0,86.88,2024-10-22 22:14:47
3957,TXN-003957,1,2024-01-11 11:27:23,355,EWALLET,9,326.98,25.83,4.2,348.61,2024-01-11 11:27:23
3958,TXN-003958,1,2025-03-31 20:40:12,,CASH,6,186.05,14.76,1.48,199.33,2025-03-31 20:40:12
3959,TXN-003959,1,2024-01-14 15:35:30,,CARD,15,211.35,15.34,19.58,207.11,2024-01-14 15:35:30
3960,TXN-003960,1,2024-05-14 09:34:24,369,CARD,7,133.82,10.67,0.48,144.01,2024-05-14 09:34:24
3961,TXN-003961,1,2024-01-17 13:37:10,385,CARD,10,135.82,10.65,2.64,143.83,2024-01-17 13:37:10
3962,TXN-003962,1,2024-07-09 17:49:52,376,CARD,7,104.55,8.36,0.0,112.91,2024-07-09 17:49:52
3963,TXN-003963,1,2024-02-16 10:00:07,204,CARD,16,303.0,23.94,3.69,323.25,2024-02-16 10:00:07
3964,TXN-003964,1,2024-09-30 17:59:23,424,EWALLET,14,281.15,22.26,2.93,300.48,2024-09-30 17:59:23
3965,TXN-003965,1,2024-03-27 08:12:21,,CASH,9,260.42,20.83,0.0,281.25,2024-03-27 08:12:21
3966,TXN-003966,1,2024-08-30 16:51:18,105,CARD,8,118.38,9.43,0.55,127.26,2024-08-30 16:51:18
3967,TXN-003967,1,2024-07-03 15:05:36,399,CARD,19,274.85,21.68,3.79,292.74,2024-07-03 15:05:36
3968,TXN-003968,1,2024-07-24 10:00:50,,CARD,6,67.63,5.41,0.0,73.04,2024-07-24 10:00:50
3969,TXN-003969,1,2024-07-08 12:00:01,17,CARD,11,201.41,16.11,0.0,217.52,2024-07-08 12:00:01
3970,TXN-003970,1,2025-05-21 16:48:33,100,CARD,12,220.42,17.43,2.4,235.45,2025-05-21 16:48:33
3971,TXN-003971,1,2025-03-09 15:57:22,,CARD,17,216.89,16.79,7.02,226.66,2025-03-09 15:57:22
3972,TXN-003972,1,2025-01-05 13:01:01,,CARD,21,622.28,47.91,23.38,646.81,2025-01-05 13:01:01
3973,TXN-003973,1,2024-05-15 10:17:08,,EWALLET,12,222.05,17.42,4.28,235.19,2024-05-15 10:17:08
3974,TXN-003974,1,2025-05-31 17:22:07,,CARD,18,312.18,24.07,11.48,324.77,2025-05-31 17:22:07
3975,TXN-003975,1,2024-10-02 20:41:53,398,CARD,9,46.29,3.7,0.0,49.99,2024-10-02 20:41:53
3976,TXN-003976,1,2024-05-17 20:44:25,279,CARD,11,300.73,24.06,0.0,324.79,2024-05-17 20:44:25
3977,TXN-003977,1,2025-02-14 10:30:57,,CARD,13,323.64,25.55,4.24,344.95,2025-02-14 10:30:57
3978,TXN-003978,1,2025-01-05 16:50:29,,CARD,8,65.01,4.83,4.69,65.15,2025-01-05 16:50:29
3979,TXN-003979,1,2025-05-26 14:48:29,,CARD,4,114.52,9.17,0.0,123.69,2025-05-26 14:48:29
3980,TXN-003980,1,2024-02-01 15:56:36,87,CARD,10,169.94,13.53,0.68,182.79,2024-02-01 15:56:36
3981,TXN-003981,1,2024-12-12 20:33:11,349,CARD,15,447.29,35.78,0.0,483.07,2024-12-12 20:33:11
3982,TXN-003982,1,2025-04-04 19:08:38,211,CARD,14,277.9,21.88,4.45,295.33,2025-04-04 19:08:38
3983,TXN-003983,1,2024-08-24 19:47:17,,CARD,10,194.02,15.27,3.12,206.17,2024-08-24 19:47:17
3984,TXN-003984,1,2024-07-06 12:06:49,,CARD,9,146.58,11.29,5.41,152.46,2024-07-06 12:06:49
3985,TXN-003985,1,2024-07-25 17:51:31,147,CARD,14,285.88,22.86,0.0,308.74,2024-07-25 17:51:31
3986,TXN-003986,1,2024-09-21 22:34:57,125,EWALLET,8,160.18,12.4,5.2,167.38,2024-09-21 22:34:57
3987,TXN-003987,1,2024-01-24 09:22:58,,CARD,7,175.66,14.06,0.0,189.72,2024-01-24 09:22:58
3988,TXN-003988,1,2025-04-19 18:50:13,186,CARD,6,116.27,9.3,0.0,125.57,2025-04-19 18:50:13
3989,TXN-003989,1,2024-11-16 14:30:04,396,CARD,11,180.36,14.23,2.37,192.22,2024-11-16 14:30:04
3990,TXN-003990,1,2024-07-03 15:38:59,,CARD,4,63.16,5.05,0.0,68.21,2024-07-03 15:38:59
3991,TXN-003991,1,2025-01-28 15:49:39,,CARD,5,106.99,8.56,0.0,115.55,2025-01-28 15:49:39
3992,TXN-003992,1,2024-08-13 15:37:10,454,CASH,16,386.67,30.62,4.08,413.21,2024-08-13 15:37:10
3993,TXN-003993,1,2024-01-21 18:38:42,359,CARD,18,287.53,21.18,22.9,285.81,2024-01-21 18:38:42
3994,TXN-003994,1,2025-04-07 13:47:22,79,CARD,11,251.88,20.15,0.0,272.03,2025-04-07 13:47:22
3995,TXN-003995,1,2024-06-22 19:51:43,176,EWALLET,10,201.02,14.98,13.8,202.2,2024-06-22 19:51:43
3996,TXN-003996,1,2024-10-18 18:52:18,467,EWALLET,19,321.69,25.47,3.27,343.89,2024-10-18 18:52:18
3997,TXN-003997,1,2024-12-14 13:10:41,496,EWALLET,5,45.45,3.42,2.62,46.25,2024-12-14 13:10:41
3998,TXN-003998,1,2024-04-06 14:46:18,496,CARD,8,188.31,14.78,3.5,199.59,2024-04-06 14:46:18
3999,TXN-003999,1,2024-07-15 13:51:28,,CARD,8,164.46,13.0,1.99,175.47,2024-07-15 13:51:28
4000,TXN-004000,1,2024-01-21 15:27:19,314,CARD,12,224.87,17.47,6.5,235.84,2024-01-21 15:27:19
