order_id,order_number,supplier_id,product_id,order_date,ordered_qty,expected_delivery_date,actual_delivery_date,received_qty,unit_cost,line_base_cost,discount_pct,tax_rate_pct,status,created_at
1,1,2,119,1/1/2024,91,6/1/2024,8/1/2024,86,2.87,261.17,0,8,SENT,1/1/2024 9:00
2,1,2,114,1/1/2024,70,6/1/2024,8/1/2024,64,19.1,1337,0,8,SENT,1/1/2024 14:00
3,1,2,43,1/1/2024,17,6/1/2024,8/1/2024,16,32.91,559.47,0,8,SENT,1/1/2024 13:00
4,2,1,71,1/1/2024,26,4/1/2024,5/1/2024,25,18.31,476.06,2,8,RECEIVED,1/1/2024 17:00
5,2,1,84,1/1/2024,71,4/1/2024,5/1/2024,68,16.11,1143.81,0,8,RECEIVED,1/1/2024 13:00
6,2,1,83,1/1/2024,37,4/1/2024,5/1/2024,35,14.16,523.92,3,8,RECEIVED,1/1/2024 9:00
7,2,1,148,1/1/2024,185,4/1/2024,5/1/2024,176,1.74,321.9,0,8,RECEIVED,1/1/2024 13:00
8,2,1,54,1/1/2024,33,4/1/2024,5/1/2024,30,14.08,464.64,0,8,RECEIVED,1/1/2024 10:00
9,2,1,30,1/1/2024,97,4/1/2024,5/1/2024,89,8.06,781.82,0,8,RECEIVED,1/1/2024 10:00
10,2,1,138,1/1/2024,91,4/1/2024,5/1/2024,88,33.63,3060.33,3,8,RECEIVED,1/1/2024 17:00
11,3,9,104,2/1/2024,191,6/1/2024,8/1/2024,173,5.57,1063.87,0,8,CLOSED,2/1/2024 15:00
12,3,9,131,2/1/2024,77,6/1/2024,8/1/2024,70,5.54,426.58,0,8,CLOSED,2/1/2024 9:00
13,3,9,88,2/1/2024,79,6/1/2024,8/1/2024,78,23.62,1865.98,3,8,CLOSED,2/1/2024 17:00
14,3,9,58,2/1/2024,84,6/1/2024,8/1/2024,79,12.77,1072.68,5,8,CLOSED,2/1/2024 8:00
15,3,9,115,2/1/2024,77,6/1/2024,8/1/2024,76,1.46,112.42,0,8,CLOSED,2/1/2024 13:00
16,3,9,24,2/1/2024,194,6/1/2024,8/1/2024,184,7.94,1540.36,0,8,CLOSED,2/1/2024 15:00
17,3,9,28,2/1/2024,66,6/1/2024,8/1/2024,65,0.93,61.38,5,8,CLOSED,2/1/2024 9:00
18,4,1,9,2/1/2024,62,12/1/2024,15/1/2024,57,18.44,1143.28,2,8,SENT,2/1/2024 14:00
19,4,1,49,2/1/2024,248,12/1/2024,15/1/2024,242,4.49,1113.52,3,8,SENT,2/1/2024 8:00
20,4,1,84,2/1/2024,100,12/1/2024,15/1/2024,93,16.52,1652,0,8,SENT,2/1/2024 13:00
21,4,1,73,2/1/2024,25,12/1/2024,15/1/2024,23,11.21,280.25,2,8,SENT,2/1/2024 12:00
22,5,2,41,8/1/2024,116,22/1/2024,24/1/2024,112,9.27,1075.32,0,8,RECEIVED,8/1/2024 16:00
23,5,2,75,8/1/2024,31,22/1/2024,24/1/2024,30,11.31,350.61,0,8,RECEIVED,8/1/2024 8:00
24,5,2,22,8/1/2024,61,22/1/2024,24/1/2024,57,4.26,259.86,0,8,RECEIVED,8/1/2024 15:00
25,5,2,144,8/1/2024,54,22/1/2024,24/1/2024,50,19.09,1030.86,0,8,RECEIVED,8/1/2024 12:00
26,5,2,116,8/1/2024,32,22/1/2024,24/1/2024,30,4.24,135.68,5,8,RECEIVED,8/1/2024 16:00
27,5,2,43,8/1/2024,19,22/1/2024,24/1/2024,18,34.28,651.32,3,8,RECEIVED,8/1/2024 10:00
28,5,2,119,8/1/2024,96,22/1/2024,24/1/2024,90,2.69,258.24,5,8,RECEIVED,8/1/2024 17:00
29,5,2,137,8/1/2024,41,22/1/2024,24/1/2024,40,6.53,267.73,0,8,RECEIVED,8/1/2024 11:00
30,6,5,64,8/1/2024,91,18/1/2024,18/1/2024,84,32.19,2929.29,3,8,RECEIVED,8/1/2024 14:00
31,6,5,125,8/1/2024,40,18/1/2024,18/1/2024,39,5.95,238,0,8,RECEIVED,8/1/2024 12:00
32,6,5,97,8/1/2024,26,18/1/2024,18/1/2024,25,3.15,81.9,3,8,RECEIVED,8/1/2024 9:00
33,6,5,46,8/1/2024,172,18/1/2024,18/1/2024,169,18.61,3200.92,0,8,RECEIVED,8/1/2024 12:00
34,6,5,105,8/1/2024,77,18/1/2024,18/1/2024,76,7.11,547.47,2,8,RECEIVED,8/1/2024 9:00
35,6,5,113,8/1/2024,37,18/1/2024,18/1/2024,36,8.75,323.75,0,8,RECEIVED,8/1/2024 14:00
36,6,5,40,8/1/2024,36,18/1/2024,18/1/2024,34,1.77,63.72,2,8,RECEIVED,8/1/2024 9:00
37,7,9,58,9/1/2024,80,17/1/2024,17/1/2024,78,12.21,976.8,5,8,RECEIVED,9/1/2024 15:00
38,7,9,17,9/1/2024,72,17/1/2024,17/1/2024,69,10.34,744.48,0,8,RECEIVED,9/1/2024 12:00
39,7,9,104,9/1/2024,95,17/1/2024,17/1/2024,93,5.6,532,5,8,RECEIVED,9/1/2024 17:00
40,8,1,130,15/1/2024,73,22/1/2024,21/1/2024,66,20.59,1503.07,2,8,RECEIVED,15/1/2024 17:00
41,8,1,54,15/1/2024,17,22/1/2024,21/1/2024,16,14.71,250.07,5,8,RECEIVED,15/1/2024 10:00
42,8,1,49,15/1/2024,124,22/1/2024,21/1/2024,117,4.61,571.64,0,8,RECEIVED,15/1/2024 17:00
43,9,9,104,16/1/2024,131,19/1/2024,21/1/2024,128,5.48,717.88,5,8,RECEIVED,16/1/2024 9:00
44,9,9,17,16/1/2024,57,19/1/2024,21/1/2024,52,9.79,558.03,0,8,RECEIVED,16/1/2024 10:00
45,9,9,87,16/1/2024,79,19/1/2024,21/1/2024,79,1.19,94.01,0,8,RECEIVED,16/1/2024 10:00
46,9,9,58,16/1/2024,28,19/1/2024,21/1/2024,27,13.23,370.44,0,8,RECEIVED,16/1/2024 12:00
47,9,9,115,16/1/2024,45,19/1/2024,21/1/2024,41,1.41,63.45,0,8,RECEIVED,16/1/2024 13:00
48,9,9,8,16/1/2024,54,19/1/2024,21/1/2024,51,8.64,466.56,3,8,RECEIVED,16/1/2024 15:00
49,9,9,28,16/1/2024,104,19/1/2024,21/1/2024,94,0.91,94.64,0,8,RECEIVED,16/1/2024 13:00
50,9,9,63,16/1/2024,32,19/1/2024,21/1/2024,32,3.84,122.88,0,8,RECEIVED,16/1/2024 13:00
51,10,9,115,16/1/2024,74,30/1/2024,1/2/2024,67,1.46,108.04,0,8,RECEIVED,16/1/2024 16:00
52,10,9,65,16/1/2024,52,30/1/2024,1/2/2024,48,13.25,689,5,8,RECEIVED,16/1/2024 12:00
53,10,9,63,16/1/2024,98,30/1/2024,1/2/2024,93,4,392,0,8,RECEIVED,16/1/2024 15:00
54,10,9,58,16/1/2024,64,30/1/2024,1/2/2024,60,12.96,829.44,0,8,RECEIVED,16/1/2024 17:00
55,10,9,24,16/1/2024,151,30/1/2024,1/2/2024,140,8.63,1303.13,0,8,RECEIVED,16/1/2024 9:00
56,10,9,131,16/1/2024,71,30/1/2024,1/2/2024,66,5.78,410.38,5,8,RECEIVED,16/1/2024 10:00
57,11,5,113,22/1/2024,53,27/1/2024,26/1/2024,53,8.04,426.12,0,8,RECEIVED,22/1/2024 15:00
58,11,5,122,22/1/2024,62,27/1/2024,26/1/2024,58,17.46,1082.52,3,8,RECEIVED,22/1/2024 10:00
59,11,5,97,22/1/2024,87,27/1/2024,26/1/2024,81,2.98,259.26,0,8,RECEIVED,22/1/2024 11:00
60,11,5,26,22/1/2024,44,27/1/2024,26/1/2024,40,4.28,188.32,3,8,RECEIVED,22/1/2024 14:00
61,12,5,64,22/1/2024,26,28/1/2024,31/1/2024,24,31.18,810.68,0,8,RECEIVED,22/1/2024 15:00
62,12,5,133,22/1/2024,31,28/1/2024,31/1/2024,30,9.62,298.22,0,8,RECEIVED,22/1/2024 13:00
63,12,5,97,22/1/2024,110,28/1/2024,31/1/2024,100,3.05,335.5,0,8,RECEIVED,22/1/2024 10:00
64,13,6,139,22/1/2024,132,1/2/2024,31/1/2024,132,9.82,1296.24,0,8,RECEIVED,22/1/2024 9:00
65,13,6,35,22/1/2024,54,1/2/2024,31/1/2024,51,14.22,767.88,2,8,RECEIVED,22/1/2024 16:00
66,13,6,89,22/1/2024,72,1/2/2024,31/1/2024,70,15.6,1123.2,0,8,RECEIVED,22/1/2024 10:00
67,13,6,36,22/1/2024,70,1/2/2024,31/1/2024,67,16.26,1138.2,5,8,RECEIVED,22/1/2024 16:00
68,13,6,15,22/1/2024,108,1/2/2024,31/1/2024,99,16.9,1825.2,3,8,RECEIVED,22/1/2024 17:00
69,13,6,20,22/1/2024,53,1/2/2024,31/1/2024,52,12.5,662.5,3,8,RECEIVED,22/1/2024 8:00
70,13,6,112,22/1/2024,51,1/2/2024,31/1/2024,49,15.67,799.17,0,8,RECEIVED,22/1/2024 13:00
71,13,6,39,22/1/2024,48,1/2/2024,31/1/2024,45,1.62,77.76,0,8,RECEIVED,22/1/2024 9:00
72,14,2,137,23/1/2024,99,5/2/2024,5/2/2024,96,6.99,692.01,3,8,SENT,23/1/2024 13:00
73,14,2,62,23/1/2024,30,5/2/2024,5/2/2024,29,3.4,102,0,8,SENT,23/1/2024 9:00
74,14,2,41,23/1/2024,31,5/2/2024,5/2/2024,31,9.85,305.35,3,8,SENT,23/1/2024 12:00
75,14,2,67,23/1/2024,79,5/2/2024,5/2/2024,75,15.35,1212.65,3,8,SENT,23/1/2024 14:00
76,14,2,119,23/1/2024,99,5/2/2024,5/2/2024,93,2.82,279.18,2,8,SENT,23/1/2024 16:00
77,14,2,144,23/1/2024,67,5/2/2024,5/2/2024,64,20.09,1346.03,0,8,SENT,23/1/2024 15:00
78,14,2,11,23/1/2024,82,5/2/2024,5/2/2024,76,9.43,773.26,5,8,SENT,23/1/2024 14:00
79,14,2,114,23/1/2024,58,5/2/2024,5/2/2024,57,18.34,1063.72,5,8,SENT,23/1/2024 8:00
80,15,4,68,29/1/2024,62,6/2/2024,7/2/2024,59,12.61,781.82,0,8,RECEIVED,29/1/2024 15:00
81,15,4,106,29/1/2024,71,6/2/2024,7/2/2024,66,3.59,254.89,0,8,RECEIVED,29/1/2024 8:00
82,15,4,37,29/1/2024,67,6/2/2024,7/2/2024,67,25.39,1701.13,2,8,RECEIVED,29/1/2024 11:00
83,15,4,48,29/1/2024,60,6/2/2024,7/2/2024,59,15.85,951,5,8,RECEIVED,29/1/2024 13:00
84,15,4,45,29/1/2024,98,6/2/2024,7/2/2024,96,1.13,110.74,3,8,RECEIVED,29/1/2024 15:00
85,15,4,6,29/1/2024,83,6/2/2024,7/2/2024,82,15.3,1269.9,0,8,RECEIVED,29/1/2024 14:00
86,16,1,49,29/1/2024,187,1/2/2024,2/2/2024,168,4.38,819.06,0,8,CLOSED,29/1/2024 12:00
87,16,1,79,29/1/2024,133,1/2/2024,2/2/2024,130,5.68,755.44,2,8,CLOSED,29/1/2024 8:00
88,16,1,70,29/1/2024,195,1/2/2024,2/2/2024,186,19.49,3800.55,0,8,CLOSED,29/1/2024 9:00
89,16,1,9,29/1/2024,64,1/2/2024,2/2/2024,61,18.17,1162.88,0,8,CLOSED,29/1/2024 17:00
90,17,6,35,29/1/2024,40,6/2/2024,7/2/2024,37,14.06,562.4,2,8,SENT,29/1/2024 16:00
91,17,6,20,29/1/2024,35,6/2/2024,7/2/2024,33,12.39,433.65,0,8,SENT,29/1/2024 13:00
92,17,6,91,29/1/2024,75,6/2/2024,7/2/2024,73,15.99,1199.25,0,8,SENT,29/1/2024 17:00
93,18,7,76,30/1/2024,80,8/2/2024,11/2/2024,76,24.68,1974.4,0,8,RECEIVED,30/1/2024 15:00
94,18,7,53,30/1/2024,44,8/2/2024,11/2/2024,41,9.2,404.8,2,8,RECEIVED,30/1/2024 17:00
95,18,7,44,30/1/2024,128,8/2/2024,11/2/2024,125,11.93,1527.04,5,8,RECEIVED,30/1/2024 8:00
96,18,7,21,30/1/2024,74,8/2/2024,11/2/2024,70,29.15,2157.1,3,8,RECEIVED,30/1/2024 17:00
97,19,2,144,5/2/2024,35,16/2/2024,19/2/2024,34,20.21,707.35,0,8,CLOSED,5/2/2024 8:00
98,19,2,119,5/2/2024,76,16/2/2024,19/2/2024,71,2.68,203.68,5,8,CLOSED,5/2/2024 11:00
99,19,2,43,5/2/2024,36,16/2/2024,19/2/2024,34,33.41,1202.76,2,8,CLOSED,5/2/2024 8:00
100,20,6,36,5/2/2024,76,10/2/2024,12/2/2024,70,16.63,1263.88,5,8,SENT,5/2/2024 12:00
101,20,6,112,5/2/2024,143,10/2/2024,12/2/2024,138,15.49,2215.07,0,8,SENT,5/2/2024 12:00
102,20,6,89,5/2/2024,64,10/2/2024,12/2/2024,63,14.81,947.84,0,8,SENT,5/2/2024 12:00
103,20,6,95,5/2/2024,122,10/2/2024,12/2/2024,114,3.65,445.3,5,8,SENT,5/2/2024 15:00
104,20,6,39,5/2/2024,60,10/2/2024,12/2/2024,60,1.55,93,3,8,SENT,5/2/2024 12:00
105,20,6,139,5/2/2024,67,10/2/2024,12/2/2024,64,9.81,657.27,5,8,SENT,5/2/2024 16:00
106,20,6,35,5/2/2024,63,10/2/2024,12/2/2024,62,14.47,911.61,2,8,SENT,5/2/2024 13:00
107,21,5,64,5/2/2024,22,13/2/2024,15/2/2024,22,31.82,700.04,3,8,RECEIVED,5/2/2024 12:00
108,21,5,26,5/2/2024,48,13/2/2024,15/2/2024,44,4.53,217.44,0,8,RECEIVED,5/2/2024 11:00
109,21,5,133,5/2/2024,26,13/2/2024,15/2/2024,25,9.22,239.72,5,8,RECEIVED,5/2/2024 11:00
110,21,5,33,5/2/2024,26,13/2/2024,15/2/2024,24,11.22,291.72,2,8,RECEIVED,5/2/2024 9:00
111,22,6,15,6/2/2024,102,19/2/2024,21/2/2024,95,15.64,1595.28,0,8,CLOSED,6/2/2024 17:00
112,22,6,112,6/2/2024,79,19/2/2024,21/2/2024,75,16.34,1290.86,0,8,CLOSED,6/2/2024 10:00
113,22,6,35,6/2/2024,68,19/2/2024,21/2/2024,67,13.47,915.96,0,8,CLOSED,6/2/2024 14:00
114,22,6,91,6/2/2024,78,19/2/2024,21/2/2024,72,16.36,1276.08,0,8,CLOSED,6/2/2024 8:00
115,23,8,127,12/2/2024,29,17/2/2024,20/2/2024,27,13.13,380.77,5,8,CLOSED,12/2/2024 12:00
116,23,8,18,12/2/2024,125,17/2/2024,20/2/2024,115,5.12,640,0,8,CLOSED,12/2/2024 17:00
117,23,8,117,12/2/2024,44,17/2/2024,20/2/2024,40,12.67,557.48,2,8,CLOSED,12/2/2024 14:00
118,23,8,99,12/2/2024,96,17/2/2024,20/2/2024,90,15.06,1445.76,0,8,CLOSED,12/2/2024 10:00
119,23,8,121,12/2/2024,26,17/2/2024,20/2/2024,25,5.28,137.28,0,8,CLOSED,12/2/2024 12:00
120,23,8,123,12/2/2024,64,17/2/2024,20/2/2024,59,24.32,1556.48,0,8,CLOSED,12/2/2024 12:00
121,23,8,146,12/2/2024,204,17/2/2024,20/2/2024,198,8.04,1640.16,5,8,CLOSED,12/2/2024 13:00
122,24,6,139,12/2/2024,113,19/2/2024,19/2/2024,112,9.99,1128.87,3,8,CLOSED,12/2/2024 11:00
123,24,6,20,12/2/2024,59,19/2/2024,19/2/2024,59,12.95,764.05,2,8,CLOSED,12/2/2024 17:00
124,24,6,95,12/2/2024,78,19/2/2024,19/2/2024,73,3.78,294.84,2,8,CLOSED,12/2/2024 16:00
125,25,10,85,13/2/2024,87,24/2/2024,26/2/2024,82,13.67,1189.29,3,8,SENT,13/2/2024 16:00
126,25,10,120,13/2/2024,45,24/2/2024,26/2/2024,42,10.99,494.55,0,8,SENT,13/2/2024 10:00
127,25,10,110,13/2/2024,56,24/2/2024,26/2/2024,52,10.99,615.44,2,8,SENT,13/2/2024 9:00
128,25,10,16,13/2/2024,92,24/2/2024,26/2/2024,83,7.06,649.52,2,8,SENT,13/2/2024 9:00
129,26,5,133,13/2/2024,22,23/2/2024,26/2/2024,21,9.48,208.56,5,8,RECEIVED,13/2/2024 11:00
130,26,5,26,13/2/2024,106,23/2/2024,26/2/2024,96,4.39,465.34,5,8,RECEIVED,13/2/2024 9:00
131,26,5,97,13/2/2024,62,23/2/2024,26/2/2024,62,3.17,196.54,0,8,RECEIVED,13/2/2024 15:00
132,26,5,40,13/2/2024,35,23/2/2024,26/2/2024,33,1.73,60.55,0,8,RECEIVED,13/2/2024 14:00
133,26,5,105,13/2/2024,67,23/2/2024,26/2/2024,67,7.28,487.76,2,8,RECEIVED,13/2/2024 14:00
134,26,5,72,13/2/2024,30,23/2/2024,26/2/2024,29,18.63,558.9,3,8,RECEIVED,13/2/2024 10:00
135,27,3,12,13/2/2024,74,18/2/2024,18/2/2024,72,4.77,352.98,3,8,RECEIVED,13/2/2024 14:00
136,27,3,23,13/2/2024,49,18/2/2024,18/2/2024,45,13.6,666.4,0,8,RECEIVED,13/2/2024 11:00
137,27,3,101,13/2/2024,48,18/2/2024,18/2/2024,43,14.64,702.72,3,8,RECEIVED,13/2/2024 8:00
138,27,3,81,13/2/2024,101,18/2/2024,18/2/2024,93,18.7,1888.7,0,8,RECEIVED,13/2/2024 15:00
139,27,3,107,13/2/2024,67,18/2/2024,18/2/2024,65,11.64,779.88,0,8,RECEIVED,13/2/2024 8:00
140,28,9,87,19/2/2024,96,1/3/2024,2/3/2024,94,1.23,118.08,0,8,RECEIVED,19/2/2024 12:00
141,28,9,28,19/2/2024,76,1/3/2024,2/3/2024,76,0.9,68.4,2,8,RECEIVED,19/2/2024 12:00
142,28,9,8,19/2/2024,50,1/3/2024,2/3/2024,45,8.61,430.5,5,8,RECEIVED,19/2/2024 10:00
143,28,9,24,19/2/2024,200,1/3/2024,2/3/2024,194,8.28,1656,0,8,RECEIVED,19/2/2024 13:00
144,29,5,72,19/2/2024,58,24/2/2024,27/2/2024,57,17.68,1025.44,2,8,CLOSED,19/2/2024 8:00
145,29,5,105,19/2/2024,91,24/2/2024,27/2/2024,86,7.31,665.21,3,8,CLOSED,19/2/2024 10:00
146,29,5,69,19/2/2024,69,24/2/2024,27/2/2024,64,2.32,160.08,5,8,CLOSED,19/2/2024 9:00
147,29,5,133,19/2/2024,77,24/2/2024,27/2/2024,76,8.82,679.14,5,8,CLOSED,19/2/2024 11:00
148,29,5,113,19/2/2024,13,24/2/2024,27/2/2024,12,8.58,111.54,3,8,CLOSED,19/2/2024 8:00
149,29,5,40,19/2/2024,143,24/2/2024,27/2/2024,130,1.84,263.12,3,8,CLOSED,19/2/2024 16:00
150,29,5,97,19/2/2024,33,24/2/2024,27/2/2024,31,3.15,103.95,0,8,CLOSED,19/2/2024 12:00
151,29,5,46,19/2/2024,43,24/2/2024,27/2/2024,40,18.43,792.49,5,8,CLOSED,19/2/2024 9:00
152,30,6,36,20/2/2024,115,28/2/2024,29/2/2024,108,15.95,1834.25,3,8,CLOSED,20/2/2024 15:00
153,30,6,126,20/2/2024,159,28/2/2024,29/2/2024,145,18.16,2887.44,2,8,CLOSED,20/2/2024 13:00
154,30,6,139,20/2/2024,149,28/2/2024,29/2/2024,137,10.01,1491.49,0,8,CLOSED,20/2/2024 17:00
155,30,6,91,20/2/2024,43,28/2/2024,29/2/2024,42,15.19,653.17,3,8,CLOSED,20/2/2024 17:00
156,30,6,20,20/2/2024,106,28/2/2024,29/2/2024,103,12.71,1347.26,0,8,CLOSED,20/2/2024 13:00
157,30,6,39,20/2/2024,49,28/2/2024,29/2/2024,46,1.6,78.4,2,8,CLOSED,20/2/2024 16:00
158,31,3,80,20/2/2024,291,25/2/2024,25/2/2024,268,3.39,986.49,5,8,SENT,20/2/2024 8:00
159,31,3,61,20/2/2024,87,25/2/2024,25/2/2024,87,10.98,955.26,0,8,SENT,20/2/2024 8:00
160,31,3,86,20/2/2024,15,25/2/2024,25/2/2024,14,2.68,40.2,5,8,SENT,20/2/2024 11:00
161,31,3,107,20/2/2024,20,25/2/2024,25/2/2024,19,11.45,229,0,8,SENT,20/2/2024 11:00
162,31,3,103,20/2/2024,84,25/2/2024,25/2/2024,83,15.98,1342.32,0,8,SENT,20/2/2024 17:00
163,31,3,23,20/2/2024,98,25/2/2024,25/2/2024,94,14.38,1409.24,5,8,SENT,20/2/2024 15:00
164,31,3,145,20/2/2024,15,25/2/2024,25/2/2024,15,0.93,13.95,3,8,SENT,20/2/2024 14:00
165,31,3,101,20/2/2024,23,25/2/2024,25/2/2024,22,13.71,315.33,5,8,SENT,20/2/2024 12:00
166,32,1,9,20/2/2024,39,25/2/2024,24/2/2024,38,17.26,673.14,0,8,RECEIVED,20/2/2024 12:00
167,32,1,74,20/2/2024,141,25/2/2024,24/2/2024,128,6.23,878.43,2,8,RECEIVED,20/2/2024 17:00
168,32,1,84,20/2/2024,51,25/2/2024,24/2/2024,51,15.83,807.33,5,8,RECEIVED,20/2/2024 9:00
169,32,1,83,20/2/2024,51,25/2/2024,24/2/2024,51,14.87,758.37,0,8,RECEIVED,20/2/2024 9:00
170,32,1,71,20/2/2024,66,25/2/2024,24/2/2024,62,19.16,1264.56,0,8,RECEIVED,20/2/2024 8:00
171,33,6,95,26/2/2024,58,9/3/2024,8/3/2024,53,3.91,226.78,5,8,SENT,26/2/2024 17:00
172,33,6,91,26/2/2024,75,9/3/2024,8/3/2024,74,15.59,1169.25,0,8,SENT,26/2/2024 12:00
173,33,6,89,26/2/2024,62,9/3/2024,8/3/2024,57,15.21,943.02,0,8,SENT,26/2/2024 10:00
174,34,5,26,27/2/2024,138,2/3/2024,3/3/2024,136,4.5,621,3,8,RECEIVED,27/2/2024 13:00
175,34,5,46,27/2/2024,138,2/3/2024,3/3/2024,135,18.34,2530.92,5,8,RECEIVED,27/2/2024 9:00
176,34,5,113,27/2/2024,42,2/3/2024,3/3/2024,41,8.3,348.6,0,8,RECEIVED,27/2/2024 14:00
177,34,5,40,27/2/2024,60,2/3/2024,3/3/2024,59,1.76,105.6,3,8,RECEIVED,27/2/2024 17:00
178,34,5,72,27/2/2024,70,2/3/2024,3/3/2024,70,18.01,1260.7,5,8,RECEIVED,27/2/2024 12:00
179,35,10,140,4/3/2024,28,9/3/2024,12/3/2024,27,22.13,619.64,0,8,CLOSED,4/3/2024 12:00
180,35,10,57,4/3/2024,59,9/3/2024,12/3/2024,55,25.62,1511.58,0,8,CLOSED,4/3/2024 14:00
181,35,10,82,4/3/2024,138,9/3/2024,12/3/2024,129,2.4,331.2,0,8,CLOSED,4/3/2024 15:00
182,35,10,110,4/3/2024,61,9/3/2024,12/3/2024,60,10.19,621.59,0,8,CLOSED,4/3/2024 10:00
183,35,10,85,4/3/2024,70,9/3/2024,12/3/2024,66,14.3,1001,2,8,CLOSED,4/3/2024 9:00
184,35,10,132,4/3/2024,34,9/3/2024,12/3/2024,31,19.31,656.54,3,8,CLOSED,4/3/2024 17:00
185,36,10,16,4/3/2024,83,15/3/2024,15/3/2024,81,6.66,552.78,0,8,SENT,4/3/2024 12:00
186,36,10,82,4/3/2024,185,15/3/2024,15/3/2024,178,2.41,445.85,0,8,SENT,4/3/2024 14:00
187,36,10,85,4/3/2024,50,15/3/2024,15/3/2024,50,14.11,705.5,2,8,SENT,4/3/2024 9:00
188,36,10,120,4/3/2024,66,15/3/2024,15/3/2024,66,10.64,702.24,0,8,SENT,4/3/2024 15:00
189,36,10,140,4/3/2024,48,15/3/2024,15/3/2024,46,21.92,1052.16,2,8,SENT,4/3/2024 9:00
190,36,10,132,4/3/2024,48,15/3/2024,15/3/2024,43,18.83,903.84,2,8,SENT,4/3/2024 13:00
191,37,7,76,4/3/2024,37,12/3/2024,15/3/2024,37,25.31,936.47,0,8,RECEIVED,4/3/2024 15:00
192,37,7,51,4/3/2024,65,12/3/2024,15/3/2024,64,13.93,905.45,0,8,RECEIVED,4/3/2024 14:00
193,37,7,44,4/3/2024,150,12/3/2024,15/3/2024,137,11.74,1761,3,8,RECEIVED,4/3/2024 16:00
194,37,7,102,4/3/2024,55,12/3/2024,15/3/2024,53,2.09,114.95,5,8,RECEIVED,4/3/2024 15:00
195,37,7,21,4/3/2024,55,12/3/2024,15/3/2024,51,28.68,1577.4,5,8,RECEIVED,4/3/2024 9:00
196,37,7,53,4/3/2024,144,12/3/2024,15/3/2024,139,8.71,1254.24,0,8,RECEIVED,4/3/2024 11:00
197,38,2,114,4/3/2024,84,16/3/2024,18/3/2024,76,19.21,1613.64,5,8,SENT,4/3/2024 14:00
198,38,2,98,4/3/2024,102,16/3/2024,18/3/2024,97,18.91,1928.82,0,8,SENT,4/3/2024 16:00
199,38,2,22,4/3/2024,91,16/3/2024,18/3/2024,89,4.14,376.74,0,8,SENT,4/3/2024 9:00
200,38,2,116,4/3/2024,51,16/3/2024,18/3/2024,46,4.29,218.79,0,8,SENT,4/3/2024 10:00
201,39,3,103,5/3/2024,21,18/3/2024,20/3/2024,19,15.6,327.6,5,8,RECEIVED,5/3/2024 16:00
202,39,3,107,5/3/2024,64,18/3/2024,20/3/2024,61,11.3,723.2,2,8,RECEIVED,5/3/2024 13:00
203,39,3,141,5/3/2024,158,18/3/2024,20/3/2024,150,19.27,3044.66,5,8,RECEIVED,5/3/2024 16:00
204,40,4,68,11/3/2024,54,20/3/2024,19/3/2024,50,13.5,729,3,8,RECEIVED,11/3/2024 15:00
205,40,4,6,11/3/2024,64,20/3/2024,19/3/2024,61,15.21,973.44,5,8,RECEIVED,11/3/2024 15:00
206,40,4,45,11/3/2024,138,20/3/2024,19/3/2024,125,1.08,149.04,5,8,RECEIVED,11/3/2024 9:00
207,41,8,128,11/3/2024,104,22/3/2024,22/3/2024,98,8.47,880.88,2,8,SENT,11/3/2024 11:00
208,41,8,18,11/3/2024,140,22/3/2024,22/3/2024,127,4.95,693,0,8,SENT,11/3/2024 10:00
209,41,8,146,11/3/2024,224,22/3/2024,22/3/2024,209,8.58,1921.92,2,8,SENT,11/3/2024 8:00
210,41,8,78,11/3/2024,40,22/3/2024,22/3/2024,36,23.54,941.6,2,8,SENT,11/3/2024 14:00
211,41,8,96,11/3/2024,31,22/3/2024,22/3/2024,29,2.06,63.86,0,8,SENT,11/3/2024 12:00
212,42,6,126,18/3/2024,69,23/3/2024,24/3/2024,64,17.96,1239.24,3,8,RECEIVED,18/3/2024 13:00
213,42,6,20,18/3/2024,109,23/3/2024,24/3/2024,102,12.84,1399.56,0,8,RECEIVED,18/3/2024 13:00
214,42,6,112,18/3/2024,110,23/3/2024,24/3/2024,108,16.17,1778.7,5,8,RECEIVED,18/3/2024 12:00
215,43,5,33,19/3/2024,69,23/3/2024,23/3/2024,65,11,759,2,8,RECEIVED,19/3/2024 14:00
216,43,5,122,19/3/2024,38,23/3/2024,23/3/2024,36,17.07,648.66,5,8,RECEIVED,19/3/2024 10:00
217,43,5,40,19/3/2024,104,23/3/2024,23/3/2024,95,1.75,182,0,8,RECEIVED,19/3/2024 13:00
218,43,5,69,19/3/2024,77,23/3/2024,23/3/2024,74,2.48,190.96,0,8,RECEIVED,19/3/2024 15:00
219,43,5,133,19/3/2024,37,23/3/2024,23/3/2024,34,9.08,335.96,3,8,RECEIVED,19/3/2024 16:00
220,43,5,46,19/3/2024,166,23/3/2024,23/3/2024,156,19,3154,5,8,RECEIVED,19/3/2024 15:00
221,43,5,125,19/3/2024,57,23/3/2024,23/3/2024,52,5.82,331.74,0,8,RECEIVED,19/3/2024 12:00
222,44,8,123,19/3/2024,29,31/3/2024,2/4/2024,28,23.17,671.93,3,8,SENT,19/3/2024 13:00
223,44,8,99,19/3/2024,102,31/3/2024,2/4/2024,94,15.7,1601.4,0,8,SENT,19/3/2024 15:00
224,44,8,78,19/3/2024,42,31/3/2024,2/4/2024,41,24.82,1042.44,0,8,SENT,19/3/2024 11:00
225,44,8,121,19/3/2024,41,31/3/2024,2/4/2024,37,5.25,215.25,0,8,SENT,19/3/2024 15:00
226,45,2,116,19/3/2024,98,25/3/2024,28/3/2024,90,4.1,401.8,0,8,RECEIVED,19/3/2024 8:00
227,45,2,38,19/3/2024,92,25/3/2024,28/3/2024,86,13.4,1232.8,3,8,RECEIVED,19/3/2024 10:00
228,45,2,59,19/3/2024,56,25/3/2024,28/3/2024,56,5.26,294.56,3,8,RECEIVED,19/3/2024 12:00
229,46,5,122,19/3/2024,56,1/4/2024,1/4/2024,55,17.45,977.2,5,8,RECEIVED,19/3/2024 14:00
230,46,5,33,19/3/2024,82,1/4/2024,1/4/2024,75,11.56,947.92,5,8,RECEIVED,19/3/2024 14:00
231,46,5,40,19/3/2024,80,1/4/2024,1/4/2024,76,1.81,144.8,0,8,RECEIVED,19/3/2024 14:00
232,46,5,72,19/3/2024,85,1/4/2024,1/4/2024,83,18.69,1588.65,0,8,RECEIVED,19/3/2024 15:00
233,46,5,26,19/3/2024,95,1/4/2024,1/4/2024,89,4.2,399,5,8,RECEIVED,19/3/2024 9:00
234,46,5,64,19/3/2024,56,1/4/2024,1/4/2024,56,33.01,1848.56,5,8,RECEIVED,19/3/2024 13:00
235,46,5,113,19/3/2024,14,1/4/2024,1/4/2024,14,8.34,116.76,2,8,RECEIVED,19/3/2024 11:00
236,47,1,138,25/3/2024,12,30/3/2024,2/4/2024,11,34.71,416.52,2,8,CLOSED,25/3/2024 8:00
237,47,1,54,25/3/2024,30,30/3/2024,2/4/2024,30,14.1,423,2,8,CLOSED,25/3/2024 8:00
238,47,1,70,25/3/2024,310,30/3/2024,2/4/2024,292,20.74,6429.4,0,8,CLOSED,25/3/2024 12:00
239,47,1,74,25/3/2024,80,30/3/2024,2/4/2024,79,6.18,494.4,0,8,CLOSED,25/3/2024 13:00
240,47,1,79,25/3/2024,104,30/3/2024,2/4/2024,94,5.85,608.4,5,8,CLOSED,25/3/2024 10:00
241,48,8,99,25/3/2024,60,31/3/2024,2/4/2024,57,15.13,907.8,0,8,RECEIVED,25/3/2024 13:00
242,48,8,136,25/3/2024,138,31/3/2024,2/4/2024,126,5.73,790.74,5,8,RECEIVED,25/3/2024 10:00
243,48,8,142,25/3/2024,94,31/3/2024,2/4/2024,85,3.07,288.58,5,8,RECEIVED,25/3/2024 9:00
244,48,8,96,25/3/2024,44,31/3/2024,2/4/2024,41,2.1,92.4,0,8,RECEIVED,25/3/2024 14:00
245,48,8,118,25/3/2024,133,31/3/2024,2/4/2024,131,6.69,889.77,5,8,RECEIVED,25/3/2024 10:00
246,48,8,18,25/3/2024,40,31/3/2024,2/4/2024,38,4.75,190,5,8,RECEIVED,25/3/2024 10:00
247,48,8,123,25/3/2024,71,31/3/2024,2/4/2024,66,23.04,1635.84,5,8,RECEIVED,25/3/2024 10:00
248,48,8,1,25/3/2024,125,31/3/2024,2/4/2024,120,5.56,695,0,8,RECEIVED,25/3/2024 9:00
249,49,5,133,25/3/2024,55,2/4/2024,4/4/2024,53,8.96,492.8,3,8,RECEIVED,25/3/2024 17:00
250,49,5,33,25/3/2024,97,2/4/2024,4/4/2024,90,11.91,1155.27,0,8,RECEIVED,25/3/2024 12:00
251,49,5,113,25/3/2024,23,2/4/2024,4/4/2024,22,8.44,194.12,5,8,RECEIVED,25/3/2024 14:00
252,49,5,72,25/3/2024,57,2/4/2024,4/4/2024,55,18.85,1074.45,0,8,RECEIVED,25/3/2024 15:00
253,50,9,65,25/3/2024,64,5/4/2024,4/4/2024,63,13.92,890.88,0,8,RECEIVED,25/3/2024 16:00
254,50,9,104,25/3/2024,84,5/4/2024,4/4/2024,82,5.82,488.88,0,8,RECEIVED,25/3/2024 8:00
255,50,9,88,25/3/2024,47,5/4/2024,4/4/2024,43,22.27,1046.69,0,8,RECEIVED,25/3/2024 8:00
256,50,9,17,25/3/2024,65,5/4/2024,4/4/2024,62,10.07,654.55,3,8,RECEIVED,25/3/2024 14:00
257,51,9,17,26/3/2024,56,30/3/2024,31/3/2024,53,10.07,563.92,5,8,RECEIVED,26/3/2024 9:00
258,51,9,104,26/3/2024,119,30/3/2024,31/3/2024,115,5.7,678.3,0,8,RECEIVED,26/3/2024 8:00
259,51,9,87,26/3/2024,51,30/3/2024,31/3/2024,46,1.18,60.18,2,8,RECEIVED,26/3/2024 17:00
260,51,9,115,26/3/2024,97,30/3/2024,31/3/2024,88,1.47,142.59,5,8,RECEIVED,26/3/2024 10:00
261,51,9,24,26/3/2024,70,30/3/2024,31/3/2024,63,7.93,555.1,0,8,RECEIVED,26/3/2024 10:00
262,51,9,55,26/3/2024,78,30/3/2024,31/3/2024,78,25.36,1978.08,5,8,RECEIVED,26/3/2024 12:00
263,52,4,45,1/4/2024,249,10/4/2024,11/4/2024,229,1.18,293.82,5,8,SENT,1/4/2024 9:00
264,52,4,6,1/4/2024,83,10/4/2024,11/4/2024,77,15.23,1264.09,0,8,SENT,1/4/2024 8:00
265,52,4,4,1/4/2024,83,10/4/2024,11/4/2024,78,17.93,1488.19,0,8,SENT,1/4/2024 13:00
266,52,4,48,1/4/2024,60,10/4/2024,11/4/2024,59,14.82,889.2,0,8,SENT,1/4/2024 17:00
267,53,3,34,1/4/2024,183,4/4/2024,3/4/2024,171,8.73,1597.59,0,8,RECEIVED,1/4/2024 8:00
268,53,3,141,1/4/2024,205,4/4/2024,3/4/2024,201,19.34,3964.7,5,8,RECEIVED,1/4/2024 14:00
269,53,3,101,1/4/2024,77,4/4/2024,3/4/2024,72,14.29,1100.33,5,8,RECEIVED,1/4/2024 13:00
270,54,2,144,1/4/2024,37,12/4/2024,11/4/2024,37,18.96,701.52,2,8,RECEIVED,1/4/2024 12:00
271,54,2,77,1/4/2024,119,12/4/2024,11/4/2024,117,11.25,1338.75,3,8,RECEIVED,1/4/2024 15:00
272,54,2,38,1/4/2024,21,12/4/2024,11/4/2024,20,13.41,281.61,0,8,RECEIVED,1/4/2024 17:00
273,55,2,144,1/4/2024,77,4/4/2024,6/4/2024,74,20.19,1554.63,0,8,RECEIVED,1/4/2024 13:00
274,55,2,119,1/4/2024,20,4/4/2024,6/4/2024,20,2.75,55,5,8,RECEIVED,1/4/2024 12:00
275,55,2,50,1/4/2024,33,4/4/2024,6/4/2024,30,2.27,74.91,2,8,RECEIVED,1/4/2024 15:00
276,55,2,59,1/4/2024,22,4/4/2024,6/4/2024,22,5.18,113.96,0,8,RECEIVED,1/4/2024 9:00
277,55,2,22,1/4/2024,20,4/4/2024,6/4/2024,20,4.24,84.8,3,8,RECEIVED,1/4/2024 14:00
278,56,6,95,8/4/2024,119,17/4/2024,16/4/2024,111,3.93,467.67,0,8,SENT,8/4/2024 12:00
279,56,6,20,8/4/2024,66,17/4/2024,16/4/2024,64,13.44,887.04,2,8,SENT,8/4/2024 13:00
280,56,6,126,8/4/2024,121,17/4/2024,16/4/2024,120,17.25,2087.25,0,8,SENT,8/4/2024 9:00
281,56,6,35,8/4/2024,40,17/4/2024,16/4/2024,37,13.41,536.4,3,8,SENT,8/4/2024 9:00
282,56,6,89,8/4/2024,39,17/4/2024,16/4/2024,38,14.51,565.89,2,8,SENT,8/4/2024 15:00
283,57,2,137,8/4/2024,31,18/4/2024,19/4/2024,28,6.97,216.07,5,8,CLOSED,8/4/2024 17:00
284,57,2,77,8/4/2024,25,18/4/2024,19/4/2024,23,11.86,296.5,0,8,CLOSED,8/4/2024 9:00
285,57,2,50,8/4/2024,111,18/4/2024,19/4/2024,103,2.14,237.54,3,8,CLOSED,8/4/2024 8:00
286,58,3,23,15/4/2024,33,29/4/2024,2/5/2024,32,13.31,439.23,0,8,RECEIVED,15/4/2024 8:00
287,58,3,10,15/4/2024,48,29/4/2024,2/5/2024,44,12.83,615.84,0,8,RECEIVED,15/4/2024 9:00
288,58,3,81,15/4/2024,189,29/4/2024,2/5/2024,181,20.29,3834.81,0,8,RECEIVED,15/4/2024 8:00
289,58,3,86,15/4/2024,23,29/4/2024,2/5/2024,21,2.74,63.02,0,8,RECEIVED,15/4/2024 9:00
290,58,3,101,15/4/2024,104,29/4/2024,2/5/2024,95,15.05,1565.2,0,8,RECEIVED,15/4/2024 10:00
291,59,5,125,15/4/2024,55,20/4/2024,21/4/2024,52,5.58,306.9,3,8,RECEIVED,15/4/2024 17:00
292,59,5,72,15/4/2024,98,20/4/2024,21/4/2024,91,17.95,1759.1,2,8,RECEIVED,15/4/2024 16:00
293,59,5,97,15/4/2024,81,20/4/2024,21/4/2024,73,2.97,240.57,0,8,RECEIVED,15/4/2024 14:00
294,59,5,26,15/4/2024,57,20/4/2024,21/4/2024,55,4.55,259.35,0,8,RECEIVED,15/4/2024 16:00
295,59,5,133,15/4/2024,22,20/4/2024,21/4/2024,22,9.45,207.9,0,8,RECEIVED,15/4/2024 15:00
296,59,5,105,15/4/2024,89,20/4/2024,21/4/2024,87,7.26,646.14,3,8,RECEIVED,15/4/2024 16:00
297,60,2,43,16/4/2024,24,23/4/2024,22/4/2024,24,31.72,761.28,5,8,CLOSED,16/4/2024 11:00
298,60,2,7,16/4/2024,108,23/4/2024,22/4/2024,103,19.39,2094.12,5,8,CLOSED,16/4/2024 8:00
299,60,2,75,16/4/2024,48,23/4/2024,22/4/2024,46,11.95,573.6,2,8,CLOSED,16/4/2024 13:00
300,60,2,59,16/4/2024,37,23/4/2024,22/4/2024,34,5.42,200.54,5,8,CLOSED,16/4/2024 13:00
301,60,2,137,16/4/2024,95,23/4/2024,22/4/2024,86,6.98,663.1,3,8,CLOSED,16/4/2024 17:00
302,61,4,68,16/4/2024,43,26/4/2024,25/4/2024,39,13.1,563.3,0,8,RECEIVED,16/4/2024 17:00
303,61,4,90,16/4/2024,40,26/4/2024,25/4/2024,39,12.13,485.2,0,8,RECEIVED,16/4/2024 13:00
304,61,4,45,16/4/2024,70,26/4/2024,25/4/2024,63,1.14,79.8,0,8,RECEIVED,16/4/2024 9:00
305,61,4,14,16/4/2024,113,26/4/2024,25/4/2024,113,15.7,1774.1,5,8,RECEIVED,16/4/2024 14:00
306,62,3,61,16/4/2024,98,29/4/2024,1/5/2024,96,11.2,1097.6,3,8,RECEIVED,16/4/2024 10:00
307,62,3,80,16/4/2024,157,29/4/2024,1/5/2024,146,3.32,521.24,0,8,RECEIVED,16/4/2024 10:00
308,62,3,23,16/4/2024,20,29/4/2024,1/5/2024,20,14.43,288.6,2,8,RECEIVED,16/4/2024 17:00
309,62,3,107,16/4/2024,24,29/4/2024,1/5/2024,22,11.02,264.48,3,8,RECEIVED,16/4/2024 11:00
310,62,3,81,16/4/2024,184,29/4/2024,1/5/2024,168,19.47,3582.48,0,8,RECEIVED,16/4/2024 9:00
311,63,2,43,22/4/2024,26,29/4/2024,29/4/2024,25,33.77,878.02,0,8,RECEIVED,22/4/2024 14:00
312,63,2,22,22/4/2024,71,29/4/2024,29/4/2024,69,4.27,303.17,2,8,RECEIVED,22/4/2024 15:00
313,63,2,75,22/4/2024,68,29/4/2024,29/4/2024,64,11.26,765.68,2,8,RECEIVED,22/4/2024 17:00
314,63,2,116,22/4/2024,48,29/4/2024,29/4/2024,44,4.04,193.92,0,8,RECEIVED,22/4/2024 12:00
315,63,2,7,22/4/2024,45,29/4/2024,29/4/2024,42,19.69,886.05,0,8,RECEIVED,22/4/2024 13:00
316,64,4,14,22/4/2024,131,4/5/2024,6/5/2024,120,15.27,2000.37,0,8,RECEIVED,22/4/2024 11:00
317,64,4,6,22/4/2024,72,4/5/2024,6/5/2024,70,15.64,1126.08,5,8,RECEIVED,22/4/2024 16:00
318,64,4,90,22/4/2024,48,4/5/2024,6/5/2024,46,12.08,579.84,0,8,RECEIVED,22/4/2024 8:00
319,64,4,93,22/4/2024,70,4/5/2024,6/5/2024,67,4.22,295.4,0,8,RECEIVED,22/4/2024 8:00
320,64,4,106,22/4/2024,132,4/5/2024,6/5/2024,119,3.53,465.96,5,8,RECEIVED,22/4/2024 17:00
321,64,4,45,22/4/2024,185,4/5/2024,6/5/2024,170,1.08,199.8,0,8,RECEIVED,22/4/2024 12:00
322,65,5,33,23/4/2024,68,27/4/2024,30/4/2024,64,11.35,771.8,0,8,CLOSED,23/4/2024 15:00
323,65,5,64,23/4/2024,39,27/4/2024,30/4/2024,36,33.67,1313.13,3,8,CLOSED,23/4/2024 8:00
324,65,5,72,23/4/2024,39,27/4/2024,30/4/2024,38,18.64,726.96,0,8,CLOSED,23/4/2024 13:00
325,65,5,97,23/4/2024,89,27/4/2024,30/4/2024,84,3.12,277.68,0,8,CLOSED,23/4/2024 16:00
326,65,5,113,23/4/2024,13,27/4/2024,30/4/2024,13,8.7,113.1,2,8,CLOSED,23/4/2024 16:00
327,65,5,125,23/4/2024,107,27/4/2024,30/4/2024,106,5.77,617.39,0,8,CLOSED,23/4/2024 15:00
328,66,2,11,23/4/2024,52,3/5/2024,3/5/2024,47,8.76,455.52,5,8,RECEIVED,23/4/2024 14:00
329,66,2,129,23/4/2024,91,3/5/2024,3/5/2024,91,16.8,1528.8,3,8,RECEIVED,23/4/2024 12:00
330,66,2,137,23/4/2024,60,3/5/2024,3/5/2024,59,7.12,427.2,0,8,RECEIVED,23/4/2024 9:00
331,66,2,41,23/4/2024,119,3/5/2024,3/5/2024,114,9.48,1128.12,0,8,RECEIVED,23/4/2024 16:00
332,66,2,144,23/4/2024,92,3/5/2024,3/5/2024,91,18.84,1733.28,5,8,RECEIVED,23/4/2024 17:00
333,66,2,98,23/4/2024,110,3/5/2024,3/5/2024,105,19.67,2163.7,2,8,RECEIVED,23/4/2024 10:00
334,67,4,93,29/4/2024,93,7/5/2024,9/5/2024,89,3.89,361.77,0,8,RECEIVED,29/4/2024 14:00
335,67,4,6,29/4/2024,38,7/5/2024,9/5/2024,37,15.58,592.04,2,8,RECEIVED,29/4/2024 8:00
336,67,4,106,29/4/2024,141,7/5/2024,9/5/2024,139,3.62,510.42,0,8,RECEIVED,29/4/2024 8:00
337,67,4,90,29/4/2024,75,7/5/2024,9/5/2024,74,12.82,961.5,0,8,RECEIVED,29/4/2024 13:00
338,67,4,52,29/4/2024,278,7/5/2024,9/5/2024,272,14.92,4147.76,2,8,RECEIVED,29/4/2024 9:00
339,67,4,14,29/4/2024,78,7/5/2024,9/5/2024,71,16.65,1298.7,2,8,RECEIVED,29/4/2024 13:00
340,67,4,45,29/4/2024,127,7/5/2024,9/5/2024,124,1.14,144.78,0,8,RECEIVED,29/4/2024 11:00
341,68,9,115,29/4/2024,87,3/5/2024,4/5/2024,84,1.51,131.37,0,8,SENT,29/4/2024 10:00
342,68,9,65,29/4/2024,39,3/5/2024,4/5/2024,38,14.35,559.65,0,8,SENT,29/4/2024 8:00
343,68,9,87,29/4/2024,51,3/5/2024,4/5/2024,49,1.13,57.63,0,8,SENT,29/4/2024 13:00
344,68,9,58,29/4/2024,110,3/5/2024,4/5/2024,103,12.29,1351.9,0,8,SENT,29/4/2024 15:00
345,68,9,8,29/4/2024,79,3/5/2024,4/5/2024,72,8.16,644.64,0,8,SENT,29/4/2024 8:00
346,68,9,24,29/4/2024,101,3/5/2024,4/5/2024,92,8.13,821.13,3,8,SENT,29/4/2024 15:00
347,69,4,93,29/4/2024,26,13/5/2024,12/5/2024,24,4.11,106.86,0,8,RECEIVED,29/4/2024 11:00
348,69,4,90,29/4/2024,43,13/5/2024,12/5/2024,42,12.05,518.15,2,8,RECEIVED,29/4/2024 16:00
349,69,4,48,29/4/2024,25,13/5/2024,12/5/2024,25,15.9,397.5,5,8,RECEIVED,29/4/2024 8:00
350,69,4,106,29/4/2024,161,13/5/2024,12/5/2024,160,3.73,600.53,3,8,RECEIVED,29/4/2024 8:00
351,69,4,6,29/4/2024,48,13/5/2024,12/5/2024,44,15.77,756.96,0,8,RECEIVED,29/4/2024 12:00
352,69,4,14,29/4/2024,128,13/5/2024,12/5/2024,127,16.46,2106.88,2,8,RECEIVED,29/4/2024 12:00
353,70,2,129,30/4/2024,67,13/5/2024,14/5/2024,61,16.56,1109.52,0,8,SENT,30/4/2024 12:00
354,70,2,98,30/4/2024,116,13/5/2024,14/5/2024,106,19.48,2259.68,0,8,SENT,30/4/2024 12:00
355,70,2,38,30/4/2024,58,13/5/2024,14/5/2024,53,13.27,769.66,3,8,SENT,30/4/2024 11:00
356,70,2,7,30/4/2024,54,13/5/2024,14/5/2024,50,19.42,1048.68,3,8,SENT,30/4/2024 14:00
357,70,2,62,30/4/2024,101,13/5/2024,14/5/2024,97,3.35,338.35,5,8,SENT,30/4/2024 8:00
358,71,3,61,6/5/2024,114,18/5/2024,21/5/2024,110,11.49,1309.86,5,8,RECEIVED,6/5/2024 13:00
359,71,3,81,6/5/2024,169,18/5/2024,21/5/2024,157,18.84,3183.96,5,8,RECEIVED,6/5/2024 16:00
360,71,3,141,6/5/2024,106,18/5/2024,21/5/2024,99,18.87,2000.22,5,8,RECEIVED,6/5/2024 12:00
361,71,3,107,6/5/2024,112,18/5/2024,21/5/2024,110,11.51,1289.12,0,8,RECEIVED,6/5/2024 13:00
362,71,3,10,6/5/2024,31,18/5/2024,21/5/2024,29,12.09,374.79,0,8,RECEIVED,6/5/2024 14:00
363,72,10,120,6/5/2024,44,10/5/2024,12/5/2024,42,11.31,497.64,2,8,RECEIVED,6/5/2024 16:00
364,72,10,82,6/5/2024,139,10/5/2024,12/5/2024,131,2.59,360.01,0,8,RECEIVED,6/5/2024 10:00
365,72,10,110,6/5/2024,40,10/5/2024,12/5/2024,37,11.13,445.2,2,8,RECEIVED,6/5/2024 10:00
366,72,10,132,6/5/2024,74,10/5/2024,12/5/2024,73,18.6,1376.4,0,8,RECEIVED,6/5/2024 15:00
367,72,10,85,6/5/2024,57,10/5/2024,12/5/2024,55,13.76,784.32,5,8,RECEIVED,6/5/2024 8:00
368,73,8,96,7/5/2024,86,17/5/2024,16/5/2024,81,2.02,173.72,0,8,RECEIVED,7/5/2024 8:00
369,73,8,142,7/5/2024,104,17/5/2024,16/5/2024,96,3.07,319.28,0,8,RECEIVED,7/5/2024 13:00
370,73,8,78,7/5/2024,39,17/5/2024,16/5/2024,35,22.49,877.11,5,8,RECEIVED,7/5/2024 11:00
371,73,8,127,7/5/2024,43,17/5/2024,16/5/2024,42,12.63,543.09,0,8,RECEIVED,7/5/2024 9:00
372,73,8,136,7/5/2024,84,17/5/2024,16/5/2024,80,5.42,455.28,0,8,RECEIVED,7/5/2024 8:00
373,74,2,116,13/5/2024,57,26/5/2024,26/5/2024,52,4.39,250.23,2,8,RECEIVED,13/5/2024 8:00
374,74,2,129,13/5/2024,98,26/5/2024,26/5/2024,90,17.39,1704.22,0,8,RECEIVED,13/5/2024 8:00
375,74,2,137,13/5/2024,95,26/5/2024,26/5/2024,90,6.58,625.1,5,8,RECEIVED,13/5/2024 8:00
376,74,2,75,13/5/2024,88,26/5/2024,26/5/2024,87,11.12,978.56,3,8,RECEIVED,13/5/2024 17:00
377,74,2,50,13/5/2024,26,26/5/2024,26/5/2024,25,2.07,53.82,0,8,RECEIVED,13/5/2024 8:00
378,75,8,118,14/5/2024,59,18/5/2024,21/5/2024,57,6.53,385.27,0,8,RECEIVED,14/5/2024 14:00
379,75,8,121,14/5/2024,104,18/5/2024,21/5/2024,95,5.07,527.28,3,8,RECEIVED,14/5/2024 17:00
380,75,8,146,14/5/2024,252,18/5/2024,21/5/2024,230,8.73,2199.96,0,8,RECEIVED,14/5/2024 16:00
381,76,6,39,20/5/2024,112,30/5/2024,30/5/2024,109,1.62,181.44,0,8,SENT,20/5/2024 14:00
382,76,6,20,20/5/2024,71,30/5/2024,30/5/2024,70,12.54,890.34,3,8,SENT,20/5/2024 15:00
383,76,6,126,20/5/2024,93,30/5/2024,30/5/2024,92,17.66,1642.38,2,8,SENT,20/5/2024 13:00
384,77,2,22,21/5/2024,47,26/5/2024,25/5/2024,43,4.14,194.58,2,8,SENT,21/5/2024 12:00
385,77,2,38,21/5/2024,53,26/5/2024,25/5/2024,52,13.65,723.45,0,8,SENT,21/5/2024 10:00
386,77,2,119,21/5/2024,32,26/5/2024,25/5/2024,29,2.88,92.16,0,8,SENT,21/5/2024 13:00
387,78,9,17,21/5/2024,49,26/5/2024,26/5/2024,48,9.54,467.46,0,8,RECEIVED,21/5/2024 10:00
388,78,9,8,21/5/2024,29,26/5/2024,26/5/2024,27,8.62,249.98,0,8,RECEIVED,21/5/2024 14:00
389,78,9,115,21/5/2024,81,26/5/2024,26/5/2024,79,1.47,119.07,0,8,RECEIVED,21/5/2024 9:00
390,79,4,4,21/5/2024,23,26/5/2024,29/5/2024,23,17.97,413.31,5,8,CLOSED,21/5/2024 10:00
391,79,4,14,21/5/2024,143,26/5/2024,29/5/2024,142,15.28,2185.04,2,8,CLOSED,21/5/2024 15:00
392,79,4,6,21/5/2024,25,26/5/2024,29/5/2024,23,15.54,388.5,0,8,CLOSED,21/5/2024 16:00
393,79,4,52,21/5/2024,271,26/5/2024,29/5/2024,264,15.55,4214.05,0,8,CLOSED,21/5/2024 13:00
394,79,4,45,21/5/2024,200,26/5/2024,29/5/2024,190,1.15,230,0,8,CLOSED,21/5/2024 14:00
395,79,4,37,21/5/2024,52,26/5/2024,29/5/2024,51,24.46,1271.92,5,8,CLOSED,21/5/2024 14:00
396,79,4,68,21/5/2024,34,26/5/2024,29/5/2024,33,13.21,449.14,3,8,CLOSED,21/5/2024 8:00
397,79,4,48,21/5/2024,22,26/5/2024,29/5/2024,21,14.67,322.74,2,8,CLOSED,21/5/2024 15:00
398,80,7,143,27/5/2024,97,4/6/2024,5/6/2024,91,9.54,925.38,0,8,RECEIVED,27/5/2024 15:00
399,80,7,44,27/5/2024,179,4/6/2024,5/6/2024,175,11.61,2078.19,2,8,RECEIVED,27/5/2024 15:00
400,80,7,21,27/5/2024,30,4/6/2024,5/6/2024,27,27.84,835.2,5,8,RECEIVED,27/5/2024 8:00
401,81,8,1,27/5/2024,113,7/6/2024,10/6/2024,111,5.77,652.01,2,8,RECEIVED,27/5/2024 13:00
402,81,8,123,27/5/2024,86,7/6/2024,10/6/2024,84,23.96,2060.56,5,8,RECEIVED,27/5/2024 13:00
403,81,8,142,27/5/2024,128,7/6/2024,10/6/2024,121,2.98,381.44,5,8,RECEIVED,27/5/2024 11:00
404,81,8,146,27/5/2024,55,7/6/2024,10/6/2024,51,8.73,480.15,0,8,RECEIVED,27/5/2024 16:00
405,81,8,18,27/5/2024,108,7/6/2024,10/6/2024,101,4.8,518.4,0,8,RECEIVED,27/5/2024 15:00
406,81,8,99,27/5/2024,50,7/6/2024,10/6/2024,49,15.58,779,2,8,RECEIVED,27/5/2024 9:00
407,82,2,50,28/5/2024,25,7/6/2024,7/6/2024,25,2.24,56,3,8,RECEIVED,28/5/2024 9:00
408,82,2,38,28/5/2024,77,7/6/2024,7/6/2024,73,13.82,1064.14,3,8,RECEIVED,28/5/2024 10:00
409,82,2,98,28/5/2024,99,7/6/2024,7/6/2024,89,20.3,2009.7,3,8,RECEIVED,28/5/2024 14:00
410,82,2,144,28/5/2024,145,7/6/2024,7/6/2024,139,20.65,2994.25,0,8,RECEIVED,28/5/2024 17:00
411,83,4,6,28/5/2024,63,6/6/2024,9/6/2024,63,15.23,959.49,0,8,RECEIVED,28/5/2024 10:00
412,83,4,52,28/5/2024,170,6/6/2024,9/6/2024,163,15.8,2686,3,8,RECEIVED,28/5/2024 12:00
413,83,4,48,28/5/2024,100,6/6/2024,9/6/2024,97,15.85,1585,5,8,RECEIVED,28/5/2024 11:00
414,83,4,93,28/5/2024,58,6/6/2024,9/6/2024,53,4.17,241.86,5,8,RECEIVED,28/5/2024 13:00
415,84,5,125,28/5/2024,81,8/6/2024,9/6/2024,78,6.04,489.24,5,8,RECEIVED,28/5/2024 14:00
416,84,5,122,28/5/2024,83,8/6/2024,9/6/2024,77,17.6,1460.8,0,8,RECEIVED,28/5/2024 16:00
417,84,5,40,28/5/2024,46,8/6/2024,9/6/2024,42,1.73,79.58,5,8,RECEIVED,28/5/2024 8:00
418,84,5,105,28/5/2024,58,8/6/2024,9/6/2024,54,7.58,439.64,0,8,RECEIVED,28/5/2024 12:00
419,85,4,45,3/6/2024,306,6/6/2024,7/6/2024,296,1.14,348.84,0,8,CLOSED,3/6/2024 16:00
420,85,4,37,3/6/2024,34,6/6/2024,7/6/2024,31,25.2,856.8,5,8,CLOSED,3/6/2024 12:00
421,85,4,90,3/6/2024,21,6/6/2024,7/6/2024,21,12.19,255.99,5,8,CLOSED,3/6/2024 13:00
422,86,5,26,3/6/2024,135,9/6/2024,12/6/2024,129,4.53,611.55,0,8,CLOSED,3/6/2024 11:00
423,86,5,125,3/6/2024,57,9/6/2024,12/6/2024,54,6.06,345.42,0,8,CLOSED,3/6/2024 10:00
424,86,5,64,3/6/2024,21,9/6/2024,12/6/2024,20,31.33,657.93,0,8,CLOSED,3/6/2024 14:00
425,87,2,41,3/6/2024,33,13/6/2024,13/6/2024,32,9.55,315.15,5,8,RECEIVED,3/6/2024 12:00
426,87,2,43,3/6/2024,41,13/6/2024,13/6/2024,40,33.21,1361.61,0,8,RECEIVED,3/6/2024 13:00
427,87,2,62,3/6/2024,76,13/6/2024,13/6/2024,76,3.3,250.8,3,8,RECEIVED,3/6/2024 10:00
428,87,2,7,3/6/2024,146,13/6/2024,13/6/2024,139,18.66,2724.36,0,8,RECEIVED,3/6/2024 11:00
429,87,2,137,3/6/2024,47,13/6/2024,13/6/2024,45,6.72,315.84,0,8,RECEIVED,3/6/2024 11:00
430,88,5,105,4/6/2024,79,10/6/2024,13/6/2024,72,7.28,575.12,0,8,SENT,4/6/2024 14:00
431,88,5,97,4/6/2024,52,10/6/2024,13/6/2024,48,3.05,158.6,0,8,SENT,4/6/2024 8:00
432,88,5,133,4/6/2024,86,10/6/2024,13/6/2024,82,9.49,816.14,0,8,SENT,4/6/2024 16:00
433,88,5,26,4/6/2024,142,10/6/2024,13/6/2024,128,4.42,627.64,2,8,SENT,4/6/2024 8:00
434,88,5,33,4/6/2024,57,10/6/2024,13/6/2024,53,11.86,676.02,0,8,SENT,4/6/2024 13:00
435,88,5,69,4/6/2024,110,10/6/2024,13/6/2024,103,2.29,251.9,0,8,SENT,4/6/2024 10:00
436,88,5,46,4/6/2024,177,10/6/2024,13/6/2024,174,19.08,3377.16,5,8,SENT,4/6/2024 9:00
437,89,2,50,4/6/2024,111,13/6/2024,12/6/2024,104,2.08,230.88,0,8,RECEIVED,4/6/2024 10:00
438,89,2,114,4/6/2024,68,13/6/2024,12/6/2024,65,18.57,1262.76,0,8,RECEIVED,4/6/2024 12:00
439,89,2,38,4/6/2024,72,13/6/2024,12/6/2024,68,13.88,999.36,2,8,RECEIVED,4/6/2024 13:00
440,89,2,144,4/6/2024,34,13/6/2024,12/6/2024,32,19.05,647.7,0,8,RECEIVED,4/6/2024 17:00
441,89,2,62,4/6/2024,36,13/6/2024,12/6/2024,35,3.32,119.52,5,8,RECEIVED,4/6/2024 9:00
442,89,2,137,4/6/2024,65,13/6/2024,12/6/2024,65,6.57,427.05,5,8,RECEIVED,4/6/2024 12:00
443,89,2,77,4/6/2024,97,13/6/2024,12/6/2024,88,11.75,1139.75,2,8,RECEIVED,4/6/2024 14:00
444,89,2,98,4/6/2024,86,13/6/2024,12/6/2024,84,18.9,1625.4,0,8,RECEIVED,4/6/2024 16:00
445,90,2,98,10/6/2024,38,23/6/2024,24/6/2024,34,20.02,760.76,3,8,RECEIVED,10/6/2024 16:00
446,90,2,137,10/6/2024,30,23/6/2024,24/6/2024,28,7.01,210.3,5,8,RECEIVED,10/6/2024 13:00
447,90,2,67,10/6/2024,23,23/6/2024,24/6/2024,22,16.04,368.92,3,8,RECEIVED,10/6/2024 10:00
448,90,2,41,10/6/2024,61,23/6/2024,24/6/2024,56,9.54,581.94,0,8,RECEIVED,10/6/2024 11:00
449,90,2,119,10/6/2024,44,23/6/2024,24/6/2024,40,2.86,125.84,0,8,RECEIVED,10/6/2024 16:00
450,90,2,75,10/6/2024,103,23/6/2024,24/6/2024,99,10.91,1123.73,5,8,RECEIVED,10/6/2024 9:00
451,90,2,144,10/6/2024,67,23/6/2024,24/6/2024,61,20.26,1357.42,2,8,RECEIVED,10/6/2024 13:00
452,90,2,77,10/6/2024,65,23/6/2024,24/6/2024,59,11.63,755.95,0,8,RECEIVED,10/6/2024 12:00
453,91,3,80,11/6/2024,219,23/6/2024,24/6/2024,206,3.22,705.18,0,8,SENT,11/6/2024 14:00
454,91,3,86,11/6/2024,36,23/6/2024,24/6/2024,34,2.57,92.52,0,8,SENT,11/6/2024 11:00
455,91,3,141,11/6/2024,261,23/6/2024,24/6/2024,245,19.38,5058.18,2,8,SENT,11/6/2024 12:00
456,91,3,145,11/6/2024,66,23/6/2024,24/6/2024,60,0.94,62.04,5,8,SENT,11/6/2024 13:00
457,92,7,143,18/6/2024,83,1/7/2024,4/7/2024,76,9.47,786.01,5,8,RECEIVED,18/6/2024 9:00
458,92,7,44,18/6/2024,266,1/7/2024,4/7/2024,241,11.11,2955.26,3,8,RECEIVED,18/6/2024 8:00
459,92,7,102,18/6/2024,144,1/7/2024,4/7/2024,138,2.06,296.64,3,8,RECEIVED,18/6/2024 11:00
460,92,7,51,18/6/2024,24,1/7/2024,4/7/2024,23,14.24,341.76,3,8,RECEIVED,18/6/2024 15:00
461,92,7,19,18/6/2024,121,1/7/2024,4/7/2024,118,6.49,785.29,0,8,RECEIVED,18/6/2024 17:00
462,92,7,53,18/6/2024,114,1/7/2024,4/7/2024,104,9.04,1030.56,0,8,RECEIVED,18/6/2024 14:00
463,93,9,104,18/6/2024,80,1/7/2024,1/7/2024,79,5.39,431.2,3,8,SENT,18/6/2024 10:00
464,93,9,28,18/6/2024,163,1/7/2024,1/7/2024,162,0.94,153.22,0,8,SENT,18/6/2024 11:00
465,93,9,88,18/6/2024,58,1/7/2024,1/7/2024,56,22.78,1321.24,0,8,SENT,18/6/2024 12:00
466,94,9,104,18/6/2024,50,26/6/2024,28/6/2024,50,5.47,273.5,5,8,CLOSED,18/6/2024 16:00
467,94,9,28,18/6/2024,110,26/6/2024,28/6/2024,108,0.88,96.8,3,8,CLOSED,18/6/2024 17:00
468,94,9,87,18/6/2024,42,26/6/2024,28/6/2024,39,1.18,49.56,3,8,CLOSED,18/6/2024 9:00
469,95,1,148,24/6/2024,309,4/7/2024,6/7/2024,290,1.61,497.49,0,8,SENT,24/6/2024 11:00
470,95,1,49,24/6/2024,78,4/7/2024,6/7/2024,74,4.57,356.46,0,8,SENT,24/6/2024 11:00
471,95,1,74,24/6/2024,78,4/7/2024,6/7/2024,73,5.77,450.06,0,8,SENT,24/6/2024 17:00
472,95,1,71,24/6/2024,30,4/7/2024,6/7/2024,29,19.37,581.1,2,8,SENT,24/6/2024 13:00
473,95,1,70,24/6/2024,263,4/7/2024,6/7/2024,254,19,4997,5,8,SENT,24/6/2024 15:00
474,95,1,83,24/6/2024,40,4/7/2024,6/7/2024,37,14.23,569.2,0,8,SENT,24/6/2024 14:00
475,96,8,78,25/6/2024,33,30/6/2024,30/6/2024,33,22.61,746.13,0,8,SENT,25/6/2024 10:00
476,96,8,127,25/6/2024,81,30/6/2024,30/6/2024,79,13.42,1087.02,3,8,SENT,25/6/2024 17:00
477,96,8,142,25/6/2024,119,30/6/2024,30/6/2024,110,2.96,352.24,5,8,SENT,25/6/2024 12:00
478,97,5,97,25/6/2024,118,30/6/2024,30/6/2024,108,3.09,364.62,0,8,CLOSED,25/6/2024 10:00
479,97,5,113,25/6/2024,56,30/6/2024,30/6/2024,54,8.79,492.24,3,8,CLOSED,25/6/2024 17:00
480,97,5,133,25/6/2024,28,30/6/2024,30/6/2024,26,9.08,254.24,0,8,CLOSED,25/6/2024 8:00
481,97,5,122,25/6/2024,40,30/6/2024,30/6/2024,38,17.71,708.4,5,8,CLOSED,25/6/2024 14:00
482,98,10,57,1/7/2024,127,5/7/2024,7/7/2024,119,23.77,3018.79,3,8,RECEIVED,1/7/2024 14:00
483,98,10,140,1/7/2024,24,5/7/2024,7/7/2024,24,21.63,519.12,2,8,RECEIVED,1/7/2024 13:00
484,98,10,85,1/7/2024,90,5/7/2024,7/7/2024,88,14.8,1332,5,8,RECEIVED,1/7/2024 17:00
485,98,10,110,1/7/2024,27,5/7/2024,7/7/2024,25,10.35,279.45,0,8,RECEIVED,1/7/2024 9:00
486,98,10,16,1/7/2024,112,5/7/2024,7/7/2024,108,6.94,777.28,0,8,RECEIVED,1/7/2024 11:00
487,98,10,82,1/7/2024,59,5/7/2024,7/7/2024,57,2.57,151.63,3,8,RECEIVED,1/7/2024 16:00
488,98,10,120,1/7/2024,35,5/7/2024,7/7/2024,33,10.77,376.95,0,8,RECEIVED,1/7/2024 13:00
489,99,9,24,2/7/2024,133,14/7/2024,15/7/2024,128,8.63,1147.79,2,8,RECEIVED,2/7/2024 11:00
490,99,9,63,2/7/2024,125,14/7/2024,15/7/2024,119,3.93,491.25,0,8,RECEIVED,2/7/2024 13:00
491,99,9,104,2/7/2024,183,14/7/2024,15/7/2024,175,5.43,993.69,0,8,RECEIVED,2/7/2024 17:00
492,100,2,98,2/7/2024,144,6/7/2024,6/7/2024,141,19.93,2869.92,5,8,SENT,2/7/2024 8:00
493,100,2,41,2/7/2024,61,6/7/2024,6/7/2024,59,9.33,569.13,5,8,SENT,2/7/2024 8:00
494,100,2,38,2/7/2024,31,6/7/2024,6/7/2024,29,14.14,438.34,2,8,SENT,2/7/2024 17:00
495,100,2,59,2/7/2024,70,6/7/2024,6/7/2024,65,5.15,360.5,0,8,SENT,2/7/2024 11:00
496,100,2,119,2/7/2024,87,6/7/2024,6/7/2024,85,2.66,231.42,0,8,SENT,2/7/2024 14:00
497,100,2,144,2/7/2024,162,6/7/2024,6/7/2024,147,20.77,3364.74,3,8,SENT,2/7/2024 16:00
498,100,2,77,2/7/2024,56,6/7/2024,6/7/2024,53,11.69,654.64,3,8,SENT,2/7/2024 8:00
499,100,2,22,2/7/2024,34,6/7/2024,6/7/2024,34,4.14,140.76,2,8,SENT,2/7/2024 8:00
500,101,2,129,2/7/2024,132,16/7/2024,16/7/2024,122,16.16,2133.12,0,8,SENT,2/7/2024 10:00
501,101,2,67,2/7/2024,15,16/7/2024,16/7/2024,14,16.6,249,2,8,SENT,2/7/2024 13:00
502,101,2,50,2/7/2024,105,16/7/2024,16/7/2024,104,2.15,225.75,3,8,SENT,2/7/2024 11:00
503,101,2,11,2/7/2024,23,16/7/2024,16/7/2024,23,9.37,215.51,0,8,SENT,2/7/2024 9:00
504,101,2,98,2/7/2024,109,16/7/2024,16/7/2024,107,19.4,2114.6,3,8,SENT,2/7/2024 17:00
505,101,2,137,2/7/2024,64,16/7/2024,16/7/2024,61,6.74,431.36,0,8,SENT,2/7/2024 11:00
506,101,2,62,2/7/2024,69,16/7/2024,16/7/2024,69,3.28,226.32,2,8,SENT,2/7/2024 17:00
507,101,2,116,2/7/2024,26,16/7/2024,16/7/2024,24,4.12,107.12,2,8,SENT,2/7/2024 16:00
508,102,8,123,2/7/2024,63,6/7/2024,9/7/2024,60,24.36,1534.68,0,8,RECEIVED,2/7/2024 15:00
509,102,8,99,2/7/2024,128,6/7/2024,9/7/2024,121,15.34,1963.52,0,8,RECEIVED,2/7/2024 15:00
510,102,8,117,2/7/2024,44,6/7/2024,9/7/2024,41,12.09,531.96,0,8,RECEIVED,2/7/2024 11:00
511,103,10,120,9/7/2024,90,16/7/2024,15/7/2024,89,10.88,979.2,0,8,CLOSED,9/7/2024 11:00
512,103,10,110,9/7/2024,88,16/7/2024,15/7/2024,82,11.08,975.04,5,8,CLOSED,9/7/2024 11:00
513,103,10,132,9/7/2024,101,16/7/2024,15/7/2024,98,18.7,1888.7,0,8,CLOSED,9/7/2024 12:00
514,103,10,16,9/7/2024,92,16/7/2024,15/7/2024,85,7.14,656.88,3,8,CLOSED,9/7/2024 13:00
515,103,10,82,9/7/2024,102,16/7/2024,15/7/2024,100,2.4,244.8,0,8,CLOSED,9/7/2024 15:00
516,103,10,140,9/7/2024,49,16/7/2024,15/7/2024,44,22.44,1099.56,0,8,CLOSED,9/7/2024 15:00
517,104,9,65,9/7/2024,31,20/7/2024,21/7/2024,28,14.24,441.44,2,8,CLOSED,9/7/2024 16:00
518,104,9,88,9/7/2024,12,20/7/2024,21/7/2024,11,22.57,270.84,5,8,CLOSED,9/7/2024 10:00
519,104,9,55,9/7/2024,73,20/7/2024,21/7/2024,73,25.8,1883.4,2,8,CLOSED,9/7/2024 13:00
520,104,9,131,9/7/2024,27,20/7/2024,21/7/2024,24,5.45,147.15,3,8,CLOSED,9/7/2024 9:00
521,104,9,24,9/7/2024,123,20/7/2024,21/7/2024,115,8.53,1049.19,0,8,CLOSED,9/7/2024 16:00
522,105,2,119,9/7/2024,92,18/7/2024,18/7/2024,85,2.69,247.48,0,8,CLOSED,9/7/2024 17:00
523,105,2,75,9/7/2024,64,18/7/2024,18/7/2024,63,11.65,745.6,0,8,CLOSED,9/7/2024 16:00
524,105,2,77,9/7/2024,75,18/7/2024,18/7/2024,74,11.1,832.5,5,8,CLOSED,9/7/2024 10:00
525,105,2,43,9/7/2024,40,18/7/2024,18/7/2024,39,31.97,1278.8,2,8,CLOSED,9/7/2024 10:00
526,105,2,59,9/7/2024,95,18/7/2024,18/7/2024,90,5.49,521.55,2,8,CLOSED,9/7/2024 12:00
527,106,2,11,15/7/2024,112,25/7/2024,24/7/2024,105,9.2,1030.4,0,8,CLOSED,15/7/2024 13:00
528,106,2,98,15/7/2024,35,25/7/2024,24/7/2024,33,19.53,683.55,5,8,CLOSED,15/7/2024 17:00
529,106,2,38,15/7/2024,45,25/7/2024,24/7/2024,43,13.91,625.95,3,8,CLOSED,15/7/2024 10:00
530,106,2,43,15/7/2024,59,25/7/2024,24/7/2024,55,32.46,1915.14,3,8,CLOSED,15/7/2024 15:00
531,106,2,7,15/7/2024,154,25/7/2024,24/7/2024,152,18.62,2867.48,0,8,CLOSED,15/7/2024 15:00
532,106,2,129,15/7/2024,77,25/7/2024,24/7/2024,76,16.82,1295.14,0,8,CLOSED,15/7/2024 14:00
533,106,2,41,15/7/2024,123,25/7/2024,24/7/2024,121,9.03,1110.69,0,8,CLOSED,15/7/2024 13:00
534,107,2,67,15/7/2024,20,25/7/2024,26/7/2024,20,15.31,306.2,0,8,SENT,15/7/2024 10:00
535,107,2,62,15/7/2024,80,25/7/2024,26/7/2024,75,3.34,267.2,5,8,SENT,15/7/2024 9:00
536,107,2,98,15/7/2024,61,25/7/2024,26/7/2024,59,19.17,1169.37,0,8,SENT,15/7/2024 9:00
537,107,2,137,15/7/2024,28,25/7/2024,26/7/2024,27,7.14,199.92,2,8,SENT,15/7/2024 16:00
538,107,2,116,15/7/2024,34,25/7/2024,26/7/2024,32,4.02,136.68,2,8,SENT,15/7/2024 16:00
539,108,6,20,16/7/2024,135,20/7/2024,22/7/2024,125,13.14,1773.9,0,8,RECEIVED,16/7/2024 16:00
540,108,6,39,16/7/2024,53,20/7/2024,22/7/2024,48,1.58,83.74,0,8,RECEIVED,16/7/2024 15:00
541,108,6,35,16/7/2024,74,20/7/2024,22/7/2024,74,13.98,1034.52,0,8,RECEIVED,16/7/2024 16:00
542,109,9,87,16/7/2024,89,29/7/2024,1/8/2024,82,1.14,101.46,0,8,RECEIVED,16/7/2024 13:00
543,109,9,24,16/7/2024,145,29/7/2024,1/8/2024,134,8.07,1170.15,0,8,RECEIVED,16/7/2024 16:00
544,109,9,88,16/7/2024,58,29/7/2024,1/8/2024,57,22.45,1302.1,2,8,RECEIVED,16/7/2024 16:00
545,109,9,104,16/7/2024,42,29/7/2024,1/8/2024,41,5.57,233.94,2,8,RECEIVED,16/7/2024 12:00
546,109,9,65,16/7/2024,16,29/7/2024,1/8/2024,16,14.24,227.84,3,8,RECEIVED,16/7/2024 11:00
547,109,9,63,16/7/2024,21,29/7/2024,1/8/2024,20,3.79,79.59,3,8,RECEIVED,16/7/2024 14:00
548,109,9,55,16/7/2024,65,29/7/2024,1/8/2024,60,25.84,1679.6,5,8,RECEIVED,16/7/2024 14:00
549,109,9,58,16/7/2024,68,29/7/2024,1/8/2024,63,12.14,825.52,5,8,RECEIVED,16/7/2024 11:00
550,110,1,130,22/7/2024,52,31/7/2024,31/7/2024,47,19.83,1031.16,2,8,RECEIVED,22/7/2024 12:00
551,110,1,84,22/7/2024,129,31/7/2024,31/7/2024,122,15.99,2062.71,0,8,RECEIVED,22/7/2024 8:00
552,110,1,83,22/7/2024,44,31/7/2024,31/7/2024,40,15.34,674.96,0,8,RECEIVED,22/7/2024 12:00
553,110,1,54,22/7/2024,31,31/7/2024,31/7/2024,30,14.93,462.83,0,8,RECEIVED,22/7/2024 9:00
554,110,1,138,22/7/2024,19,31/7/2024,31/7/2024,17,32.8,623.2,2,8,RECEIVED,22/7/2024 12:00
555,110,1,74,22/7/2024,167,31/7/2024,31/7/2024,167,5.94,991.98,0,8,RECEIVED,22/7/2024 13:00
556,110,1,148,22/7/2024,80,31/7/2024,31/7/2024,79,1.75,140,0,8,RECEIVED,22/7/2024 12:00
557,111,10,140,23/7/2024,34,30/7/2024,1/8/2024,33,21.55,732.7,5,8,RECEIVED,23/7/2024 8:00
558,111,10,57,23/7/2024,70,30/7/2024,1/8/2024,66,25.59,1791.3,3,8,RECEIVED,23/7/2024 11:00
559,111,10,132,23/7/2024,98,30/7/2024,1/8/2024,92,20.1,1969.8,0,8,RECEIVED,23/7/2024 10:00
560,112,3,141,23/7/2024,163,27/7/2024,28/7/2024,161,19.62,3198.06,0,8,CLOSED,23/7/2024 9:00
561,112,3,101,23/7/2024,80,27/7/2024,28/7/2024,77,14.16,1132.8,0,8,CLOSED,23/7/2024 12:00
562,112,3,145,23/7/2024,94,27/7/2024,28/7/2024,86,1.01,94.94,0,8,CLOSED,23/7/2024 8:00
563,113,3,86,23/7/2024,22,2/8/2024,1/8/2024,21,2.66,58.52,0,8,SENT,23/7/2024 16:00
564,113,3,141,23/7/2024,290,2/8/2024,1/8/2024,279,18.19,5275.1,2,8,SENT,23/7/2024 11:00
565,113,3,103,23/7/2024,73,2/8/2024,1/8/2024,73,16.82,1227.86,5,8,SENT,23/7/2024 13:00
566,113,3,23,23/7/2024,99,2/8/2024,1/8/2024,96,14.13,1398.87,0,8,SENT,23/7/2024 14:00
567,113,3,80,23/7/2024,162,2/8/2024,1/8/2024,153,3.33,539.46,0,8,SENT,23/7/2024 8:00
568,113,3,12,23/7/2024,77,2/8/2024,1/8/2024,72,4.85,373.45,3,8,SENT,23/7/2024 12:00
569,113,3,145,23/7/2024,89,2/8/2024,1/8/2024,88,1,89,0,8,SENT,23/7/2024 17:00
570,113,3,81,23/7/2024,87,2/8/2024,1/8/2024,81,19.56,1701.72,0,8,SENT,23/7/2024 15:00
571,114,2,137,30/7/2024,68,10/8/2024,11/8/2024,66,7.1,482.8,3,8,CLOSED,30/7/2024 13:00
572,114,2,43,30/7/2024,59,10/8/2024,11/8/2024,57,32.45,1914.55,0,8,CLOSED,30/7/2024 16:00
573,114,2,22,30/7/2024,60,10/8/2024,11/8/2024,55,4.15,249,3,8,CLOSED,30/7/2024 10:00
574,114,2,41,30/7/2024,92,10/8/2024,11/8/2024,86,9.56,879.52,0,8,CLOSED,30/7/2024 9:00
575,114,2,59,30/7/2024,81,10/8/2024,11/8/2024,78,5.13,415.53,0,8,CLOSED,30/7/2024 10:00
576,114,2,119,30/7/2024,31,10/8/2024,11/8/2024,29,2.78,86.18,0,8,CLOSED,30/7/2024 8:00
577,114,2,114,30/7/2024,121,10/8/2024,11/8/2024,117,18.22,2204.62,2,8,CLOSED,30/7/2024 16:00
578,115,3,61,30/7/2024,86,12/8/2024,14/8/2024,82,12.02,1033.72,2,8,RECEIVED,30/7/2024 13:00
579,115,3,10,30/7/2024,27,12/8/2024,14/8/2024,27,12.14,327.78,0,8,RECEIVED,30/7/2024 9:00
580,115,3,80,30/7/2024,302,12/8/2024,14/8/2024,281,3.4,1026.8,3,8,RECEIVED,30/7/2024 9:00
581,115,3,34,30/7/2024,86,12/8/2024,14/8/2024,84,8.41,723.26,0,8,RECEIVED,30/7/2024 11:00
582,115,3,12,30/7/2024,82,12/8/2024,14/8/2024,79,4.78,391.96,0,8,RECEIVED,30/7/2024 16:00
583,115,3,141,30/7/2024,277,12/8/2024,14/8/2024,265,19.4,5373.8,5,8,RECEIVED,30/7/2024 17:00
584,115,3,101,30/7/2024,111,12/8/2024,14/8/2024,107,14.7,1631.7,2,8,RECEIVED,30/7/2024 9:00
585,116,4,90,5/8/2024,55,18/8/2024,18/8/2024,53,12.39,681.45,0,8,SENT,5/8/2024 13:00
586,116,4,52,5/8/2024,182,18/8/2024,18/8/2024,176,15.61,2841.02,2,8,SENT,5/8/2024 13:00
587,116,4,106,5/8/2024,168,18/8/2024,18/8/2024,167,3.58,601.44,3,8,SENT,5/8/2024 11:00
588,116,4,48,5/8/2024,116,18/8/2024,18/8/2024,107,15.59,1808.44,5,8,SENT,5/8/2024 12:00
589,117,9,65,6/8/2024,43,17/8/2024,17/8/2024,40,13.57,583.51,5,8,RECEIVED,6/8/2024 12:00
590,117,9,63,6/8/2024,150,17/8/2024,17/8/2024,143,4.08,612,0,8,RECEIVED,6/8/2024 9:00
591,117,9,8,6/8/2024,19,17/8/2024,17/8/2024,18,7.96,151.24,0,8,RECEIVED,6/8/2024 13:00
592,117,9,104,6/8/2024,189,17/8/2024,17/8/2024,175,5.43,1026.27,0,8,RECEIVED,6/8/2024 9:00
593,117,9,55,6/8/2024,66,17/8/2024,17/8/2024,63,24.59,1622.94,0,8,RECEIVED,6/8/2024 13:00
594,117,9,88,6/8/2024,60,17/8/2024,17/8/2024,57,22.78,1366.8,5,8,RECEIVED,6/8/2024 17:00
595,118,10,110,12/8/2024,59,24/8/2024,26/8/2024,58,10.54,621.86,0,8,RECEIVED,12/8/2024 11:00
596,118,10,16,12/8/2024,194,24/8/2024,26/8/2024,193,7,1358,5,8,RECEIVED,12/8/2024 14:00
597,118,10,120,12/8/2024,26,24/8/2024,26/8/2024,24,10.41,270.66,3,8,RECEIVED,12/8/2024 17:00
598,119,4,37,12/8/2024,52,23/8/2024,22/8/2024,49,23.6,1227.2,0,8,RECEIVED,12/8/2024 15:00
599,119,4,14,12/8/2024,32,23/8/2024,22/8/2024,31,15.52,496.64,2,8,RECEIVED,12/8/2024 16:00
600,119,4,4,12/8/2024,75,23/8/2024,22/8/2024,73,16.67,1250.25,0,8,RECEIVED,12/8/2024 15:00
601,119,4,52,12/8/2024,227,23/8/2024,22/8/2024,209,15.05,3416.35,3,8,RECEIVED,12/8/2024 11:00
602,119,4,106,12/8/2024,157,23/8/2024,22/8/2024,151,3.77,591.89,0,8,RECEIVED,12/8/2024 11:00
603,119,4,45,12/8/2024,80,23/8/2024,22/8/2024,74,1.12,89.6,5,8,RECEIVED,12/8/2024 17:00
604,119,4,48,12/8/2024,42,23/8/2024,22/8/2024,38,15.06,632.52,0,8,RECEIVED,12/8/2024 13:00
605,120,4,93,12/8/2024,32,24/8/2024,26/8/2024,31,4.25,136,0,8,SENT,12/8/2024 11:00
606,120,4,4,12/8/2024,67,24/8/2024,26/8/2024,61,16.71,1119.57,5,8,SENT,12/8/2024 9:00
607,120,4,45,12/8/2024,92,24/8/2024,26/8/2024,89,1.16,106.72,0,8,SENT,12/8/2024 17:00
608,120,4,14,12/8/2024,57,24/8/2024,26/8/2024,55,16.49,939.93,0,8,SENT,12/8/2024 8:00
609,120,4,68,12/8/2024,58,24/8/2024,26/8/2024,57,13.38,776.04,0,8,SENT,12/8/2024 12:00
610,121,9,58,13/8/2024,81,19/8/2024,19/8/2024,80,12.83,1039.23,0,8,SENT,13/8/2024 8:00
611,121,9,28,13/8/2024,136,19/8/2024,19/8/2024,126,0.91,123.76,5,8,SENT,13/8/2024 16:00
612,121,9,87,13/8/2024,25,19/8/2024,19/8/2024,25,1.16,29,0,8,SENT,13/8/2024 12:00
613,122,2,62,13/8/2024,118,26/8/2024,27/8/2024,109,3.25,383.5,5,8,RECEIVED,13/8/2024 9:00
614,122,2,11,13/8/2024,100,26/8/2024,27/8/2024,95,9.24,924,0,8,RECEIVED,13/8/2024 10:00
615,122,2,116,13/8/2024,58,26/8/2024,27/8/2024,55,4.2,243.6,5,8,RECEIVED,13/8/2024 8:00
616,122,2,7,13/8/2024,50,26/8/2024,27/8/2024,46,18.9,945,0,8,RECEIVED,13/8/2024 15:00
617,122,2,137,13/8/2024,70,26/8/2024,27/8/2024,68,6.51,455.7,5,8,RECEIVED,13/8/2024 13:00
618,122,2,50,13/8/2024,65,26/8/2024,27/8/2024,63,2.11,137.15,3,8,RECEIVED,13/8/2024 12:00
619,122,2,75,13/8/2024,35,26/8/2024,27/8/2024,34,11.83,414.05,0,8,RECEIVED,13/8/2024 16:00
620,122,2,41,13/8/2024,91,26/8/2024,27/8/2024,84,9.28,844.48,2,8,RECEIVED,13/8/2024 10:00
621,123,8,123,19/8/2024,92,25/8/2024,28/8/2024,86,23.82,2191.44,0,8,RECEIVED,19/8/2024 10:00
622,123,8,128,19/8/2024,115,25/8/2024,28/8/2024,110,8.79,1010.85,0,8,RECEIVED,19/8/2024 12:00
623,123,8,127,19/8/2024,82,25/8/2024,28/8/2024,81,12.74,1044.68,0,8,RECEIVED,19/8/2024 17:00
624,123,8,142,19/8/2024,162,25/8/2024,28/8/2024,148,2.98,482.76,3,8,RECEIVED,19/8/2024 9:00
625,123,8,96,19/8/2024,59,25/8/2024,28/8/2024,55,2.1,123.9,5,8,RECEIVED,19/8/2024 8:00
626,123,8,118,19/8/2024,140,25/8/2024,28/8/2024,130,6.76,946.4,2,8,RECEIVED,19/8/2024 12:00
627,124,9,115,19/8/2024,49,31/8/2024,3/9/2024,45,1.38,67.62,0,8,RECEIVED,19/8/2024 15:00
628,124,9,55,19/8/2024,32,31/8/2024,3/9/2024,30,25.56,817.92,5,8,RECEIVED,19/8/2024 13:00
629,124,9,24,19/8/2024,87,31/8/2024,3/9/2024,86,8.22,715.14,0,8,RECEIVED,19/8/2024 10:00
630,124,9,28,19/8/2024,89,31/8/2024,3/9/2024,82,0.89,79.21,0,8,RECEIVED,19/8/2024 12:00
631,124,9,17,19/8/2024,67,31/8/2024,3/9/2024,62,10.11,677.37,0,8,RECEIVED,19/8/2024 11:00
632,124,9,104,19/8/2024,56,31/8/2024,3/9/2024,51,5.82,325.92,2,8,RECEIVED,19/8/2024 17:00
633,124,9,87,19/8/2024,82,31/8/2024,3/9/2024,79,1.23,100.86,0,8,RECEIVED,19/8/2024 14:00
634,124,9,8,19/8/2024,66,31/8/2024,3/9/2024,65,8.33,549.78,2,8,RECEIVED,19/8/2024 13:00
635,125,9,88,20/8/2024,45,23/8/2024,23/8/2024,42,22.55,1014.75,5,8,SENT,20/8/2024 8:00
636,125,9,131,20/8/2024,57,23/8/2024,23/8/2024,54,5.49,312.93,2,8,SENT,20/8/2024 12:00
637,125,9,87,20/8/2024,56,23/8/2024,23/8/2024,51,1.19,66.64,2,8,SENT,20/8/2024 12:00
638,125,9,104,20/8/2024,196,23/8/2024,23/8/2024,187,5.8,1136.8,5,8,SENT,20/8/2024 16:00
639,125,9,8,20/8/2024,33,23/8/2024,23/8/2024,30,8.21,270.93,5,8,SENT,20/8/2024 15:00
640,125,9,17,20/8/2024,26,23/8/2024,23/8/2024,24,10.16,264.16,0,8,SENT,20/8/2024 10:00
641,125,9,28,20/8/2024,189,23/8/2024,23/8/2024,183,0.94,177.66,5,8,SENT,20/8/2024 16:00
642,125,9,63,20/8/2024,54,23/8/2024,23/8/2024,53,3.87,208.98,0,8,SENT,20/8/2024 15:00
643,126,8,127,20/8/2024,72,28/8/2024,28/8/2024,69,12.3,885.6,5,8,RECEIVED,20/8/2024 14:00
644,126,8,136,20/8/2024,136,28/8/2024,28/8/2024,133,5.54,753.44,0,8,RECEIVED,20/8/2024 14:00
645,126,8,96,20/8/2024,110,28/8/2024,28/8/2024,103,2.07,227.7,0,8,RECEIVED,20/8/2024 17:00
646,126,8,121,20/8/2024,104,28/8/2024,28/8/2024,103,4.89,508.56,0,8,RECEIVED,20/8/2024 10:00
647,126,8,18,20/8/2024,122,28/8/2024,28/8/2024,118,4.96,605.12,0,8,RECEIVED,20/8/2024 15:00
648,126,8,99,20/8/2024,73,28/8/2024,28/8/2024,70,14.63,1067.99,0,8,RECEIVED,20/8/2024 11:00
649,127,8,1,26/8/2024,141,29/8/2024,1/9/2024,133,5.56,783.96,3,8,CLOSED,26/8/2024 17:00
650,127,8,121,26/8/2024,20,29/8/2024,1/9/2024,18,5.08,101.6,3,8,CLOSED,26/8/2024 16:00
651,127,8,142,26/8/2024,148,29/8/2024,1/9/2024,145,2.97,439.56,0,8,CLOSED,26/8/2024 8:00
652,127,8,136,26/8/2024,125,29/8/2024,1/9/2024,117,5.33,666.25,0,8,CLOSED,26/8/2024 17:00
653,127,8,123,26/8/2024,92,29/8/2024,1/9/2024,86,24.72,2274.24,0,8,CLOSED,26/8/2024 9:00
654,128,9,24,26/8/2024,188,8/9/2024,11/9/2024,172,8.11,1524.68,0,8,SENT,26/8/2024 9:00
655,128,9,104,26/8/2024,116,8/9/2024,11/9/2024,114,5.47,634.52,2,8,SENT,26/8/2024 9:00
656,128,9,55,26/8/2024,69,8/9/2024,11/9/2024,65,26.17,1805.73,0,8,SENT,26/8/2024 12:00
657,128,9,88,26/8/2024,40,8/9/2024,11/9/2024,37,21.98,879.2,5,8,SENT,26/8/2024 12:00
658,129,2,129,27/8/2024,113,10/9/2024,13/9/2024,107,17.17,1940.21,0,8,RECEIVED,27/8/2024 16:00
659,129,2,50,27/8/2024,93,10/9/2024,13/9/2024,93,2.14,199.02,0,8,RECEIVED,27/8/2024 17:00
660,129,2,137,27/8/2024,92,10/9/2024,13/9/2024,87,7,644,2,8,RECEIVED,27/8/2024 15:00
661,129,2,11,27/8/2024,66,10/9/2024,13/9/2024,65,8.91,588.06,0,8,RECEIVED,27/8/2024 11:00
662,129,2,119,27/8/2024,26,10/9/2024,13/9/2024,24,2.77,72.02,0,8,RECEIVED,27/8/2024 11:00
663,129,2,67,27/8/2024,49,10/9/2024,13/9/2024,49,15.67,767.83,0,8,RECEIVED,27/8/2024 13:00
664,130,1,49,2/9/2024,95,9/9/2024,12/9/2024,93,4.64,440.8,0,8,SENT,2/9/2024 14:00
665,130,1,9,2/9/2024,14,9/9/2024,12/9/2024,14,18.29,256.06,0,8,SENT,2/9/2024 13:00
666,130,1,83,2/9/2024,31,9/9/2024,12/9/2024,29,15.27,473.37,2,8,SENT,2/9/2024 15:00
667,130,1,148,2/9/2024,305,9/9/2024,12/9/2024,291,1.59,484.95,0,8,SENT,2/9/2024 15:00
668,130,1,54,2/9/2024,34,9/9/2024,12/9/2024,33,14.79,502.86,3,8,SENT,2/9/2024 13:00
669,130,1,130,2/9/2024,74,9/9/2024,12/9/2024,71,20.49,1516.26,2,8,SENT,2/9/2024 8:00
670,130,1,30,2/9/2024,86,9/9/2024,12/9/2024,84,7.7,662.2,5,8,SENT,2/9/2024 13:00
671,130,1,79,2/9/2024,182,9/9/2024,12/9/2024,178,5.78,1051.96,0,8,SENT,2/9/2024 17:00
672,131,6,20,2/9/2024,119,11/9/2024,14/9/2024,108,13.35,1588.65,0,8,RECEIVED,2/9/2024 13:00
673,131,6,35,2/9/2024,19,11/9/2024,14/9/2024,18,13.34,253.46,0,8,RECEIVED,2/9/2024 13:00
674,131,6,39,2/9/2024,77,11/9/2024,14/9/2024,76,1.52,117.04,3,8,RECEIVED,2/9/2024 12:00
675,131,6,15,2/9/2024,64,11/9/2024,14/9/2024,58,16.83,1077.12,0,8,RECEIVED,2/9/2024 9:00
676,131,6,126,2/9/2024,153,11/9/2024,14/9/2024,145,17.85,2731.05,3,8,RECEIVED,2/9/2024 10:00
677,132,4,90,2/9/2024,64,13/9/2024,13/9/2024,62,12.36,791.04,0,8,RECEIVED,2/9/2024 12:00
678,132,4,45,2/9/2024,346,13/9/2024,13/9/2024,313,1.17,404.82,0,8,RECEIVED,2/9/2024 13:00
679,132,4,48,2/9/2024,139,13/9/2024,13/9/2024,137,14.59,2028.01,5,8,RECEIVED,2/9/2024 12:00
680,132,4,14,2/9/2024,25,13/9/2024,13/9/2024,24,15.6,390,0,8,RECEIVED,2/9/2024 13:00
681,132,4,52,2/9/2024,121,13/9/2024,13/9/2024,111,14.87,1799.27,0,8,RECEIVED,2/9/2024 15:00
682,132,4,4,2/9/2024,35,13/9/2024,13/9/2024,32,16.72,585.2,0,8,RECEIVED,2/9/2024 8:00
683,133,5,105,2/9/2024,29,7/9/2024,8/9/2024,27,7.23,209.67,0,8,SENT,2/9/2024 16:00
684,133,5,33,2/9/2024,60,7/9/2024,8/9/2024,54,10.9,654,0,8,SENT,2/9/2024 15:00
685,133,5,46,2/9/2024,41,7/9/2024,8/9/2024,37,18.27,749.07,0,8,SENT,2/9/2024 9:00
686,133,5,133,2/9/2024,74,7/9/2024,8/9/2024,69,9.09,672.66,5,8,SENT,2/9/2024 17:00
687,133,5,69,2/9/2024,95,7/9/2024,8/9/2024,91,2.42,229.9,5,8,SENT,2/9/2024 15:00
688,133,5,113,2/9/2024,49,7/9/2024,8/9/2024,49,8.31,407.19,0,8,SENT,2/9/2024 11:00
689,133,5,40,2/9/2024,136,7/9/2024,8/9/2024,128,1.84,250.24,3,8,SENT,2/9/2024 9:00
690,134,5,113,3/9/2024,19,10/9/2024,12/9/2024,19,8.53,162.07,0,8,CLOSED,3/9/2024 14:00
691,134,5,40,3/9/2024,59,10/9/2024,12/9/2024,57,1.82,107.38,0,8,CLOSED,3/9/2024 15:00
692,134,5,33,3/9/2024,65,10/9/2024,12/9/2024,59,11.38,739.7,0,8,CLOSED,3/9/2024 15:00
693,134,5,97,3/9/2024,79,10/9/2024,12/9/2024,78,2.97,234.63,0,8,CLOSED,3/9/2024 17:00
694,134,5,122,3/9/2024,88,10/9/2024,12/9/2024,80,16.33,1437.04,5,8,CLOSED,3/9/2024 9:00
695,134,5,133,3/9/2024,61,10/9/2024,12/9/2024,58,8.8,536.8,0,8,CLOSED,3/9/2024 16:00
696,135,1,71,10/9/2024,70,19/9/2024,18/9/2024,68,18.94,1325.8,0,8,RECEIVED,10/9/2024 16:00
697,135,1,49,10/9/2024,272,19/9/2024,18/9/2024,251,4.63,1259.36,0,8,RECEIVED,10/9/2024 17:00
698,135,1,79,10/9/2024,164,19/9/2024,18/9/2024,149,5.82,954.48,0,8,RECEIVED,10/9/2024 16:00
699,135,1,138,10/9/2024,16,19/9/2024,18/9/2024,16,32.66,522.56,2,8,RECEIVED,10/9/2024 9:00
700,135,1,74,10/9/2024,193,19/9/2024,18/9/2024,176,6.15,1186.95,2,8,RECEIVED,10/9/2024 13:00
701,135,1,32,10/9/2024,83,19/9/2024,18/9/2024,80,18.03,1496.49,0,8,RECEIVED,10/9/2024 10:00
702,135,1,73,10/9/2024,47,19/9/2024,18/9/2024,47,11.3,531.1,0,8,RECEIVED,10/9/2024 10:00
703,136,3,101,10/9/2024,108,16/9/2024,17/9/2024,108,14.53,1569.24,3,8,RECEIVED,10/9/2024 16:00
704,136,3,61,10/9/2024,71,16/9/2024,17/9/2024,70,11.93,847.03,0,8,RECEIVED,10/9/2024 13:00
705,136,3,81,10/9/2024,180,16/9/2024,17/9/2024,179,18.51,3331.8,3,8,RECEIVED,10/9/2024 13:00
706,136,3,103,10/9/2024,27,16/9/2024,17/9/2024,27,16.64,449.28,0,8,RECEIVED,10/9/2024 14:00
707,136,3,86,10/9/2024,90,16/9/2024,17/9/2024,85,2.65,238.5,2,8,RECEIVED,10/9/2024 14:00
708,136,3,34,10/9/2024,176,16/9/2024,17/9/2024,166,8.14,1432.64,0,8,RECEIVED,10/9/2024 15:00
709,137,4,52,10/9/2024,281,15/9/2024,14/9/2024,278,15.45,4341.45,0,8,RECEIVED,10/9/2024 9:00
710,137,4,48,10/9/2024,55,15/9/2024,14/9/2024,53,15.06,828.3,2,8,RECEIVED,10/9/2024 17:00
711,137,4,106,10/9/2024,117,15/9/2024,14/9/2024,113,3.66,428.22,2,8,RECEIVED,10/9/2024 16:00
712,137,4,14,10/9/2024,135,15/9/2024,14/9/2024,127,15.46,2087.1,2,8,RECEIVED,10/9/2024 17:00
713,137,4,68,10/9/2024,15,15/9/2024,14/9/2024,14,13.59,203.85,0,8,RECEIVED,10/9/2024 16:00
714,137,4,93,10/9/2024,54,15/9/2024,14/9/2024,51,4.1,221.4,0,8,RECEIVED,10/9/2024 8:00
715,137,4,6,10/9/2024,24,15/9/2024,14/9/2024,23,15.61,374.64,0,8,RECEIVED,10/9/2024 17:00
716,138,1,30,16/9/2024,100,27/9/2024,30/9/2024,97,8.22,822,0,8,RECEIVED,16/9/2024 16:00
717,138,1,32,16/9/2024,94,27/9/2024,30/9/2024,88,18.02,1693.88,0,8,RECEIVED,16/9/2024 16:00
718,138,1,84,16/9/2024,21,27/9/2024,30/9/2024,20,16.3,342.3,2,8,RECEIVED,16/9/2024 17:00
719,138,1,130,16/9/2024,57,27/9/2024,30/9/2024,54,20.84,1187.88,0,8,RECEIVED,16/9/2024 12:00
720,138,1,74,16/9/2024,82,27/9/2024,30/9/2024,74,6.21,509.22,5,8,RECEIVED,16/9/2024 12:00
721,138,1,54,16/9/2024,48,27/9/2024,30/9/2024,43,14.56,698.88,0,8,RECEIVED,16/9/2024 17:00
722,138,1,73,16/9/2024,13,27/9/2024,30/9/2024,13,10.92,141.96,5,8,RECEIVED,16/9/2024 17:00
723,138,1,148,16/9/2024,67,27/9/2024,30/9/2024,62,1.6,107.2,3,8,RECEIVED,16/9/2024 9:00
724,139,7,53,16/9/2024,78,23/9/2024,22/9/2024,75,8.92,695.76,0,8,RECEIVED,16/9/2024 12:00
725,139,7,21,16/9/2024,60,23/9/2024,22/9/2024,58,27.81,1668.6,3,8,RECEIVED,16/9/2024 8:00
726,139,7,143,16/9/2024,58,23/9/2024,22/9/2024,58,9.68,561.44,3,8,RECEIVED,16/9/2024 10:00
727,139,7,44,16/9/2024,317,23/9/2024,22/9/2024,301,12.25,3883.25,2,8,RECEIVED,16/9/2024 11:00
728,139,7,76,16/9/2024,71,23/9/2024,22/9/2024,69,23.38,1659.98,3,8,RECEIVED,16/9/2024 13:00
729,140,8,142,17/9/2024,66,26/9/2024,28/9/2024,62,3.17,209.22,2,8,RECEIVED,17/9/2024 12:00
730,140,8,18,17/9/2024,42,26/9/2024,28/9/2024,40,4.97,208.74,0,8,RECEIVED,17/9/2024 15:00
731,140,8,1,17/9/2024,117,26/9/2024,28/9/2024,113,5.85,684.45,5,8,RECEIVED,17/9/2024 8:00
732,140,8,78,17/9/2024,27,26/9/2024,28/9/2024,27,23.99,647.73,2,8,RECEIVED,17/9/2024 17:00
733,140,8,121,17/9/2024,103,26/9/2024,28/9/2024,102,4.98,512.94,0,8,RECEIVED,17/9/2024 9:00
734,141,2,98,17/9/2024,152,1/10/2024,1/10/2024,138,19.65,2986.8,3,8,RECEIVED,17/9/2024 9:00
735,141,2,116,17/9/2024,77,1/10/2024,1/10/2024,72,4.32,332.64,0,8,RECEIVED,17/9/2024 11:00
736,141,2,59,17/9/2024,19,1/10/2024,1/10/2024,17,5.15,97.85,3,8,RECEIVED,17/9/2024 11:00
737,141,2,50,17/9/2024,96,1/10/2024,1/10/2024,93,2.22,213.12,0,8,RECEIVED,17/9/2024 9:00
738,141,2,62,17/9/2024,53,1/10/2024,1/10/2024,50,3.38,179.14,5,8,RECEIVED,17/9/2024 17:00
739,141,2,43,17/9/2024,21,1/10/2024,1/10/2024,21,33.69,707.49,0,8,RECEIVED,17/9/2024 12:00
740,141,2,75,17/9/2024,79,1/10/2024,1/10/2024,76,10.92,862.68,2,8,RECEIVED,17/9/2024 12:00
741,142,10,120,17/9/2024,76,25/9/2024,24/9/2024,69,11.43,868.68,0,8,RECEIVED,17/9/2024 17:00
742,142,10,82,17/9/2024,180,25/9/2024,24/9/2024,165,2.5,450,0,8,RECEIVED,17/9/2024 16:00
743,142,10,57,17/9/2024,130,25/9/2024,24/9/2024,120,25.27,3285.1,2,8,RECEIVED,17/9/2024 12:00
744,142,10,16,17/9/2024,66,25/9/2024,24/9/2024,60,6.61,436.26,5,8,RECEIVED,17/9/2024 12:00
745,142,10,132,17/9/2024,144,25/9/2024,24/9/2024,136,19.97,2875.68,0,8,RECEIVED,17/9/2024 8:00
746,142,10,110,17/9/2024,19,25/9/2024,24/9/2024,18,10.36,196.84,5,8,RECEIVED,17/9/2024 13:00
747,142,10,140,17/9/2024,35,25/9/2024,24/9/2024,34,21.7,759.5,2,8,RECEIVED,17/9/2024 15:00
748,142,10,85,17/9/2024,70,25/9/2024,24/9/2024,66,14.54,1017.8,0,8,RECEIVED,17/9/2024 16:00
749,143,2,119,23/9/2024,63,2/10/2024,1/10/2024,57,2.77,174.51,0,8,RECEIVED,23/9/2024 11:00
750,143,2,38,23/9/2024,42,2/10/2024,1/10/2024,40,14.34,602.28,5,8,RECEIVED,23/9/2024 11:00
751,143,2,77,23/9/2024,58,2/10/2024,1/10/2024,56,11.9,690.2,5,8,RECEIVED,23/9/2024 13:00
752,143,2,75,23/9/2024,82,2/10/2024,1/10/2024,74,11.55,947.1,5,8,RECEIVED,23/9/2024 11:00
753,143,2,144,23/9/2024,53,2/10/2024,1/10/2024,48,18.87,1000.11,3,8,RECEIVED,23/9/2024 11:00
754,143,2,41,23/9/2024,145,2/10/2024,1/10/2024,136,9.71,1407.95,5,8,RECEIVED,23/9/2024 12:00
755,144,1,9,23/9/2024,27,2/10/2024,1/10/2024,26,17.23,465.21,0,8,RECEIVED,23/9/2024 8:00
756,144,1,148,23/9/2024,286,2/10/2024,1/10/2024,261,1.7,486.2,2,8,RECEIVED,23/9/2024 17:00
757,144,1,70,23/9/2024,73,2/10/2024,1/10/2024,67,20.05,1463.65,0,8,RECEIVED,23/9/2024 10:00
758,144,1,138,23/9/2024,50,2/10/2024,1/10/2024,45,33.1,1655,0,8,RECEIVED,23/9/2024 15:00
759,144,1,130,23/9/2024,36,2/10/2024,1/10/2024,35,19.05,685.8,0,8,RECEIVED,23/9/2024 9:00
760,144,1,84,23/9/2024,83,2/10/2024,1/10/2024,80,16.47,1367.01,0,8,RECEIVED,23/9/2024 11:00
761,145,9,104,23/9/2024,70,26/9/2024,29/9/2024,65,5.71,399.7,0,8,RECEIVED,23/9/2024 13:00
762,145,9,63,23/9/2024,62,26/9/2024,29/9/2024,59,4.08,252.96,0,8,RECEIVED,23/9/2024 10:00
763,145,9,58,23/9/2024,32,26/9/2024,29/9/2024,31,12.84,410.88,2,8,RECEIVED,23/9/2024 10:00
764,145,9,17,23/9/2024,17,26/9/2024,29/9/2024,17,9.52,161.84,0,8,RECEIVED,23/9/2024 10:00
765,145,9,87,23/9/2024,31,26/9/2024,29/9/2024,30,1.2,37.2,0,8,RECEIVED,23/9/2024 14:00
766,145,9,24,23/9/2024,161,26/9/2024,29/9/2024,156,7.99,1286.39,5,8,RECEIVED,23/9/2024 12:00
767,145,9,65,23/9/2024,72,26/9/2024,29/9/2024,68,14.44,1039.68,3,8,RECEIVED,23/9/2024 8:00
768,145,9,88,23/9/2024,48,26/9/2024,29/9/2024,44,22.81,1094.88,0,8,RECEIVED,23/9/2024 12:00
769,146,2,137,24/9/2024,84,28/9/2024,1/10/2024,77,7.02,589.68,5,8,RECEIVED,24/9/2024 11:00
770,146,2,59,24/9/2024,50,28/9/2024,1/10/2024,45,5.16,258,0,8,RECEIVED,24/9/2024 15:00
771,146,2,50,24/9/2024,83,28/9/2024,1/10/2024,76,2.21,183.43,0,8,RECEIVED,24/9/2024 8:00
772,147,3,34,24/9/2024,301,27/9/2024,26/9/2024,272,8.39,2525.39,0,8,RECEIVED,24/9/2024 11:00
773,147,3,81,24/9/2024,153,27/9/2024,26/9/2024,147,19.14,2928.42,0,8,RECEIVED,24/9/2024 13:00
774,147,3,61,24/9/2024,49,27/9/2024,26/9/2024,48,11.32,554.68,0,8,RECEIVED,24/9/2024 11:00
775,147,3,80,24/9/2024,286,27/9/2024,26/9/2024,269,3.16,903.76,0,8,RECEIVED,24/9/2024 9:00
776,147,3,86,24/9/2024,75,27/9/2024,26/9/2024,72,2.58,193.5,2,8,RECEIVED,24/9/2024 10:00
777,148,2,116,30/9/2024,36,6/10/2024,7/10/2024,33,4.25,153,0,8,RECEIVED,30/9/2024 10:00
778,148,2,43,30/9/2024,17,6/10/2024,7/10/2024,17,32.9,559.3,0,8,RECEIVED,30/9/2024 13:00
779,148,2,98,30/9/2024,65,6/10/2024,7/10/2024,64,20.04,1302.6,5,8,RECEIVED,30/9/2024 17:00
780,148,2,77,30/9/2024,41,6/10/2024,7/10/2024,39,11.51,471.91,0,8,RECEIVED,30/9/2024 9:00
781,148,2,22,30/9/2024,53,6/10/2024,7/10/2024,52,4.08,216.24,0,8,RECEIVED,30/9/2024 17:00
782,148,2,59,30/9/2024,75,6/10/2024,7/10/2024,74,5.25,393.75,5,8,RECEIVED,30/9/2024 14:00
783,148,2,119,30/9/2024,51,6/10/2024,7/10/2024,47,2.76,140.76,0,8,RECEIVED,30/9/2024 17:00
784,149,5,26,1/10/2024,106,12/10/2024,14/10/2024,98,4.45,471.7,0,8,CLOSED,1/10/2024 14:00
785,149,5,72,1/10/2024,47,12/10/2024,14/10/2024,43,17.96,844.12,5,8,CLOSED,1/10/2024 9:00
786,149,5,133,1/10/2024,22,12/10/2024,14/10/2024,21,9.01,198.22,5,8,CLOSED,1/10/2024 15:00
787,149,5,122,1/10/2024,88,12/10/2024,14/10/2024,86,16.2,1425.6,2,8,CLOSED,1/10/2024 15:00
788,149,5,97,1/10/2024,118,12/10/2024,14/10/2024,108,3.1,365.8,0,8,CLOSED,1/10/2024 13:00
789,149,5,113,1/10/2024,50,12/10/2024,14/10/2024,47,8.54,427,5,8,CLOSED,1/10/2024 9:00
790,149,5,46,1/10/2024,139,12/10/2024,14/10/2024,138,18.7,2599.3,0,8,CLOSED,1/10/2024 12:00
791,150,9,115,1/10/2024,85,14/10/2024,13/10/2024,80,1.51,128.35,5,8,SENT,1/10/2024 13:00
792,150,9,88,1/10/2024,13,14/10/2024,13/10/2024,12,21.92,284.96,0,8,SENT,1/10/2024 15:00
793,150,9,87,1/10/2024,99,14/10/2024,13/10/2024,98,1.14,112.86,0,8,SENT,1/10/2024 10:00
794,150,9,131,1/10/2024,91,14/10/2024,13/10/2024,87,5.72,520.52,3,8,SENT,1/10/2024 11:00
795,150,9,28,1/10/2024,105,14/10/2024,13/10/2024,98,0.94,98.7,0,8,SENT,1/10/2024 16:00
796,151,4,93,1/10/2024,67,12/10/2024,14/10/2024,63,4.07,272.69,3,8,RECEIVED,1/10/2024 9:00
797,151,4,37,1/10/2024,29,12/10/2024,14/10/2024,28,24.94,723.26,3,8,RECEIVED,1/10/2024 12:00
798,151,4,106,1/10/2024,156,12/10/2024,14/10/2024,150,3.79,591.24,5,8,RECEIVED,1/10/2024 9:00
799,151,4,48,1/10/2024,68,12/10/2024,14/10/2024,67,15.13,1028.84,0,8,RECEIVED,1/10/2024 14:00
800,151,4,14,1/10/2024,65,12/10/2024,14/10/2024,60,16.63,1080.95,0,8,RECEIVED,1/10/2024 10:00
801,151,4,52,1/10/2024,147,12/10/2024,14/10/2024,134,14.67,2156.49,0,8,RECEIVED,1/10/2024 11:00
802,152,1,9,7/10/2024,17,16/10/2024,18/10/2024,15,18.23,309.91,3,8,RECEIVED,7/10/2024 13:00
803,152,1,54,7/10/2024,67,16/10/2024,18/10/2024,64,14.83,993.61,0,8,RECEIVED,7/10/2024 15:00
804,152,1,71,7/10/2024,71,16/10/2024,18/10/2024,67,19.19,1362.49,0,8,RECEIVED,7/10/2024 10:00
805,152,1,83,7/10/2024,60,16/10/2024,18/10/2024,56,14.63,877.8,0,8,RECEIVED,7/10/2024 8:00
806,152,1,74,7/10/2024,108,16/10/2024,18/10/2024,101,5.93,640.44,0,8,RECEIVED,7/10/2024 17:00
807,152,1,32,7/10/2024,40,16/10/2024,18/10/2024,39,18.45,738,0,8,RECEIVED,7/10/2024 10:00
808,152,1,73,7/10/2024,20,16/10/2024,18/10/2024,18,10.64,212.8,0,8,RECEIVED,7/10/2024 17:00
809,152,1,70,7/10/2024,100,16/10/2024,18/10/2024,94,19.5,1950,0,8,RECEIVED,7/10/2024 16:00
810,153,6,89,8/10/2024,78,12/10/2024,11/10/2024,77,14.59,1138.02,5,8,CLOSED,8/10/2024 16:00
811,153,6,139,8/10/2024,107,12/10/2024,11/10/2024,100,10.41,1113.87,2,8,CLOSED,8/10/2024 12:00
812,153,6,35,8/10/2024,88,12/10/2024,11/10/2024,85,14.34,1261.92,5,8,CLOSED,8/10/2024 15:00
813,153,6,126,8/10/2024,176,12/10/2024,11/10/2024,171,17.73,3120.48,0,8,CLOSED,8/10/2024 10:00
814,153,6,36,8/10/2024,132,12/10/2024,11/10/2024,126,16.03,2115.96,2,8,CLOSED,8/10/2024 17:00
815,153,6,39,8/10/2024,48,12/10/2024,11/10/2024,45,1.49,71.52,0,8,CLOSED,8/10/2024 17:00
816,153,6,20,8/10/2024,127,12/10/2024,11/10/2024,117,13.01,1652.27,0,8,CLOSED,8/10/2024 11:00
817,153,6,112,8/10/2024,25,12/10/2024,11/10/2024,23,16.54,413.5,5,8,CLOSED,8/10/2024 9:00
818,154,5,46,8/10/2024,135,21/10/2024,22/10/2024,127,18.09,2442.15,0,8,CLOSED,8/10/2024 13:00
819,154,5,97,8/10/2024,59,21/10/2024,22/10/2024,59,3.15,185.85,0,8,CLOSED,8/10/2024 11:00
820,154,5,69,8/10/2024,76,21/10/2024,22/10/2024,74,2.37,180.12,2,8,CLOSED,8/10/2024 12:00
821,154,5,113,8/10/2024,20,21/10/2024,22/10/2024,20,8.83,176.6,2,8,CLOSED,8/10/2024 14:00
822,154,5,105,8/10/2024,37,21/10/2024,22/10/2024,36,7.44,275.28,0,8,CLOSED,8/10/2024 11:00
823,154,5,26,8/10/2024,77,21/10/2024,22/10/2024,73,4.58,352.66,0,8,CLOSED,8/10/2024 9:00
824,155,5,133,8/10/2024,43,13/10/2024,16/10/2024,42,9,387,2,8,CLOSED,8/10/2024 8:00
825,155,5,72,8/10/2024,58,13/10/2024,16/10/2024,57,17.97,1042.26,3,8,CLOSED,8/10/2024 15:00
826,155,5,33,8/10/2024,35,13/10/2024,16/10/2024,32,10.84,379.4,0,8,CLOSED,8/10/2024 12:00
827,155,5,26,8/10/2024,126,13/10/2024,16/10/2024,124,4.41,555.66,5,8,CLOSED,8/10/2024 12:00
828,155,5,125,8/10/2024,73,13/10/2024,16/10/2024,67,6.02,439.46,5,8,CLOSED,8/10/2024 11:00
829,155,5,64,8/10/2024,11,13/10/2024,16/10/2024,10,31.84,350.24,0,8,CLOSED,8/10/2024 17:00
830,155,5,46,8/10/2024,133,13/10/2024,16/10/2024,127,19.14,2545.62,0,8,CLOSED,8/10/2024 15:00
831,156,5,69,8/10/2024,60,11/10/2024,12/10/2024,57,2.44,146.4,0,8,RECEIVED,8/10/2024 10:00
832,156,5,105,8/10/2024,26,11/10/2024,12/10/2024,24,7.31,190.06,0,8,RECEIVED,8/10/2024 8:00
833,156,5,113,8/10/2024,28,11/10/2024,12/10/2024,26,8.55,239.4,0,8,RECEIVED,8/10/2024 16:00
834,157,4,14,14/10/2024,23,27/10/2024,28/10/2024,21,15.55,357.65,2,8,RECEIVED,14/10/2024 14:00
835,157,4,6,14/10/2024,63,27/10/2024,28/10/2024,63,14.78,931.14,0,8,RECEIVED,14/10/2024 10:00
836,157,4,106,14/10/2024,169,27/10/2024,28/10/2024,156,3.57,603.33,3,8,RECEIVED,14/10/2024 17:00
837,157,4,48,14/10/2024,49,27/10/2024,28/10/2024,46,15.82,775.18,0,8,RECEIVED,14/10/2024 10:00
838,157,4,52,14/10/2024,350,27/10/2024,28/10/2024,316,14.98,5243,5,8,RECEIVED,14/10/2024 13:00
839,157,4,90,14/10/2024,32,27/10/2024,28/10/2024,31,12.81,409.92,3,8,RECEIVED,14/10/2024 16:00
840,157,4,68,14/10/2024,58,27/10/2024,28/10/2024,53,12.87,746.46,5,8,RECEIVED,14/10/2024 9:00
841,157,4,45,14/10/2024,130,27/10/2024,28/10/2024,119,1.15,149.5,5,8,RECEIVED,14/10/2024 11:00
842,158,2,41,14/10/2024,70,18/10/2024,17/10/2024,64,9.71,679.7,3,8,CLOSED,14/10/2024 17:00
843,158,2,22,14/10/2024,16,18/10/2024,17/10/2024,15,4.25,68,0,8,CLOSED,14/10/2024 9:00
844,158,2,114,14/10/2024,58,18/10/2024,17/10/2024,56,18.9,1096.2,0,8,CLOSED,14/10/2024 17:00
845,158,2,38,14/10/2024,46,18/10/2024,17/10/2024,44,13.29,611.34,5,8,CLOSED,14/10/2024 13:00
846,159,8,146,15/10/2024,239,23/10/2024,24/10/2024,217,8.72,2084.08,0,8,RECEIVED,15/10/2024 16:00
847,159,8,136,15/10/2024,65,23/10/2024,24/10/2024,63,5.79,376.35,0,8,RECEIVED,15/10/2024 16:00
848,159,8,99,15/10/2024,34,23/10/2024,24/10/2024,34,14.6,496.4,0,8,RECEIVED,15/10/2024 16:00
849,159,8,127,15/10/2024,75,23/10/2024,24/10/2024,70,12.94,970.5,2,8,RECEIVED,15/10/2024 9:00
850,160,4,52,15/10/2024,224,19/10/2024,20/10/2024,205,15.61,3496.64,5,8,RECEIVED,15/10/2024 12:00
851,160,4,106,15/10/2024,183,19/10/2024,20/10/2024,178,3.53,645.99,2,8,RECEIVED,15/10/2024 9:00
852,160,4,37,15/10/2024,24,19/10/2024,20/10/2024,22,24.75,594,0,8,RECEIVED,15/10/2024 15:00
853,160,4,90,15/10/2024,43,19/10/2024,20/10/2024,41,12.07,519.01,2,8,RECEIVED,15/10/2024 11:00
854,160,4,68,15/10/2024,23,19/10/2024,20/10/2024,23,13.53,311.19,5,8,RECEIVED,15/10/2024 13:00
855,161,4,68,15/10/2024,23,20/10/2024,22/10/2024,22,12.73,292.79,0,8,CLOSED,15/10/2024 17:00
856,161,4,6,15/10/2024,71,20/10/2024,22/10/2024,65,15.82,1123.22,5,8,CLOSED,15/10/2024 15:00
857,161,4,52,15/10/2024,148,20/10/2024,22/10/2024,145,15.61,2310.28,3,8,CLOSED,15/10/2024 12:00
858,161,4,106,15/10/2024,143,20/10/2024,22/10/2024,134,3.74,534.82,2,8,CLOSED,15/10/2024 15:00
859,161,4,45,15/10/2024,221,20/10/2024,22/10/2024,205,1.16,256.36,0,8,CLOSED,15/10/2024 9:00
860,161,4,48,15/10/2024,84,20/10/2024,22/10/2024,80,14.78,1241.52,0,8,CLOSED,15/10/2024 8:00
861,161,4,4,15/10/2024,32,20/10/2024,22/10/2024,31,17.88,572.16,2,8,CLOSED,15/10/2024 8:00
862,161,4,90,15/10/2024,37,20/10/2024,22/10/2024,35,12.55,464.35,0,8,CLOSED,15/10/2024 12:00
863,162,3,145,21/10/2024,104,1/11/2024,3/11/2024,99,0.98,101.92,3,8,CLOSED,21/10/2024 13:00
864,162,3,12,21/10/2024,84,1/11/2024,3/11/2024,80,4.96,416.64,0,8,CLOSED,21/10/2024 14:00
865,162,3,107,21/10/2024,35,1/11/2024,3/11/2024,33,11.01,385.35,2,8,CLOSED,21/10/2024 15:00
866,163,1,32,22/10/2024,59,29/10/2024,29/10/2024,57,18.84,1111.56,0,8,CLOSED,22/10/2024 17:00
867,163,1,74,22/10/2024,231,29/10/2024,29/10/2024,223,6.07,1402.17,3,8,CLOSED,22/10/2024 15:00
868,163,1,83,22/10/2024,40,29/10/2024,29/10/2024,38,14.15,566,0,8,CLOSED,22/10/2024 14:00
869,164,2,98,22/10/2024,37,25/10/2024,25/10/2024,36,20.08,742.96,2,8,RECEIVED,22/10/2024 9:00
870,164,2,77,22/10/2024,74,25/10/2024,25/10/2024,69,11.29,835.46,0,8,RECEIVED,22/10/2024 8:00
871,164,2,67,22/10/2024,52,25/10/2024,25/10/2024,48,15.39,800.28,0,8,RECEIVED,22/10/2024 17:00
872,164,2,75,22/10/2024,30,25/10/2024,25/10/2024,30,10.9,327,0,8,RECEIVED,22/10/2024 9:00
873,164,2,7,22/10/2024,176,25/10/2024,25/10/2024,161,18.91,3328.16,0,8,RECEIVED,22/10/2024 15:00
874,164,2,116,22/10/2024,74,25/10/2024,25/10/2024,71,4.39,324.86,0,8,RECEIVED,22/10/2024 8:00
875,164,2,129,22/10/2024,224,25/10/2024,25/10/2024,215,17.4,3897.6,2,8,RECEIVED,22/10/2024 17:00
876,165,9,17,28/10/2024,70,10/11/2024,11/11/2024,64,10.07,704.9,0,8,RECEIVED,28/10/2024 16:00
877,165,9,65,28/10/2024,42,10/11/2024,11/11/2024,39,13.2,554.4,3,8,RECEIVED,28/10/2024 14:00
878,165,9,131,28/10/2024,48,10/11/2024,11/11/2024,46,5.87,281.76,5,8,RECEIVED,28/10/2024 17:00
879,165,9,28,28/10/2024,90,10/11/2024,11/11/2024,86,0.88,79.2,3,8,RECEIVED,28/10/2024 16:00
880,165,9,58,28/10/2024,80,10/11/2024,11/11/2024,75,12.48,998.4,0,8,RECEIVED,28/10/2024 12:00
881,165,9,115,28/10/2024,84,10/11/2024,11/11/2024,82,1.44,120.96,3,8,RECEIVED,28/10/2024 13:00
882,165,9,55,28/10/2024,40,10/11/2024,11/11/2024,38,24.67,986.8,3,8,RECEIVED,28/10/2024 15:00
883,166,3,23,28/10/2024,100,10/11/2024,12/11/2024,91,13.4,1340,2,8,RECEIVED,28/10/2024 10:00
884,166,3,10,28/10/2024,50,10/11/2024,12/11/2024,46,12.66,633,0,8,RECEIVED,28/10/2024 14:00
885,166,3,107,28/10/2024,72,10/11/2024,12/11/2024,67,11.59,834.48,0,8,RECEIVED,28/10/2024 11:00
886,166,3,101,28/10/2024,125,10/11/2024,12/11/2024,116,14.1,1762.5,0,8,RECEIVED,28/10/2024 12:00
887,166,3,145,28/10/2024,107,10/11/2024,12/11/2024,103,0.97,103.79,0,8,RECEIVED,28/10/2024 10:00
888,166,3,86,28/10/2024,39,10/11/2024,12/11/2024,35,2.78,108.42,0,8,RECEIVED,28/10/2024 15:00
889,166,3,12,28/10/2024,77,10/11/2024,12/11/2024,74,4.72,363.44,5,8,RECEIVED,28/10/2024 8:00
890,167,2,41,29/10/2024,34,9/11/2024,9/11/2024,34,9.04,307.36,3,8,RECEIVED,29/10/2024 12:00
891,167,2,7,29/10/2024,78,9/11/2024,9/11/2024,77,18.66,1455.48,0,8,RECEIVED,29/10/2024 9:00
892,167,2,62,29/10/2024,121,9/11/2024,9/11/2024,120,3.36,406.56,0,8,RECEIVED,29/10/2024 11:00
893,167,2,129,29/10/2024,95,9/11/2024,9/11/2024,91,16.59,1576.05,0,8,RECEIVED,29/10/2024 16:00
894,167,2,75,29/10/2024,94,9/11/2024,9/11/2024,94,11.89,1117.66,0,8,RECEIVED,29/10/2024 15:00
895,168,7,21,29/10/2024,19,10/11/2024,12/11/2024,17,27.05,513.95,0,8,RECEIVED,29/10/2024 15:00
896,168,7,102,29/10/2024,93,10/11/2024,12/11/2024,86,2.1,195.3,2,8,RECEIVED,29/10/2024 16:00
897,168,7,44,29/10/2024,178,10/11/2024,12/11/2024,173,11.22,1997.16,3,8,RECEIVED,29/10/2024 14:00
898,168,7,76,29/10/2024,75,10/11/2024,12/11/2024,73,25.3,1897.5,0,8,RECEIVED,29/10/2024 13:00
899,169,1,138,29/10/2024,34,1/11/2024,31/10/2024,32,35.3,1200.2,0,8,RECEIVED,29/10/2024 9:00
900,169,1,54,29/10/2024,45,1/11/2024,31/10/2024,44,14.44,649.8,2,8,RECEIVED,29/10/2024 12:00
901,169,1,9,29/10/2024,38,1/11/2024,31/10/2024,35,18.27,694.26,0,8,RECEIVED,29/10/2024 12:00
902,169,1,83,29/10/2024,23,1/11/2024,31/10/2024,23,14.15,325.45,2,8,RECEIVED,29/10/2024 13:00
903,169,1,79,29/10/2024,202,1/11/2024,31/10/2024,198,5.63,1137.26,0,8,RECEIVED,29/10/2024 15:00
904,170,1,148,4/11/2024,196,9/11/2024,10/11/2024,191,1.69,331.24,3,8,SENT,4/11/2024 13:00
905,170,1,138,4/11/2024,39,9/11/2024,10/11/2024,39,34.41,1341.99,0,8,SENT,4/11/2024 10:00
906,170,1,70,4/11/2024,264,9/11/2024,10/11/2024,259,19.65,5187.6,5,8,SENT,4/11/2024 10:00
907,170,1,84,4/11/2024,20,9/11/2024,10/11/2024,19,16.12,322.4,5,8,SENT,4/11/2024 12:00
908,170,1,71,4/11/2024,55,9/11/2024,10/11/2024,50,19.2,1056,0,8,SENT,4/11/2024 10:00
909,170,1,30,4/11/2024,51,9/11/2024,10/11/2024,48,7.87,401.37,5,8,SENT,4/11/2024 10:00
910,171,7,102,5/11/2024,46,10/11/2024,13/11/2024,43,2.01,92.46,2,8,RECEIVED,5/11/2024 17:00
911,171,7,143,5/11/2024,43,10/11/2024,13/11/2024,39,8.81,378.83,3,8,RECEIVED,5/11/2024 17:00
912,171,7,44,5/11/2024,262,10/11/2024,13/11/2024,242,11.19,2931.78,2,8,RECEIVED,5/11/2024 11:00
913,171,7,51,5/11/2024,53,10/11/2024,13/11/2024,51,13.71,726.63,2,8,RECEIVED,5/11/2024 17:00
914,171,7,53,5/11/2024,209,10/11/2024,13/11/2024,201,8.72,1822.48,0,8,RECEIVED,5/11/2024 10:00
915,171,7,76,5/11/2024,30,10/11/2024,13/11/2024,27,24.24,727.2,2,8,RECEIVED,5/11/2024 15:00
916,171,7,19,5/11/2024,52,10/11/2024,13/11/2024,48,6.38,331.76,0,8,RECEIVED,5/11/2024 12:00
917,171,7,21,5/11/2024,57,10/11/2024,13/11/2024,54,26.82,1528.74,0,8,RECEIVED,5/11/2024 17:00
918,172,2,50,5/11/2024,99,10/11/2024,9/11/2024,94,2.12,209.88,3,8,RECEIVED,5/11/2024 15:00
919,172,2,114,5/11/2024,30,10/11/2024,9/11/2024,27,17.75,532.5,0,8,RECEIVED,5/11/2024 14:00
920,172,2,43,5/11/2024,53,10/11/2024,9/11/2024,49,32.66,1730.98,2,8,RECEIVED,5/11/2024 17:00
921,172,2,137,5/11/2024,52,10/11/2024,9/11/2024,47,6.88,357.76,0,8,RECEIVED,5/11/2024 13:00
922,172,2,98,5/11/2024,171,10/11/2024,9/11/2024,158,20.64,3529.44,3,8,RECEIVED,5/11/2024 17:00
923,173,6,15,11/11/2024,53,23/11/2024,25/11/2024,53,16.46,872.38,3,8,RECEIVED,11/11/2024 10:00
924,173,6,39,11/11/2024,53,23/11/2024,25/11/2024,49,1.55,82.15,0,8,RECEIVED,11/11/2024 15:00
925,173,6,112,11/11/2024,53,23/11/2024,25/11/2024,48,16.32,864.96,2,8,RECEIVED,11/11/2024 10:00
926,174,2,11,12/11/2024,87,20/11/2024,22/11/2024,83,9.09,790.83,0,8,RECEIVED,12/11/2024 13:00
927,174,2,41,12/11/2024,145,20/11/2024,22/11/2024,142,9.1,1319.5,5,8,RECEIVED,12/11/2024 15:00
928,174,2,119,12/11/2024,26,20/11/2024,22/11/2024,24,2.66,69.16,0,8,RECEIVED,12/11/2024 8:00
929,174,2,62,12/11/2024,140,20/11/2024,22/11/2024,130,3.36,470.4,2,8,RECEIVED,12/11/2024 9:00
930,174,2,77,12/11/2024,83,20/11/2024,22/11/2024,75,11.29,937.07,5,8,RECEIVED,12/11/2024 16:00
931,175,1,30,18/11/2024,85,22/11/2024,22/11/2024,83,7.91,672.35,5,8,RECEIVED,18/11/2024 17:00
932,175,1,138,18/11/2024,23,22/11/2024,22/11/2024,22,35.34,812.82,3,8,RECEIVED,18/11/2024 17:00
933,175,1,84,18/11/2024,43,22/11/2024,22/11/2024,40,15.59,670.37,2,8,RECEIVED,18/11/2024 9:00
934,175,1,32,18/11/2024,62,22/11/2024,22/11/2024,56,19.2,1190.4,5,8,RECEIVED,18/11/2024 9:00
935,175,1,148,18/11/2024,188,22/11/2024,22/11/2024,176,1.74,327.12,0,8,RECEIVED,18/11/2024 13:00
936,175,1,70,18/11/2024,111,22/11/2024,22/11/2024,100,19.68,2184.48,5,8,RECEIVED,18/11/2024 15:00
937,176,9,88,18/11/2024,18,1/12/2024,4/12/2024,17,21.78,392.04,5,8,CLOSED,18/11/2024 12:00
938,176,9,104,18/11/2024,171,1/12/2024,4/12/2024,168,5.71,976.41,3,8,CLOSED,18/11/2024 17:00
939,176,9,8,18/11/2024,63,1/12/2024,4/12/2024,57,8.04,506.52,0,8,CLOSED,18/11/2024 14:00
940,176,9,58,18/11/2024,31,1/12/2024,4/12/2024,28,12.3,381.3,2,8,CLOSED,18/11/2024 14:00
941,176,9,115,18/11/2024,56,1/12/2024,4/12/2024,54,1.52,85.12,0,8,CLOSED,18/11/2024 9:00
942,177,2,67,19/11/2024,40,30/11/2024,30/11/2024,37,15.97,638.8,0,8,CLOSED,19/11/2024 14:00
943,177,2,41,19/11/2024,114,30/11/2024,30/11/2024,110,9.37,1068.18,2,8,CLOSED,19/11/2024 9:00
944,177,2,77,19/11/2024,25,30/11/2024,30/11/2024,24,11.99,299.75,5,8,CLOSED,19/11/2024 11:00
945,177,2,38,19/11/2024,39,30/11/2024,30/11/2024,39,13.74,535.86,5,8,CLOSED,19/11/2024 16:00
946,177,2,114,19/11/2024,30,30/11/2024,30/11/2024,28,18.31,549.3,2,8,CLOSED,19/11/2024 12:00
947,177,2,43,19/11/2024,19,30/11/2024,30/11/2024,19,33.65,639.35,0,8,CLOSED,19/11/2024 11:00
948,178,1,79,25/11/2024,90,6/12/2024,5/12/2024,82,5.74,516.6,5,8,SENT,25/11/2024 17:00
949,178,1,9,25/11/2024,31,6/12/2024,5/12/2024,28,17.44,540.64,3,8,SENT,25/11/2024 9:00
950,178,1,74,25/11/2024,235,6/12/2024,5/12/2024,222,5.67,1332.45,5,8,SENT,25/11/2024 15:00
951,178,1,30,25/11/2024,42,6/12/2024,5/12/2024,41,8.08,339.36,2,8,SENT,25/11/2024 8:00
952,178,1,138,25/11/2024,15,6/12/2024,5/12/2024,15,33.47,502.05,5,8,SENT,25/11/2024 12:00
953,179,2,116,26/11/2024,75,2/12/2024,2/12/2024,72,4.01,300.75,0,8,RECEIVED,26/11/2024 8:00
954,179,2,144,26/11/2024,59,2/12/2024,2/12/2024,57,19.73,1164.07,2,8,RECEIVED,26/11/2024 17:00
955,179,2,62,26/11/2024,144,2/12/2024,2/12/2024,134,3.39,488.16,3,8,RECEIVED,26/11/2024 13:00
956,179,2,75,26/11/2024,70,2/12/2024,2/12/2024,69,10.93,765.1,0,8,RECEIVED,26/11/2024 8:00
957,179,2,137,26/11/2024,44,2/12/2024,2/12/2024,40,6.51,286.44,0,8,RECEIVED,26/11/2024 8:00
958,179,2,114,26/11/2024,46,2/12/2024,2/12/2024,44,17.78,817.88,0,8,RECEIVED,26/11/2024 14:00
959,179,2,98,26/11/2024,158,2/12/2024,2/12/2024,152,20.41,3224.78,0,8,RECEIVED,26/11/2024 9:00
960,179,2,22,26/11/2024,34,2/12/2024,2/12/2024,33,3.94,133.96,2,8,RECEIVED,26/11/2024 8:00
961,180,4,68,26/11/2024,65,6/12/2024,9/12/2024,59,12.48,811.2,5,8,RECEIVED,26/11/2024 14:00
962,180,4,106,26/11/2024,133,6/12/2024,9/12/2024,131,3.77,501.41,3,8,RECEIVED,26/11/2024 16:00
963,180,4,93,26/11/2024,57,6/12/2024,9/12/2024,52,4.04,230.28,3,8,RECEIVED,26/11/2024 17:00
964,180,4,4,26/11/2024,98,6/12/2024,9/12/2024,97,18.01,1764.98,2,8,RECEIVED,26/11/2024 11:00
965,181,6,15,26/11/2024,131,6/12/2024,5/12/2024,118,16.01,2097.31,0,8,CLOSED,26/11/2024 15:00
966,181,6,91,26/11/2024,59,6/12/2024,5/12/2024,56,15.97,942.23,3,8,CLOSED,26/11/2024 13:00
967,181,6,89,26/11/2024,97,6/12/2024,5/12/2024,96,15.44,1497.68,2,8,CLOSED,26/11/2024 10:00
968,181,6,20,26/11/2024,164,6/12/2024,5/12/2024,152,13.25,2173,2,8,CLOSED,26/11/2024 13:00
969,181,6,35,26/11/2024,75,6/12/2024,5/12/2024,73,14.4,1080,3,8,CLOSED,26/11/2024 11:00
970,181,6,112,26/11/2024,92,6/12/2024,5/12/2024,89,15.32,1409.44,2,8,CLOSED,26/11/2024 10:00
971,181,6,36,26/11/2024,60,6/12/2024,5/12/2024,55,16.51,990.6,0,8,CLOSED,26/11/2024 14:00
972,182,5,64,26/11/2024,42,4/12/2024,5/12/2024,38,31.15,1308.3,2,8,RECEIVED,26/11/2024 9:00
973,182,5,46,26/11/2024,180,4/12/2024,5/12/2024,166,19.14,3445.2,2,8,RECEIVED,26/11/2024 12:00
974,182,5,125,26/11/2024,63,4/12/2024,5/12/2024,62,5.94,374.22,3,8,RECEIVED,26/11/2024 12:00
975,182,5,105,26/11/2024,39,4/12/2024,5/12/2024,38,7.65,298.35,3,8,RECEIVED,26/11/2024 9:00
976,182,5,26,26/11/2024,138,4/12/2024,5/12/2024,125,4.62,637.56,2,8,RECEIVED,26/11/2024 9:00
977,182,5,113,26/11/2024,16,4/12/2024,5/12/2024,16,8.52,136.32,0,8,RECEIVED,26/11/2024 16:00
978,183,8,78,2/12/2024,79,8/12/2024,9/12/2024,75,24.54,1938.66,0,8,RECEIVED,2/12/2024 13:00
979,183,8,128,2/12/2024,84,8/12/2024,9/12/2024,82,8.21,689.64,0,8,RECEIVED,2/12/2024 15:00
980,183,8,18,2/12/2024,56,8/12/2024,9/12/2024,55,4.75,266,2,8,RECEIVED,2/12/2024 13:00
981,184,2,22,2/12/2024,19,10/12/2024,10/12/2024,19,4.04,76.76,2,8,RECEIVED,2/12/2024 15:00
982,184,2,62,2/12/2024,112,10/12/2024,10/12/2024,111,3.27,366.24,0,8,RECEIVED,2/12/2024 16:00
983,184,2,77,2/12/2024,28,10/12/2024,10/12/2024,25,11.24,314.72,0,8,RECEIVED,2/12/2024 14:00
984,184,2,114,2/12/2024,27,10/12/2024,10/12/2024,25,17.58,474.66,5,8,RECEIVED,2/12/2024 10:00
985,185,5,122,2/12/2024,53,13/12/2024,14/12/2024,52,16.69,884.57,0,8,CLOSED,2/12/2024 8:00
986,185,5,125,2/12/2024,55,13/12/2024,14/12/2024,54,5.84,321.2,0,8,CLOSED,2/12/2024 14:00
987,185,5,133,2/12/2024,77,13/12/2024,14/12/2024,74,9.55,735.35,3,8,CLOSED,2/12/2024 17:00
988,186,3,80,3/12/2024,93,11/12/2024,13/12/2024,88,3.2,297.6,0,8,RECEIVED,3/12/2024 10:00
989,186,3,107,3/12/2024,22,11/12/2024,13/12/2024,20,11.55,254.1,3,8,RECEIVED,3/12/2024 12:00
990,186,3,81,3/12/2024,141,11/12/2024,13/12/2024,139,19.1,2693.1,2,8,RECEIVED,3/12/2024 16:00
991,186,3,34,3/12/2024,99,11/12/2024,13/12/2024,96,8.67,858.33,0,8,RECEIVED,3/12/2024 16:00
992,186,3,61,3/12/2024,65,11/12/2024,13/12/2024,59,11.82,768.3,0,8,RECEIVED,3/12/2024 15:00
993,186,3,12,3/12/2024,53,11/12/2024,13/12/2024,51,4.51,239.03,0,8,RECEIVED,3/12/2024 11:00
994,186,3,10,3/12/2024,94,11/12/2024,13/12/2024,90,12.92,1214.48,5,8,RECEIVED,3/12/2024 16:00
995,186,3,101,3/12/2024,79,11/12/2024,13/12/2024,74,14.1,1113.9,5,8,RECEIVED,3/12/2024 17:00
996,187,3,81,3/12/2024,84,13/12/2024,12/12/2024,76,19.33,1623.72,0,8,RECEIVED,3/12/2024 15:00
997,187,3,101,3/12/2024,74,13/12/2024,12/12/2024,70,14.22,1052.28,3,8,RECEIVED,3/12/2024 14:00
998,187,3,34,3/12/2024,255,13/12/2024,12/12/2024,244,8.61,2195.55,0,8,RECEIVED,3/12/2024 17:00
999,187,3,12,3/12/2024,78,13/12/2024,12/12/2024,75,4.99,389.22,5,8,RECEIVED,3/12/2024 15:00
1000,187,3,80,3/12/2024,302,13/12/2024,12/12/2024,301,3.37,1017.74,0,8,RECEIVED,3/12/2024 16:00
1001,187,3,107,3/12/2024,36,13/12/2024,12/12/2024,34,11.17,402.12,5,8,RECEIVED,3/12/2024 16:00
1002,187,3,145,3/12/2024,87,13/12/2024,12/12/2024,79,0.95,82.65,2,8,RECEIVED,3/12/2024 8:00
1003,187,3,23,3/12/2024,40,13/12/2024,12/12/2024,40,13.63,545.2,0,8,RECEIVED,3/12/2024 17:00
1004,188,7,21,9/12/2024,33,16/12/2024,15/12/2024,31,27.31,901.23,0,8,SENT,9/12/2024 12:00
1005,188,7,44,9/12/2024,159,16/12/2024,15/12/2024,158,11.65,1852.35,0,8,SENT,9/12/2024 10:00
1006,188,7,53,9/12/2024,266,16/12/2024,15/12/2024,244,8.97,2386.02,0,8,SENT,9/12/2024 12:00
1007,189,2,119,9/12/2024,68,19/12/2024,22/12/2024,64,2.84,193.12,3,8,RECEIVED,9/12/2024 10:00
1008,189,2,7,9/12/2024,105,19/12/2024,22/12/2024,100,18.77,1970.85,2,8,RECEIVED,9/12/2024 15:00
1009,189,2,38,9/12/2024,39,19/12/2024,22/12/2024,38,13.46,524.94,3,8,RECEIVED,9/12/2024 17:00
1010,189,2,77,9/12/2024,72,19/12/2024,22/12/2024,68,11.91,857.52,0,8,RECEIVED,9/12/2024 16:00
1011,189,2,11,9/12/2024,31,19/12/2024,22/12/2024,31,9.51,294.81,5,8,RECEIVED,9/12/2024 12:00
1012,189,2,114,9/12/2024,31,19/12/2024,22/12/2024,31,18.81,583.11,3,8,RECEIVED,9/12/2024 12:00
1013,189,2,137,9/12/2024,91,19/12/2024,22/12/2024,88,6.94,631.54,0,8,RECEIVED,9/12/2024 11:00
1014,189,2,50,9/12/2024,99,19/12/2024,22/12/2024,94,2.23,220.77,3,8,RECEIVED,9/12/2024 16:00
1015,190,4,90,9/12/2024,56,15/12/2024,15/12/2024,52,12.21,683.76,0,8,SENT,9/12/2024 15:00
1016,190,4,4,9/12/2024,22,15/12/2024,15/12/2024,20,17.03,374.66,0,8,SENT,9/12/2024 14:00
1017,190,4,6,9/12/2024,23,15/12/2024,15/12/2024,22,15.85,364.55,0,8,SENT,9/12/2024 14:00
1018,190,4,14,9/12/2024,85,15/12/2024,15/12/2024,84,15.25,1296.25,0,8,SENT,9/12/2024 16:00
1019,190,4,93,9/12/2024,41,15/12/2024,15/12/2024,38,3.99,163.59,0,8,SENT,9/12/2024 12:00
1020,190,4,68,9/12/2024,26,15/12/2024,15/12/2024,26,12.68,329.68,2,8,SENT,9/12/2024 10:00
1021,191,8,78,10/12/2024,56,19/12/2024,18/12/2024,52,24.7,1383.2,0,8,RECEIVED,10/12/2024 8:00
1022,191,8,1,10/12/2024,71,19/12/2024,18/12/2024,66,5.64,400.44,0,8,RECEIVED,10/12/2024 15:00
1023,191,8,136,10/12/2024,111,19/12/2024,18/12/2024,108,5.47,607.17,0,8,RECEIVED,10/12/2024 12:00
1024,191,8,142,10/12/2024,43,19/12/2024,18/12/2024,40,3.13,134.59,0,8,RECEIVED,10/12/2024 15:00
1025,191,8,99,10/12/2024,38,19/12/2024,18/12/2024,36,14.81,562.78,0,8,RECEIVED,10/12/2024 12:00
1026,192,1,83,16/12/2024,23,28/12/2024,30/12/2024,23,14.13,324.99,3,8,CLOSED,16/12/2024 10:00
1027,192,1,30,16/12/2024,51,28/12/2024,30/12/2024,49,7.8,397.8,3,8,CLOSED,16/12/2024 15:00
1028,192,1,49,16/12/2024,76,28/12/2024,30/12/2024,68,4.54,345.04,3,8,CLOSED,16/12/2024 12:00
1029,192,1,74,16/12/2024,115,28/12/2024,30/12/2024,104,6.22,715.3,2,8,CLOSED,16/12/2024 12:00
1030,192,1,148,16/12/2024,259,28/12/2024,30/12/2024,240,1.7,440.3,0,8,CLOSED,16/12/2024 11:00
1031,192,1,32,16/12/2024,94,28/12/2024,30/12/2024,93,18.45,1734.3,0,8,CLOSED,16/12/2024 16:00
1032,192,1,54,16/12/2024,23,28/12/2024,30/12/2024,21,14.45,332.35,0,8,CLOSED,16/12/2024 10:00
1033,193,6,91,17/12/2024,56,25/12/2024,26/12/2024,52,15.9,890.4,3,8,CLOSED,17/12/2024 13:00
1034,193,6,36,17/12/2024,37,25/12/2024,26/12/2024,37,15.74,582.38,0,8,CLOSED,17/12/2024 17:00
1035,193,6,112,17/12/2024,141,25/12/2024,26/12/2024,127,15.2,2143.2,0,8,CLOSED,17/12/2024 14:00
1036,193,6,89,17/12/2024,91,25/12/2024,26/12/2024,90,15.42,1403.22,2,8,CLOSED,17/12/2024 16:00
1037,193,6,95,17/12/2024,47,25/12/2024,26/12/2024,46,3.82,179.54,0,8,CLOSED,17/12/2024 16:00
1038,194,8,121,23/12/2024,44,6/1/2025,5/1/2025,42,4.92,216.48,0,8,RECEIVED,23/12/2024 12:00
1039,194,8,128,23/12/2024,136,6/1/2025,5/1/2025,135,8.41,1143.76,0,8,RECEIVED,23/12/2024 17:00
1040,194,8,18,23/12/2024,74,6/1/2025,5/1/2025,69,5.11,378.14,0,8,RECEIVED,23/12/2024 15:00
1041,194,8,117,23/12/2024,66,6/1/2025,5/1/2025,60,12.22,806.52,5,8,RECEIVED,23/12/2024 17:00
1042,194,8,118,23/12/2024,65,6/1/2025,5/1/2025,59,6.76,439.4,5,8,RECEIVED,23/12/2024 14:00
1043,194,8,142,23/12/2024,51,6/1/2025,5/1/2025,50,3.13,159.63,2,8,RECEIVED,23/12/2024 10:00
1044,194,8,127,23/12/2024,85,6/1/2025,5/1/2025,78,13.14,1116.9,5,8,RECEIVED,23/12/2024 17:00
1045,194,8,136,23/12/2024,119,6/1/2025,5/1/2025,109,5.58,664.02,5,8,RECEIVED,23/12/2024 9:00
1046,195,4,37,23/12/2024,23,6/1/2025,9/1/2025,23,23.28,535.44,2,8,SENT,23/12/2024 8:00
1047,195,4,90,23/12/2024,56,6/1/2025,9/1/2025,53,12.25,686,2,8,SENT,23/12/2024 12:00
1048,195,4,45,23/12/2024,103,6/1/2025,9/1/2025,102,1.15,118.45,2,8,SENT,23/12/2024 15:00
1049,195,4,106,23/12/2024,107,6/1/2025,9/1/2025,106,3.69,394.83,0,8,SENT,23/12/2024 11:00
1050,195,4,52,23/12/2024,79,6/1/2025,9/1/2025,75,14.87,1174.73,2,8,SENT,23/12/2024 16:00
1051,195,4,48,23/12/2024,134,6/1/2025,9/1/2025,123,14.91,1997.94,2,8,SENT,23/12/2024 11:00
1052,195,4,4,23/12/2024,62,6/1/2025,9/1/2025,56,16.59,1028.58,3,8,SENT,23/12/2024 8:00
1053,196,5,125,23/12/2024,100,29/12/2024,29/12/2024,96,5.51,551,2,8,RECEIVED,23/12/2024 8:00
1054,196,5,72,23/12/2024,95,29/12/2024,29/12/2024,93,19.13,1817.35,0,8,RECEIVED,23/12/2024 11:00
1055,196,5,33,23/12/2024,19,29/12/2024,29/12/2024,18,11.93,226.67,0,8,RECEIVED,23/12/2024 13:00
1056,196,5,46,23/12/2024,140,29/12/2024,29/12/2024,137,19.86,2780.4,3,8,RECEIVED,23/12/2024 17:00
1057,197,9,104,24/12/2024,168,28/12/2024,27/12/2024,166,5.68,954.24,0,8,RECEIVED,24/12/2024 8:00
1058,197,9,65,24/12/2024,71,28/12/2024,27/12/2024,64,13.98,992.58,2,8,RECEIVED,24/12/2024 9:00
1059,197,9,88,24/12/2024,16,28/12/2024,27/12/2024,15,22.95,367.2,0,8,RECEIVED,24/12/2024 14:00
1060,198,9,131,30/12/2024,23,9/1/2025,11/1/2025,21,5.58,128.34,0,8,SENT,30/12/2024 17:00
1061,198,9,63,30/12/2024,69,9/1/2025,11/1/2025,65,3.76,259.44,0,8,SENT,30/12/2024 17:00
1062,198,9,28,30/12/2024,80,9/1/2025,11/1/2025,72,0.91,72.8,0,8,SENT,30/12/2024 17:00
1063,198,9,88,30/12/2024,18,9/1/2025,11/1/2025,17,23.12,416.16,0,8,SENT,30/12/2024 13:00
1064,198,9,8,30/12/2024,68,9/1/2025,11/1/2025,65,8.22,558.96,3,8,SENT,30/12/2024 15:00
1065,198,9,65,30/12/2024,38,9/1/2025,11/1/2025,35,13.47,511.86,0,8,SENT,30/12/2024 8:00
1066,198,9,104,30/12/2024,101,9/1/2025,11/1/2025,98,5.47,552.47,2,8,SENT,30/12/2024 16:00
1067,199,5,64,31/12/2024,33,10/1/2025,11/1/2025,32,34.1,1125.3,3,8,SENT,31/12/2024 17:00
1068,199,5,113,31/12/2024,52,10/1/2025,11/1/2025,50,8.58,446.16,0,8,SENT,31/12/2024 11:00
1069,199,5,105,31/12/2024,84,10/1/2025,11/1/2025,81,7.61,639.24,3,8,SENT,31/12/2024 8:00
1070,199,5,40,31/12/2024,98,10/1/2025,11/1/2025,94,1.76,172.48,0,8,SENT,31/12/2024 11:00
1071,199,5,125,31/12/2024,120,10/1/2025,11/1/2025,113,5.53,663.6,0,8,SENT,31/12/2024 15:00
1072,200,6,126,31/12/2024,134,5/1/2025,4/1/2025,133,17.57,2354.38,5,8,CLOSED,31/12/2024 11:00
1073,200,6,89,31/12/2024,79,5/1/2025,4/1/2025,76,14.72,1162.88,5,8,CLOSED,31/12/2024 13:00
1074,200,6,139,31/12/2024,155,5/1/2025,4/1/2025,151,9.9,1534.5,0,8,CLOSED,31/12/2024 8:00
1075,200,6,39,31/12/2024,66,5/1/2025,4/1/2025,59,1.53,100.98,3,8,CLOSED,31/12/2024 9:00
1076,200,6,36,31/12/2024,56,5/1/2025,4/1/2025,52,15.84,887.04,3,8,CLOSED,31/12/2024 13:00
1077,200,6,35,31/12/2024,20,5/1/2025,4/1/2025,20,13.5,270,0,8,CLOSED,31/12/2024 10:00
1078,201,2,43,31/12/2024,53,3/1/2025,3/1/2025,48,33.55,1778.15,0,8,RECEIVED,31/12/2024 13:00
1079,201,2,75,31/12/2024,46,3/1/2025,3/1/2025,43,11.1,510.6,0,8,RECEIVED,31/12/2024 10:00
1080,201,2,59,31/12/2024,82,3/1/2025,3/1/2025,82,5.64,462.48,2,8,RECEIVED,31/12/2024 9:00
1081,201,2,144,31/12/2024,52,3/1/2025,3/1/2025,48,20.65,1073.8,0,8,RECEIVED,31/12/2024 11:00
1082,201,2,38,31/12/2024,88,3/1/2025,3/1/2025,83,13.53,1190.64,3,8,RECEIVED,31/12/2024 14:00
1083,202,5,26,6/1/2025,36,17/1/2025,18/1/2025,35,4.32,155.52,0,8,RECEIVED,6/1/2025 16:00
1084,202,5,113,6/1/2025,73,17/1/2025,18/1/2025,72,8.18,597.14,0,8,RECEIVED,6/1/2025 15:00
1085,202,5,125,6/1/2025,104,17/1/2025,18/1/2025,100,5.59,581.36,2,8,RECEIVED,6/1/2025 16:00
1086,202,5,46,6/1/2025,135,17/1/2025,18/1/2025,128,18.95,2558.25,0,8,RECEIVED,6/1/2025 13:00
1087,203,1,84,6/1/2025,45,19/1/2025,22/1/2025,43,15.85,713.25,0,8,RECEIVED,6/1/2025 12:00
1088,203,1,73,6/1/2025,57,19/1/2025,22/1/2025,56,11.23,640.11,0,8,RECEIVED,6/1/2025 12:00
1089,203,1,138,6/1/2025,70,19/1/2025,22/1/2025,64,34.6,2422,0,8,RECEIVED,6/1/2025 15:00
1090,203,1,54,6/1/2025,60,19/1/2025,22/1/2025,55,13.93,835.8,3,8,RECEIVED,6/1/2025 17:00
1091,203,1,79,6/1/2025,126,19/1/2025,22/1/2025,119,5.74,723.24,2,8,RECEIVED,6/1/2025 13:00
1092,203,1,71,6/1/2025,78,19/1/2025,22/1/2025,73,18.84,1469.52,0,8,RECEIVED,6/1/2025 15:00
1093,204,2,22,7/1/2025,30,20/1/2025,19/1/2025,27,3.89,116.7,0,8,RECEIVED,7/1/2025 13:00
1094,204,2,77,7/1/2025,45,20/1/2025,19/1/2025,44,11.16,502.2,5,8,RECEIVED,7/1/2025 12:00
1095,204,2,144,7/1/2025,54,20/1/2025,19/1/2025,52,20.8,1123.2,5,8,RECEIVED,7/1/2025 16:00
1096,204,2,67,7/1/2025,40,20/1/2025,19/1/2025,36,15.49,619.6,0,8,RECEIVED,7/1/2025 14:00
1097,204,2,114,7/1/2025,71,20/1/2025,19/1/2025,70,18.91,1342.61,0,8,RECEIVED,7/1/2025 15:00
1098,204,2,62,7/1/2025,58,20/1/2025,19/1/2025,57,3.2,185.6,5,8,RECEIVED,7/1/2025 11:00
1099,204,2,116,7/1/2025,80,20/1/2025,19/1/2025,74,4.26,340.8,3,8,RECEIVED,7/1/2025 15:00
1100,204,2,98,7/1/2025,122,20/1/2025,19/1/2025,120,19.51,2380.22,0,8,RECEIVED,7/1/2025 13:00
1101,205,7,102,13/1/2025,93,18/1/2025,21/1/2025,91,2.15,199.95,0,8,RECEIVED,13/1/2025 11:00
1102,205,7,21,13/1/2025,56,18/1/2025,21/1/2025,53,28.55,1598.8,5,8,RECEIVED,13/1/2025 16:00
1103,205,7,51,13/1/2025,58,18/1/2025,21/1/2025,54,13.5,783,0,8,RECEIVED,13/1/2025 10:00
1104,205,7,76,13/1/2025,34,18/1/2025,21/1/2025,34,25.38,862.92,3,8,RECEIVED,13/1/2025 17:00
1105,205,7,19,13/1/2025,146,18/1/2025,21/1/2025,140,6.82,995.72,2,8,RECEIVED,13/1/2025 11:00
1106,205,7,143,13/1/2025,65,18/1/2025,21/1/2025,59,9.14,594.1,2,8,RECEIVED,13/1/2025 9:00
1107,206,2,67,13/1/2025,33,18/1/2025,17/1/2025,30,15.33,505.89,2,8,SENT,13/1/2025 12:00
1108,206,2,22,13/1/2025,41,18/1/2025,17/1/2025,39,3.97,162.77,5,8,SENT,13/1/2025 16:00
1109,206,2,43,13/1/2025,22,18/1/2025,17/1/2025,20,32.89,723.58,0,8,SENT,13/1/2025 16:00
1110,206,2,38,13/1/2025,21,18/1/2025,17/1/2025,19,13.25,278.25,2,8,SENT,13/1/2025 14:00
1111,206,2,75,13/1/2025,40,18/1/2025,17/1/2025,37,11.96,478.4,0,8,SENT,13/1/2025 16:00
1112,206,2,62,13/1/2025,127,18/1/2025,17/1/2025,117,3.28,416.56,0,8,SENT,13/1/2025 14:00
1113,207,5,40,14/1/2025,55,28/1/2025,30/1/2025,52,1.82,100.1,0,8,RECEIVED,14/1/2025 11:00
1114,207,5,46,14/1/2025,41,28/1/2025,30/1/2025,41,18.92,775.72,2,8,RECEIVED,14/1/2025 17:00
1115,207,5,64,14/1/2025,39,28/1/2025,30/1/2025,37,33.91,1322.49,2,8,RECEIVED,14/1/2025 15:00
1116,207,5,72,14/1/2025,79,28/1/2025,30/1/2025,76,18.76,1482.04,0,8,RECEIVED,14/1/2025 15:00
1117,208,2,67,20/1/2025,25,29/1/2025,31/1/2025,23,16.51,412.75,0,8,CLOSED,20/1/2025 10:00
1118,208,2,98,20/1/2025,65,29/1/2025,31/1/2025,64,19.9,1293.5,5,8,CLOSED,20/1/2025 9:00
1119,208,2,43,20/1/2025,84,29/1/2025,31/1/2025,82,34.37,2887.08,2,8,CLOSED,20/1/2025 14:00
1120,208,2,114,20/1/2025,90,29/1/2025,31/1/2025,82,18.19,1637.1,0,8,CLOSED,20/1/2025 16:00
1121,208,2,38,20/1/2025,61,29/1/2025,31/1/2025,57,13.24,807.64,0,8,CLOSED,20/1/2025 16:00
1122,208,2,22,20/1/2025,20,29/1/2025,31/1/2025,19,3.91,78.2,5,8,CLOSED,20/1/2025 15:00
1123,208,2,144,20/1/2025,78,29/1/2025,31/1/2025,73,19.61,1529.58,0,8,CLOSED,20/1/2025 14:00
1124,208,2,77,20/1/2025,24,29/1/2025,31/1/2025,22,11.01,264.24,0,8,CLOSED,20/1/2025 13:00
1125,209,3,86,20/1/2025,35,3/2/2025,5/2/2025,32,2.57,89.95,0,8,RECEIVED,20/1/2025 10:00
1126,209,3,145,20/1/2025,57,3/2/2025,5/2/2025,52,1,57,0,8,RECEIVED,20/1/2025 9:00
1127,209,3,12,20/1/2025,100,3/2/2025,5/2/2025,98,4.83,483,0,8,RECEIVED,20/1/2025 15:00
1128,209,3,107,20/1/2025,65,3/2/2025,5/2/2025,60,11.46,744.9,5,8,RECEIVED,20/1/2025 16:00
1129,209,3,101,20/1/2025,75,3/2/2025,5/2/2025,71,13.76,1032,5,8,RECEIVED,20/1/2025 16:00
1130,209,3,34,20/1/2025,214,3/2/2025,5/2/2025,207,8.51,1821.14,0,8,RECEIVED,20/1/2025 14:00
1131,210,6,15,21/1/2025,43,27/1/2025,27/1/2025,39,15.59,670.37,0,8,RECEIVED,21/1/2025 13:00
1132,210,6,126,21/1/2025,89,27/1/2025,27/1/2025,86,16.57,1474.73,0,8,RECEIVED,21/1/2025 10:00
1133,210,6,139,21/1/2025,122,27/1/2025,27/1/2025,112,10.11,1233.42,0,8,RECEIVED,21/1/2025 13:00
1134,210,6,112,21/1/2025,102,27/1/2025,27/1/2025,98,15.48,1578.96,0,8,RECEIVED,21/1/2025 16:00
1135,210,6,91,21/1/2025,65,27/1/2025,27/1/2025,65,15.35,997.75,0,8,RECEIVED,21/1/2025 9:00
1136,210,6,36,21/1/2025,75,27/1/2025,27/1/2025,70,15.55,1166.25,5,8,RECEIVED,21/1/2025 13:00
1137,211,8,121,21/1/2025,47,28/1/2025,31/1/2025,44,5.2,244.4,2,8,RECEIVED,21/1/2025 9:00
1138,211,8,96,21/1/2025,121,28/1/2025,31/1/2025,115,2.12,256.52,3,8,RECEIVED,21/1/2025 10:00
1139,211,8,18,21/1/2025,62,28/1/2025,31/1/2025,62,5.05,313.1,5,8,RECEIVED,21/1/2025 14:00
1140,211,8,128,21/1/2025,116,28/1/2025,31/1/2025,115,8.76,1016.16,0,8,RECEIVED,21/1/2025 13:00
1141,212,4,48,21/1/2025,25,30/1/2025,2/2/2025,24,15.79,394.75,0,8,RECEIVED,21/1/2025 11:00
1142,212,4,68,21/1/2025,69,30/1/2025,2/2/2025,67,13.29,917.01,0,8,RECEIVED,21/1/2025 10:00
1143,212,4,6,21/1/2025,67,30/1/2025,2/2/2025,64,14.84,994.28,2,8,RECEIVED,21/1/2025 11:00
1144,212,4,106,21/1/2025,49,30/1/2025,2/2/2025,45,3.76,184.24,2,8,RECEIVED,21/1/2025 13:00
1145,212,4,4,21/1/2025,37,30/1/2025,2/2/2025,34,17.56,649.72,0,8,RECEIVED,21/1/2025 16:00
1146,212,4,45,21/1/2025,252,30/1/2025,2/2/2025,251,1.15,289.8,0,8,RECEIVED,21/1/2025 8:00
1147,212,4,93,21/1/2025,49,30/1/2025,2/2/2025,48,4.01,196.49,0,8,RECEIVED,21/1/2025 11:00
1148,212,4,37,21/1/2025,106,30/1/2025,2/2/2025,96,25.52,2705.12,0,8,RECEIVED,21/1/2025 11:00
1149,213,3,101,27/1/2025,72,6/2/2025,5/2/2025,66,13.94,1003.68,3,8,RECEIVED,27/1/2025 11:00
1150,213,3,80,27/1/2025,110,6/2/2025,5/2/2025,105,3.24,356.4,2,8,RECEIVED,27/1/2025 12:00
1151,213,3,23,27/1/2025,41,6/2/2025,5/2/2025,40,13.46,551.86,0,8,RECEIVED,27/1/2025 17:00
1152,213,3,86,27/1/2025,46,6/2/2025,5/2/2025,43,2.72,125.12,5,8,RECEIVED,27/1/2025 11:00
1153,213,3,10,27/1/2025,54,6/2/2025,5/2/2025,53,12.41,670.14,0,8,RECEIVED,27/1/2025 14:00
1154,213,3,12,27/1/2025,63,6/2/2025,5/2/2025,58,4.72,297.36,3,8,RECEIVED,27/1/2025 17:00
1155,214,6,95,27/1/2025,123,31/1/2025,1/2/2025,120,3.64,447.72,2,8,SENT,27/1/2025 15:00
1156,214,6,15,27/1/2025,98,31/1/2025,1/2/2025,90,16.28,1595.44,2,8,SENT,27/1/2025 16:00
1157,214,6,91,27/1/2025,76,31/1/2025,1/2/2025,72,15.28,1161.28,0,8,SENT,27/1/2025 15:00
1158,214,6,112,27/1/2025,70,31/1/2025,1/2/2025,68,15.43,1080.1,0,8,SENT,27/1/2025 8:00
1159,215,8,136,28/1/2025,112,11/2/2025,12/2/2025,112,5.29,592.48,0,8,CLOSED,28/1/2025 9:00
1160,215,8,146,28/1/2025,148,11/2/2025,12/2/2025,147,8.16,1207.68,2,8,CLOSED,28/1/2025 12:00
1161,215,8,117,28/1/2025,64,11/2/2025,12/2/2025,61,12.22,782.08,5,8,CLOSED,28/1/2025 13:00
1162,215,8,121,28/1/2025,109,11/2/2025,12/2/2025,99,5,545,2,8,CLOSED,28/1/2025 11:00
1163,215,8,118,28/1/2025,61,11/2/2025,12/2/2025,58,6.72,409.92,0,8,CLOSED,28/1/2025 8:00
1164,215,8,127,28/1/2025,100,11/2/2025,12/2/2025,96,12.52,1252,2,8,CLOSED,28/1/2025 10:00
1165,215,8,123,28/1/2025,47,11/2/2025,12/2/2025,43,23.91,1123.77,5,8,CLOSED,28/1/2025 10:00
1166,216,8,128,28/1/2025,51,6/2/2025,9/2/2025,50,8.32,424.32,0,8,RECEIVED,28/1/2025 16:00
1167,216,8,136,28/1/2025,98,6/2/2025,9/2/2025,95,5.47,536.06,0,8,RECEIVED,28/1/2025 14:00
1168,216,8,118,28/1/2025,126,6/2/2025,9/2/2025,124,6.6,831.6,0,8,RECEIVED,28/1/2025 9:00
1169,217,3,23,4/2/2025,28,7/2/2025,7/2/2025,27,13.7,383.6,2,8,CLOSED,4/2/2025 12:00
1170,217,3,61,4/2/2025,75,7/2/2025,7/2/2025,69,11.38,853.5,5,8,CLOSED,4/2/2025 10:00
1171,217,3,34,4/2/2025,102,7/2/2025,7/2/2025,97,8.38,854.76,0,8,CLOSED,4/2/2025 15:00
1172,217,3,81,4/2/2025,185,7/2/2025,7/2/2025,182,18.87,3490.95,0,8,CLOSED,4/2/2025 10:00
1173,217,3,141,4/2/2025,263,7/2/2025,7/2/2025,257,18.47,4857.61,2,8,CLOSED,4/2/2025 15:00
1174,218,3,12,4/2/2025,89,8/2/2025,9/2/2025,82,4.74,421.86,0,8,RECEIVED,4/2/2025 8:00
1175,218,3,107,4/2/2025,19,8/2/2025,9/2/2025,18,11.73,222.87,5,8,RECEIVED,4/2/2025 17:00
1176,218,3,23,4/2/2025,25,8/2/2025,9/2/2025,23,13.84,346,0,8,RECEIVED,4/2/2025 14:00
1177,218,3,145,4/2/2025,68,8/2/2025,9/2/2025,65,1.03,70.04,0,8,RECEIVED,4/2/2025 15:00
1178,218,3,61,4/2/2025,80,8/2/2025,9/2/2025,78,11.64,931.2,0,8,RECEIVED,4/2/2025 13:00
1179,218,3,103,4/2/2025,63,8/2/2025,9/2/2025,63,16.56,1043.28,0,8,RECEIVED,4/2/2025 14:00
1180,218,3,34,4/2/2025,150,8/2/2025,9/2/2025,144,8.78,1317,0,8,RECEIVED,4/2/2025 9:00
1181,219,8,118,11/2/2025,83,17/2/2025,18/2/2025,80,6.13,508.79,5,8,CLOSED,11/2/2025 13:00
1182,219,8,136,11/2/2025,32,17/2/2025,18/2/2025,31,5.74,183.68,5,8,CLOSED,11/2/2025 13:00
1183,219,8,78,11/2/2025,71,17/2/2025,18/2/2025,66,23.62,1677.02,5,8,CLOSED,11/2/2025 17:00
1184,219,8,1,11/2/2025,40,17/2/2025,18/2/2025,37,5.84,233.6,2,8,CLOSED,11/2/2025 9:00
1185,219,8,127,11/2/2025,64,17/2/2025,18/2/2025,59,12.44,796.16,0,8,CLOSED,11/2/2025 16:00
1186,219,8,18,11/2/2025,146,17/2/2025,18/2/2025,140,5.18,756.28,3,8,CLOSED,11/2/2025 8:00
1187,219,8,99,11/2/2025,47,17/2/2025,18/2/2025,45,14.58,685.26,5,8,CLOSED,11/2/2025 16:00
1188,219,8,117,11/2/2025,79,17/2/2025,18/2/2025,72,12.16,960.64,0,8,CLOSED,11/2/2025 15:00
1189,220,3,34,11/2/2025,288,15/2/2025,17/2/2025,270,8.2,2361.6,5,8,RECEIVED,11/2/2025 12:00
1190,220,3,145,11/2/2025,74,15/2/2025,17/2/2025,70,1.02,75.48,0,8,RECEIVED,11/2/2025 10:00
1191,220,3,23,11/2/2025,88,15/2/2025,17/2/2025,85,13.8,1214.4,5,8,RECEIVED,11/2/2025 13:00
1192,220,3,12,11/2/2025,43,15/2/2025,17/2/2025,43,4.88,209.84,3,8,RECEIVED,11/2/2025 9:00
1193,221,3,141,11/2/2025,80,17/2/2025,18/2/2025,73,19.39,1551.2,0,8,RECEIVED,11/2/2025 9:00
1194,221,3,145,11/2/2025,65,17/2/2025,18/2/2025,61,1.01,65.65,2,8,RECEIVED,11/2/2025 17:00
1195,221,3,81,11/2/2025,40,17/2/2025,18/2/2025,37,19.66,786.4,0,8,RECEIVED,11/2/2025 14:00
1196,221,3,101,11/2/2025,128,17/2/2025,18/2/2025,119,14.22,1820.16,5,8,RECEIVED,11/2/2025 10:00
1197,221,3,107,11/2/2025,60,17/2/2025,18/2/2025,58,11.32,679.2,0,8,RECEIVED,11/2/2025 14:00
1198,221,3,34,11/2/2025,53,17/2/2025,18/2/2025,51,8.35,442.55,0,8,RECEIVED,11/2/2025 12:00
1199,222,7,143,11/2/2025,79,24/2/2025,23/2/2025,74,9.7,766.3,0,8,SENT,11/2/2025 12:00
1200,222,7,21,11/2/2025,55,24/2/2025,23/2/2025,54,28.06,1543.3,5,8,SENT,11/2/2025 11:00
1201,222,7,53,11/2/2025,166,24/2/2025,23/2/2025,151,8.85,1469.1,2,8,SENT,11/2/2025 8:00
1202,222,7,44,11/2/2025,263,24/2/2025,23/2/2025,241,11.48,3019.24,5,8,SENT,11/2/2025 11:00
1203,222,7,102,11/2/2025,140,24/2/2025,23/2/2025,130,2.13,298.2,0,8,SENT,11/2/2025 8:00
1204,222,7,76,11/2/2025,37,24/2/2025,23/2/2025,35,25.04,926.48,5,8,SENT,11/2/2025 14:00
1205,223,2,43,17/2/2025,54,26/2/2025,28/2/2025,54,33.7,1819.8,3,8,RECEIVED,17/2/2025 14:00
1206,223,2,7,17/2/2025,64,26/2/2025,28/2/2025,58,19.32,1236.48,3,8,RECEIVED,17/2/2025 8:00
1207,223,2,98,17/2/2025,140,26/2/2025,28/2/2025,139,19.44,2721.6,5,8,RECEIVED,17/2/2025 10:00
1208,223,2,75,17/2/2025,93,26/2/2025,28/2/2025,85,11.62,1080.66,0,8,RECEIVED,17/2/2025 10:00
1209,223,2,50,17/2/2025,32,26/2/2025,28/2/2025,29,2.22,71.04,5,8,RECEIVED,17/2/2025 8:00
1210,223,2,119,17/2/2025,66,26/2/2025,28/2/2025,64,2.8,184.8,5,8,RECEIVED,17/2/2025 10:00
1211,223,2,59,17/2/2025,63,26/2/2025,28/2/2025,63,5.33,335.79,0,8,RECEIVED,17/2/2025 8:00
1212,223,2,144,17/2/2025,43,26/2/2025,28/2/2025,40,19.76,849.68,0,8,RECEIVED,17/2/2025 9:00
1213,224,5,69,18/2/2025,42,24/2/2025,26/2/2025,41,2.36,99.12,5,8,CLOSED,18/2/2025 9:00
1214,224,5,113,18/2/2025,59,24/2/2025,26/2/2025,56,8.7,513.3,2,8,CLOSED,18/2/2025 12:00
1215,224,5,72,18/2/2025,100,24/2/2025,26/2/2025,97,18.09,1809,0,8,CLOSED,18/2/2025 9:00
1216,224,5,40,18/2/2025,41,24/2/2025,26/2/2025,37,1.82,74.62,3,8,CLOSED,18/2/2025 11:00
1217,224,5,122,18/2/2025,17,24/2/2025,26/2/2025,16,17.84,303.28,2,8,CLOSED,18/2/2025 12:00
1218,224,5,46,18/2/2025,64,24/2/2025,26/2/2025,63,18.41,1178.24,2,8,CLOSED,18/2/2025 14:00
1219,224,5,26,18/2/2025,69,24/2/2025,26/2/2025,66,4.24,292.56,0,8,CLOSED,18/2/2025 16:00
1220,224,5,105,18/2/2025,43,24/2/2025,26/2/2025,40,7.52,323.36,2,8,CLOSED,18/2/2025 16:00
1221,225,10,140,18/2/2025,38,23/2/2025,26/2/2025,37,20.85,792.3,0,8,RECEIVED,18/2/2025 17:00
1222,225,10,16,18/2/2025,92,23/2/2025,26/2/2025,89,6.63,609.96,0,8,RECEIVED,18/2/2025 8:00
1223,225,10,110,18/2/2025,25,23/2/2025,26/2/2025,25,10.62,265.5,0,8,RECEIVED,18/2/2025 16:00
1224,225,10,120,18/2/2025,41,23/2/2025,26/2/2025,39,11.4,467.4,0,8,RECEIVED,18/2/2025 11:00
1225,225,10,132,18/2/2025,69,23/2/2025,26/2/2025,62,20.07,1384.83,0,8,RECEIVED,18/2/2025 16:00
1226,225,10,85,18/2/2025,71,23/2/2025,26/2/2025,65,14.21,1008.91,0,8,RECEIVED,18/2/2025 16:00
1227,225,10,82,18/2/2025,290,23/2/2025,26/2/2025,290,2.46,713.4,3,8,RECEIVED,18/2/2025 16:00
1228,226,2,11,25/2/2025,75,3/3/2025,3/3/2025,72,8.95,671.25,5,8,RECEIVED,25/2/2025 17:00
1229,226,2,59,25/2/2025,69,3/3/2025,3/3/2025,63,5.24,361.56,2,8,RECEIVED,25/2/2025 10:00
1230,226,2,144,25/2/2025,82,3/3/2025,3/3/2025,78,20.69,1696.58,5,8,RECEIVED,25/2/2025 14:00
1231,227,5,105,25/2/2025,39,10/3/2025,10/3/2025,36,7.58,295.62,2,8,RECEIVED,25/2/2025 8:00
1232,227,5,46,25/2/2025,194,10/3/2025,10/3/2025,179,18.58,3604.52,3,8,RECEIVED,25/2/2025 9:00
1233,227,5,33,25/2/2025,90,10/3/2025,10/3/2025,85,11.22,1009.8,0,8,RECEIVED,25/2/2025 13:00
1234,227,5,64,25/2/2025,31,10/3/2025,10/3/2025,30,31.42,974.02,0,8,RECEIVED,25/2/2025 12:00
1235,228,8,96,25/2/2025,98,11/3/2025,12/3/2025,94,1.99,195.02,3,8,SENT,25/2/2025 12:00
1236,228,8,118,25/2/2025,101,11/3/2025,12/3/2025,93,6.3,636.3,0,8,SENT,25/2/2025 8:00
1237,228,8,18,25/2/2025,53,11/3/2025,12/3/2025,51,4.91,260.23,2,8,SENT,25/2/2025 10:00
1238,228,8,136,25/2/2025,75,11/3/2025,12/3/2025,73,5.7,427.5,5,8,SENT,25/2/2025 16:00
1239,228,8,78,25/2/2025,66,11/3/2025,12/3/2025,64,23.61,1558.26,0,8,SENT,25/2/2025 12:00
1240,228,8,123,25/2/2025,16,11/3/2025,12/3/2025,16,24.16,386.56,5,8,SENT,25/2/2025 10:00
1241,229,3,81,3/3/2025,86,17/3/2025,18/3/2025,81,19.2,1651.2,2,8,RECEIVED,3/3/2025 16:00
1242,229,3,103,3/3/2025,56,17/3/2025,18/3/2025,52,15.93,892.08,5,8,RECEIVED,3/3/2025 11:00
1243,229,3,61,3/3/2025,59,17/3/2025,18/3/2025,57,11.04,651.36,0,8,RECEIVED,3/3/2025 14:00
1244,229,3,10,3/3/2025,60,17/3/2025,18/3/2025,59,12.6,756,0,8,RECEIVED,3/3/2025 11:00
1245,230,5,113,3/3/2025,56,14/3/2025,16/3/2025,51,8.43,472.08,5,8,RECEIVED,3/3/2025 16:00
1246,230,5,26,3/3/2025,123,14/3/2025,16/3/2025,112,4.21,517.83,0,8,RECEIVED,3/3/2025 8:00
1247,230,5,33,3/3/2025,74,14/3/2025,16/3/2025,72,11.69,865.06,0,8,RECEIVED,3/3/2025 16:00
1248,230,5,64,3/3/2025,53,14/3/2025,16/3/2025,51,32.92,1744.76,0,8,RECEIVED,3/3/2025 16:00
1249,231,5,33,4/3/2025,41,12/3/2025,11/3/2025,38,10.97,449.77,5,8,CLOSED,4/3/2025 11:00
1250,231,5,69,4/3/2025,89,12/3/2025,11/3/2025,88,2.48,220.72,0,8,CLOSED,4/3/2025 12:00
1251,231,5,40,4/3/2025,94,12/3/2025,11/3/2025,87,1.74,163.56,5,8,CLOSED,4/3/2025 17:00
1252,231,5,105,4/3/2025,70,12/3/2025,11/3/2025,65,7.23,506.1,5,8,CLOSED,4/3/2025 16:00
1253,232,10,140,4/3/2025,29,7/3/2025,8/3/2025,27,20.6,597.4,5,8,RECEIVED,4/3/2025 10:00
1254,232,10,110,4/3/2025,66,7/3/2025,8/3/2025,62,10.19,672.54,2,8,RECEIVED,4/3/2025 11:00
1255,232,10,85,4/3/2025,25,7/3/2025,8/3/2025,24,14.79,369.75,2,8,RECEIVED,4/3/2025 9:00
1256,233,5,40,11/3/2025,78,17/3/2025,19/3/2025,74,1.73,134.94,0,8,CLOSED,11/3/2025 9:00
1257,233,5,122,11/3/2025,71,17/3/2025,19/3/2025,69,16.91,1200.61,0,8,CLOSED,11/3/2025 13:00
1258,233,5,64,11/3/2025,57,17/3/2025,19/3/2025,54,32.11,1830.27,5,8,CLOSED,11/3/2025 11:00
1259,234,8,1,11/3/2025,50,14/3/2025,14/3/2025,47,5.62,281,5,8,RECEIVED,11/3/2025 10:00
1260,234,8,78,11/3/2025,56,14/3/2025,14/3/2025,55,24.32,1361.92,2,8,RECEIVED,11/3/2025 16:00
1261,234,8,118,11/3/2025,126,14/3/2025,14/3/2025,125,6.67,840.42,2,8,RECEIVED,11/3/2025 10:00
1262,234,8,136,11/3/2025,45,14/3/2025,14/3/2025,45,5.69,256.05,0,8,RECEIVED,11/3/2025 10:00
1263,234,8,117,11/3/2025,64,14/3/2025,14/3/2025,61,12.56,803.84,0,8,RECEIVED,11/3/2025 8:00
1264,235,3,81,17/3/2025,103,24/3/2025,25/3/2025,99,19.93,2052.79,0,8,CLOSED,17/3/2025 11:00
1265,235,3,103,17/3/2025,55,24/3/2025,25/3/2025,54,16.63,914.65,5,8,CLOSED,17/3/2025 11:00
1266,235,3,10,17/3/2025,74,24/3/2025,25/3/2025,68,12.69,939.06,0,8,CLOSED,17/3/2025 16:00
1267,235,3,145,17/3/2025,69,24/3/2025,25/3/2025,63,1.03,71.07,3,8,CLOSED,17/3/2025 10:00
1268,235,3,86,17/3/2025,44,24/3/2025,25/3/2025,40,2.67,117.48,0,8,CLOSED,17/3/2025 11:00
1269,236,5,26,17/3/2025,75,26/3/2025,29/3/2025,71,4.23,317.25,2,8,RECEIVED,17/3/2025 8:00
1270,236,5,113,17/3/2025,29,26/3/2025,29/3/2025,26,8.31,240.99,0,8,RECEIVED,17/3/2025 14:00
1271,236,5,46,17/3/2025,103,26/3/2025,29/3/2025,96,18.16,1870.48,0,8,RECEIVED,17/3/2025 8:00
1272,236,5,33,17/3/2025,26,26/3/2025,29/3/2025,25,11.21,291.46,0,8,RECEIVED,17/3/2025 15:00
1273,236,5,133,17/3/2025,55,26/3/2025,29/3/2025,54,8.82,485.1,0,8,RECEIVED,17/3/2025 12:00
1274,236,5,72,17/3/2025,82,26/3/2025,29/3/2025,77,17.97,1473.54,0,8,RECEIVED,17/3/2025 8:00
1275,237,6,89,18/3/2025,23,24/3/2025,25/3/2025,21,15.48,356.04,0,8,RECEIVED,18/3/2025 8:00
1276,237,6,139,18/3/2025,108,24/3/2025,25/3/2025,108,10.59,1143.72,0,8,RECEIVED,18/3/2025 11:00
1277,237,6,126,18/3/2025,154,24/3/2025,25/3/2025,153,16.59,2554.86,3,8,RECEIVED,18/3/2025 17:00
1278,237,6,112,18/3/2025,107,24/3/2025,25/3/2025,100,15.94,1705.58,0,8,RECEIVED,18/3/2025 16:00
1279,238,6,35,24/3/2025,72,4/4/2025,5/4/2025,65,14.1,1015.2,0,8,SENT,24/3/2025 14:00
1280,238,6,36,24/3/2025,39,4/4/2025,5/4/2025,38,16.31,636.09,3,8,SENT,24/3/2025 16:00
1281,238,6,91,24/3/2025,17,4/4/2025,5/4/2025,17,15.43,262.31,0,8,SENT,24/3/2025 10:00
1282,239,2,11,24/3/2025,119,28/3/2025,28/3/2025,112,8.94,1063.86,0,8,CLOSED,24/3/2025 8:00
1283,239,2,50,24/3/2025,28,28/3/2025,28/3/2025,27,2.19,61.32,0,8,CLOSED,24/3/2025 16:00
1284,239,2,98,24/3/2025,91,28/3/2025,28/3/2025,86,20.27,1844.57,0,8,CLOSED,24/3/2025 12:00
1285,239,2,119,24/3/2025,48,28/3/2025,28/3/2025,45,2.72,130.56,0,8,CLOSED,24/3/2025 10:00
1286,239,2,75,24/3/2025,48,28/3/2025,28/3/2025,43,11.1,532.8,0,8,CLOSED,24/3/2025 10:00
1287,239,2,62,24/3/2025,91,28/3/2025,28/3/2025,90,3.21,292.11,0,8,CLOSED,24/3/2025 11:00
1288,239,2,114,24/3/2025,46,28/3/2025,28/3/2025,44,17.51,805.46,0,8,CLOSED,24/3/2025 17:00
1289,240,5,33,24/3/2025,100,2/4/2025,5/4/2025,98,11.78,1178,0,8,RECEIVED,24/3/2025 12:00
1290,240,5,125,24/3/2025,29,2/4/2025,5/4/2025,27,5.5,159.5,5,8,RECEIVED,24/3/2025 17:00
1291,240,5,105,24/3/2025,33,2/4/2025,5/4/2025,32,7.51,247.83,5,8,RECEIVED,24/3/2025 12:00
1292,240,5,64,24/3/2025,50,2/4/2025,5/4/2025,48,32.74,1637,2,8,RECEIVED,24/3/2025 11:00
1293,240,5,40,24/3/2025,73,2/4/2025,5/4/2025,68,1.8,131.4,2,8,RECEIVED,24/3/2025 10:00
1294,241,9,115,25/3/2025,82,4/4/2025,4/4/2025,82,1.4,114.8,0,8,RECEIVED,25/3/2025 8:00
1295,241,9,63,25/3/2025,99,4/4/2025,4/4/2025,91,3.78,374.22,2,8,RECEIVED,25/3/2025 17:00
1296,241,9,58,25/3/2025,31,4/4/2025,4/4/2025,28,12.13,376.03,0,8,RECEIVED,25/3/2025 15:00
1297,241,9,24,25/3/2025,143,4/4/2025,4/4/2025,130,8.25,1179.75,5,8,RECEIVED,25/3/2025 8:00
1298,241,9,65,25/3/2025,27,4/4/2025,4/4/2025,25,13.17,355.59,0,8,RECEIVED,25/3/2025 8:00
1299,241,9,17,25/3/2025,31,4/4/2025,4/4/2025,29,9.53,295.43,0,8,RECEIVED,25/3/2025 17:00
1300,241,9,28,25/3/2025,43,4/4/2025,4/4/2025,42,0.86,36.98,0,8,RECEIVED,25/3/2025 16:00
1301,241,9,87,25/3/2025,63,4/4/2025,4/4/2025,62,1.14,71.82,0,8,RECEIVED,25/3/2025 15:00
1302,242,6,35,31/3/2025,20,3/4/2025,6/4/2025,18,13.64,272.8,3,8,RECEIVED,31/3/2025 14:00
1303,242,6,39,31/3/2025,38,3/4/2025,6/4/2025,34,1.51,57.38,0,8,RECEIVED,31/3/2025 14:00
1304,242,6,89,31/3/2025,48,3/4/2025,6/4/2025,44,15.34,736.32,0,8,RECEIVED,31/3/2025 14:00
1305,242,6,95,31/3/2025,121,3/4/2025,6/4/2025,120,3.88,469.48,0,8,RECEIVED,31/3/2025 15:00
1306,242,6,20,31/3/2025,53,3/4/2025,6/4/2025,53,12.62,668.86,0,8,RECEIVED,31/3/2025 13:00
1307,242,6,91,31/3/2025,24,3/4/2025,6/4/2025,23,15.35,368.4,0,8,RECEIVED,31/3/2025 8:00
1308,243,3,81,31/3/2025,113,5/4/2025,7/4/2025,106,18.71,2114.23,2,8,RECEIVED,31/3/2025 13:00
1309,243,3,101,31/3/2025,87,5/4/2025,7/4/2025,85,14.71,1279.77,0,8,RECEIVED,31/3/2025 8:00
1310,243,3,80,31/3/2025,284,5/4/2025,7/4/2025,282,3.15,894.6,5,8,RECEIVED,31/3/2025 10:00
1311,243,3,103,31/3/2025,60,5/4/2025,7/4/2025,55,15.96,957.6,2,8,RECEIVED,31/3/2025 9:00
1312,244,4,45,31/3/2025,182,9/4/2025,10/4/2025,176,1.12,203.84,5,8,RECEIVED,31/3/2025 13:00
1313,244,4,14,31/3/2025,55,9/4/2025,10/4/2025,54,16.14,887.7,0,8,RECEIVED,31/3/2025 14:00
1314,244,4,6,31/3/2025,73,9/4/2025,10/4/2025,70,15.36,1121.28,2,8,RECEIVED,31/3/2025 16:00
1315,244,4,48,31/3/2025,78,9/4/2025,10/4/2025,73,15.31,1194.18,2,8,RECEIVED,31/3/2025 16:00
1316,244,4,90,31/3/2025,43,9/4/2025,10/4/2025,42,12,516,0,8,RECEIVED,31/3/2025 11:00
1317,244,4,52,31/3/2025,280,9/4/2025,10/4/2025,252,15.3,4284,0,8,RECEIVED,31/3/2025 9:00
1318,245,8,117,1/4/2025,48,6/4/2025,9/4/2025,43,11.79,565.92,5,8,CLOSED,1/4/2025 10:00
1319,245,8,142,1/4/2025,82,6/4/2025,9/4/2025,80,3.17,259.94,2,8,CLOSED,1/4/2025 13:00
1320,245,8,78,1/4/2025,21,6/4/2025,9/4/2025,20,24.05,505.05,0,8,CLOSED,1/4/2025 15:00
1321,245,8,99,1/4/2025,143,6/4/2025,9/4/2025,137,14.69,2100.67,0,8,CLOSED,1/4/2025 13:00
1322,245,8,121,1/4/2025,38,6/4/2025,9/4/2025,35,4.85,184.3,3,8,CLOSED,1/4/2025 14:00
1323,246,4,68,1/4/2025,51,11/4/2025,13/4/2025,46,12.55,640.05,5,8,RECEIVED,1/4/2025 8:00
1324,246,4,14,1/4/2025,64,11/4/2025,13/4/2025,61,15.12,967.68,2,8,RECEIVED,1/4/2025 15:00
1325,246,4,90,1/4/2025,48,11/4/2025,13/4/2025,48,12.33,591.84,5,8,RECEIVED,1/4/2025 11:00
1326,246,4,45,1/4/2025,170,11/4/2025,13/4/2025,169,1.1,187,0,8,RECEIVED,1/4/2025 16:00
1327,247,9,115,7/4/2025,97,10/4/2025,10/4/2025,95,1.5,145.5,2,8,CLOSED,7/4/2025 15:00
1328,247,9,28,7/4/2025,120,10/4/2025,10/4/2025,116,0.89,106.8,2,8,CLOSED,7/4/2025 10:00
1329,247,9,63,7/4/2025,33,10/4/2025,10/4/2025,32,3.97,131.01,0,8,CLOSED,7/4/2025 12:00
1330,247,9,88,7/4/2025,16,10/4/2025,10/4/2025,15,22.5,360,0,8,CLOSED,7/4/2025 8:00
1331,248,2,137,7/4/2025,45,19/4/2025,18/4/2025,43,6.52,293.4,0,8,RECEIVED,7/4/2025 9:00
1332,248,2,38,7/4/2025,92,19/4/2025,18/4/2025,88,13.79,1268.68,2,8,RECEIVED,7/4/2025 8:00
1333,248,2,22,7/4/2025,21,19/4/2025,18/4/2025,20,4.26,89.46,0,8,RECEIVED,7/4/2025 13:00
1334,248,2,50,7/4/2025,116,19/4/2025,18/4/2025,108,2.15,249.4,0,8,RECEIVED,7/4/2025 13:00
1335,249,6,89,7/4/2025,95,18/4/2025,18/4/2025,94,14.41,1368.95,0,8,RECEIVED,7/4/2025 10:00
1336,249,6,35,7/4/2025,74,18/4/2025,18/4/2025,67,14.1,1043.4,5,8,RECEIVED,7/4/2025 11:00
1337,249,6,20,7/4/2025,149,18/4/2025,18/4/2025,137,13.22,1969.78,0,8,RECEIVED,7/4/2025 10:00
1338,249,6,139,7/4/2025,98,18/4/2025,18/4/2025,93,10.43,1022.14,5,8,RECEIVED,7/4/2025 16:00
1339,249,6,36,7/4/2025,156,18/4/2025,18/4/2025,152,16.25,2535,0,8,RECEIVED,7/4/2025 13:00
1340,249,6,95,7/4/2025,70,18/4/2025,18/4/2025,66,3.89,272.3,2,8,RECEIVED,7/4/2025 8:00
1341,249,6,39,7/4/2025,69,18/4/2025,18/4/2025,64,1.63,112.47,3,8,RECEIVED,7/4/2025 9:00
1342,249,6,15,7/4/2025,59,18/4/2025,18/4/2025,56,17.17,1013.03,0,8,RECEIVED,7/4/2025 8:00
1343,250,4,90,8/4/2025,50,16/4/2025,16/4/2025,48,12.15,607.5,0,8,RECEIVED,8/4/2025 10:00
1344,250,4,6,8/4/2025,78,16/4/2025,16/4/2025,72,15.26,1190.28,0,8,RECEIVED,8/4/2025 15:00
1345,250,4,68,8/4/2025,32,16/4/2025,16/4/2025,32,13.75,440,2,8,RECEIVED,8/4/2025 8:00
1346,250,4,93,8/4/2025,66,16/4/2025,16/4/2025,65,4.04,266.64,3,8,RECEIVED,8/4/2025 10:00
1347,250,4,37,8/4/2025,38,16/4/2025,16/4/2025,36,25.34,962.92,0,8,RECEIVED,8/4/2025 13:00
1348,251,8,123,14/4/2025,28,28/4/2025,28/4/2025,28,23.22,650.16,0,8,SENT,14/4/2025 17:00
1349,251,8,121,14/4/2025,71,28/4/2025,28/4/2025,65,5.24,372.04,0,8,SENT,14/4/2025 14:00
1350,251,8,99,14/4/2025,147,28/4/2025,28/4/2025,134,15.15,2227.05,0,8,SENT,14/4/2025 13:00
1351,251,8,128,14/4/2025,93,28/4/2025,28/4/2025,91,8.5,790.5,3,8,SENT,14/4/2025 15:00
1352,251,8,1,14/4/2025,47,28/4/2025,28/4/2025,45,5.36,251.92,5,8,SENT,14/4/2025 9:00
1353,251,8,127,14/4/2025,65,28/4/2025,28/4/2025,60,13.17,856.05,0,8,SENT,14/4/2025 14:00
1354,252,2,75,15/4/2025,38,22/4/2025,24/4/2025,37,11.2,425.6,0,8,RECEIVED,15/4/2025 17:00
1355,252,2,119,15/4/2025,68,22/4/2025,24/4/2025,62,2.87,195.16,2,8,RECEIVED,15/4/2025 15:00
1356,252,2,50,15/4/2025,47,22/4/2025,24/4/2025,43,2.25,105.75,5,8,RECEIVED,15/4/2025 14:00
1357,252,2,137,15/4/2025,54,22/4/2025,24/4/2025,50,6.62,357.48,0,8,RECEIVED,15/4/2025 9:00
1358,252,2,11,15/4/2025,90,22/4/2025,24/4/2025,85,8.97,807.3,5,8,RECEIVED,15/4/2025 15:00
1359,253,7,51,15/4/2025,73,23/4/2025,24/4/2025,69,14.23,1038.79,0,8,RECEIVED,15/4/2025 14:00
1360,253,7,76,15/4/2025,60,23/4/2025,24/4/2025,59,24.35,1461,0,8,RECEIVED,15/4/2025 16:00
1361,253,7,44,15/4/2025,269,23/4/2025,24/4/2025,266,11.32,3045.08,5,8,RECEIVED,15/4/2025 17:00
1362,253,7,21,15/4/2025,49,23/4/2025,24/4/2025,45,28.31,1387.19,5,8,RECEIVED,15/4/2025 13:00
1363,253,7,19,15/4/2025,32,23/4/2025,24/4/2025,29,6.55,209.6,0,8,RECEIVED,15/4/2025 15:00
1364,253,7,143,15/4/2025,55,23/4/2025,24/4/2025,50,9.68,532.4,2,8,RECEIVED,15/4/2025 12:00
1365,253,7,53,15/4/2025,173,23/4/2025,24/4/2025,168,9.48,1640.04,0,8,RECEIVED,15/4/2025 15:00
1366,254,3,12,15/4/2025,88,24/4/2025,24/4/2025,88,4.69,412.72,0,8,RECEIVED,15/4/2025 8:00
1367,254,3,10,15/4/2025,58,24/4/2025,24/4/2025,57,12.43,720.94,0,8,RECEIVED,15/4/2025 15:00
1368,254,3,34,15/4/2025,232,24/4/2025,24/4/2025,232,8.31,1927.92,0,8,RECEIVED,15/4/2025 13:00
1369,254,3,107,15/4/2025,89,24/4/2025,24/4/2025,84,11.75,1045.75,0,8,RECEIVED,15/4/2025 9:00
1370,254,3,81,15/4/2025,85,24/4/2025,24/4/2025,80,19.23,1634.55,3,8,RECEIVED,15/4/2025 17:00
1371,254,3,23,15/4/2025,40,24/4/2025,24/4/2025,38,13.65,546,5,8,RECEIVED,15/4/2025 14:00
1372,254,3,61,15/4/2025,56,24/4/2025,24/4/2025,54,12.02,673.12,0,8,RECEIVED,15/4/2025 9:00
1373,255,10,57,21/4/2025,45,3/5/2025,5/5/2025,43,24.92,1121.4,0,8,RECEIVED,21/4/2025 12:00
1374,255,10,120,21/4/2025,73,3/5/2025,5/5/2025,67,11.21,818.33,3,8,RECEIVED,21/4/2025 14:00
1375,255,10,16,21/4/2025,69,3/5/2025,5/5/2025,63,6.89,475.41,0,8,RECEIVED,21/4/2025 13:00
1376,256,5,72,21/4/2025,73,2/5/2025,3/5/2025,71,17.42,1271.66,2,8,RECEIVED,21/4/2025 8:00
1377,256,5,122,21/4/2025,16,2/5/2025,3/5/2025,14,17.5,280,3,8,RECEIVED,21/4/2025 17:00
1378,256,5,133,21/4/2025,60,2/5/2025,3/5/2025,56,9.61,576.6,2,8,RECEIVED,21/4/2025 11:00
1379,256,5,26,21/4/2025,106,2/5/2025,3/5/2025,106,4.28,453.68,5,8,RECEIVED,21/4/2025 14:00
1380,256,5,69,21/4/2025,26,2/5/2025,3/5/2025,25,2.41,62.66,0,8,RECEIVED,21/4/2025 14:00
1381,256,5,46,21/4/2025,84,2/5/2025,3/5/2025,79,18.67,1568.28,0,8,RECEIVED,21/4/2025 14:00
1382,257,2,41,22/4/2025,43,3/5/2025,3/5/2025,39,8.97,385.71,3,8,RECEIVED,22/4/2025 10:00
1383,257,2,129,22/4/2025,47,3/5/2025,3/5/2025,45,16.66,783.02,0,8,RECEIVED,22/4/2025 17:00
1384,257,2,38,22/4/2025,68,3/5/2025,3/5/2025,61,14.02,953.36,2,8,RECEIVED,22/4/2025 13:00
1385,257,2,98,22/4/2025,55,3/5/2025,3/5/2025,51,20.62,1134.1,0,8,RECEIVED,22/4/2025 11:00
1386,257,2,114,22/4/2025,88,3/5/2025,3/5/2025,87,18.85,1658.8,2,8,RECEIVED,22/4/2025 12:00
1387,257,2,119,22/4/2025,26,3/5/2025,3/5/2025,24,2.9,75.4,5,8,RECEIVED,22/4/2025 8:00
1388,257,2,75,22/4/2025,94,3/5/2025,3/5/2025,93,10.96,1030.24,3,8,RECEIVED,22/4/2025 9:00
1389,257,2,144,22/4/2025,45,3/5/2025,3/5/2025,41,19.34,870.3,0,8,RECEIVED,22/4/2025 9:00
1390,258,8,146,22/4/2025,111,25/4/2025,27/4/2025,108,8.34,925.74,0,8,RECEIVED,22/4/2025 15:00
1391,258,8,96,22/4/2025,139,25/4/2025,27/4/2025,127,1.98,275.22,0,8,RECEIVED,22/4/2025 17:00
1392,258,8,118,22/4/2025,115,25/4/2025,27/4/2025,110,6.15,707.25,0,8,RECEIVED,22/4/2025 13:00
1393,258,8,18,22/4/2025,99,25/4/2025,27/4/2025,99,5.05,499.95,0,8,RECEIVED,22/4/2025 10:00
1394,258,8,121,22/4/2025,86,25/4/2025,27/4/2025,84,5.28,454.08,0,8,RECEIVED,22/4/2025 17:00
1395,259,8,123,28/4/2025,56,4/5/2025,5/5/2025,51,22.73,1272.88,5,8,RECEIVED,28/4/2025 10:00
1396,259,8,146,28/4/2025,127,4/5/2025,5/5/2025,118,8.2,1041.4,0,8,RECEIVED,28/4/2025 13:00
1397,259,8,78,28/4/2025,52,4/5/2025,5/5/2025,49,24.39,1268.28,2,8,RECEIVED,28/4/2025 16:00
1398,260,5,64,29/4/2025,60,8/5/2025,7/5/2025,59,31.61,1896.6,5,8,SENT,29/4/2025 15:00
1399,260,5,40,29/4/2025,89,8/5/2025,7/5/2025,86,1.86,165.54,2,8,SENT,29/4/2025 17:00
1400,260,5,46,29/4/2025,109,8/5/2025,7/5/2025,105,19.62,2138.58,3,8,SENT,29/4/2025 9:00
1401,260,5,133,29/4/2025,97,8/5/2025,7/5/2025,95,9.08,880.76,0,8,SENT,29/4/2025 17:00
1402,261,9,17,29/4/2025,18,6/5/2025,9/5/2025,17,9.56,172.08,0,8,SENT,29/4/2025 14:00
1403,261,9,65,29/4/2025,38,6/5/2025,9/5/2025,35,13.63,517.94,0,8,SENT,29/4/2025 11:00
1404,261,9,24,29/4/2025,135,6/5/2025,9/5/2025,122,8.12,1096.2,0,8,SENT,29/4/2025 9:00
1405,261,9,8,29/4/2025,16,6/5/2025,9/5/2025,15,8.09,129.44,0,8,SENT,29/4/2025 13:00
1406,261,9,87,29/4/2025,47,6/5/2025,9/5/2025,45,1.19,55.93,0,8,SENT,29/4/2025 11:00
1407,261,9,55,29/4/2025,23,6/5/2025,9/5/2025,21,25.01,575.23,3,8,SENT,29/4/2025 11:00
1408,261,9,115,29/4/2025,87,6/5/2025,9/5/2025,80,1.41,122.67,3,8,SENT,29/4/2025 12:00
1409,261,9,28,29/4/2025,195,6/5/2025,9/5/2025,178,0.94,183.3,5,8,SENT,29/4/2025 9:00
1410,262,1,71,5/5/2025,68,8/5/2025,10/5/2025,62,18.97,1289.96,3,8,CLOSED,5/5/2025 13:00
1411,262,1,83,5/5/2025,47,8/5/2025,10/5/2025,44,14.76,693.72,0,8,CLOSED,5/5/2025 8:00
1412,262,1,130,5/5/2025,15,8/5/2025,10/5/2025,15,19.49,292.35,2,8,CLOSED,5/5/2025 8:00
1413,262,1,148,5/5/2025,307,8/5/2025,10/5/2025,293,1.67,512.69,0,8,CLOSED,5/5/2025 8:00
1414,262,1,70,5/5/2025,74,8/5/2025,10/5/2025,70,20.41,1510.34,2,8,CLOSED,5/5/2025 12:00
1415,262,1,138,5/5/2025,27,8/5/2025,10/5/2025,25,33.23,897.21,0,8,CLOSED,5/5/2025 16:00
1416,262,1,49,5/5/2025,273,8/5/2025,10/5/2025,254,4.61,1258.53,2,8,CLOSED,5/5/2025 12:00
1417,262,1,74,5/5/2025,156,8/5/2025,10/5/2025,148,6.04,942.24,0,8,CLOSED,5/5/2025 13:00
1418,263,5,26,6/5/2025,61,9/5/2025,9/5/2025,56,4.28,261.08,0,8,RECEIVED,6/5/2025 16:00
1419,263,5,46,6/5/2025,41,9/5/2025,9/5/2025,41,19.72,808.52,0,8,RECEIVED,6/5/2025 8:00
1420,263,5,133,6/5/2025,34,9/5/2025,9/5/2025,31,9.01,306.34,0,8,RECEIVED,6/5/2025 13:00
1421,264,6,39,12/5/2025,46,20/5/2025,20/5/2025,44,1.55,71.3,0,8,SENT,12/5/2025 17:00
1422,264,6,35,12/5/2025,76,20/5/2025,20/5/2025,76,14.14,1074.64,0,8,SENT,12/5/2025 13:00
1423,264,6,126,12/5/2025,163,20/5/2025,20/5/2025,159,16.85,2746.55,0,8,SENT,12/5/2025 12:00
1424,264,6,95,12/5/2025,128,20/5/2025,20/5/2025,115,3.6,460.8,3,8,SENT,12/5/2025 11:00
1425,264,6,15,12/5/2025,72,20/5/2025,20/5/2025,68,16.68,1200.96,0,8,SENT,12/5/2025 15:00
1426,264,6,20,12/5/2025,39,20/5/2025,20/5/2025,38,12.61,491.79,5,8,SENT,12/5/2025 11:00
1427,265,1,49,13/5/2025,239,24/5/2025,27/5/2025,219,4.56,1089.84,0,8,RECEIVED,13/5/2025 11:00
1428,265,1,73,13/5/2025,33,24/5/2025,27/5/2025,31,11.1,366.3,3,8,RECEIVED,13/5/2025 16:00
1429,265,1,30,13/5/2025,45,24/5/2025,27/5/2025,44,7.61,342.45,0,8,RECEIVED,13/5/2025 14:00
1430,265,1,70,13/5/2025,101,24/5/2025,27/5/2025,98,20.65,2085.65,3,8,RECEIVED,13/5/2025 9:00
1431,265,1,148,13/5/2025,96,24/5/2025,27/5/2025,91,1.6,153.6,0,8,RECEIVED,13/5/2025 11:00
1432,265,1,79,13/5/2025,44,24/5/2025,27/5/2025,44,5.58,245.52,0,8,RECEIVED,13/5/2025 15:00
1433,266,3,80,13/5/2025,176,22/5/2025,22/5/2025,167,3.11,547.36,0,8,RECEIVED,13/5/2025 13:00
1434,266,3,61,13/5/2025,42,22/5/2025,22/5/2025,38,11.38,477.96,2,8,RECEIVED,13/5/2025 11:00
1435,266,3,12,13/5/2025,52,22/5/2025,22/5/2025,48,4.6,239.2,0,8,RECEIVED,13/5/2025 16:00
1436,266,3,101,13/5/2025,146,22/5/2025,22/5/2025,139,13.85,2022.1,0,8,RECEIVED,13/5/2025 11:00
1437,266,3,107,13/5/2025,34,22/5/2025,22/5/2025,31,10.72,364.48,0,8,RECEIVED,13/5/2025 17:00
1438,266,3,145,13/5/2025,54,22/5/2025,22/5/2025,50,0.98,52.92,0,8,RECEIVED,13/5/2025 11:00
1439,267,7,102,13/5/2025,127,19/5/2025,19/5/2025,122,2.13,270.51,0,8,RECEIVED,13/5/2025 10:00
1440,267,7,51,13/5/2025,84,19/5/2025,19/5/2025,83,14.35,1205.4,5,8,RECEIVED,13/5/2025 12:00
1441,267,7,143,13/5/2025,45,19/5/2025,19/5/2025,41,9.42,423.9,0,8,RECEIVED,13/5/2025 10:00
1442,267,7,19,13/5/2025,76,19/5/2025,19/5/2025,75,6.34,481.84,0,8,RECEIVED,13/5/2025 15:00
1443,267,7,21,13/5/2025,37,19/5/2025,19/5/2025,35,26.95,997.15,0,8,RECEIVED,13/5/2025 9:00
1444,267,7,44,13/5/2025,102,19/5/2025,19/5/2025,99,12.08,1232.16,3,8,RECEIVED,13/5/2025 13:00
1445,267,7,76,13/5/2025,75,19/5/2025,19/5/2025,72,24.15,1811.25,0,8,RECEIVED,13/5/2025 15:00
1446,267,7,53,13/5/2025,68,19/5/2025,19/5/2025,62,8.6,584.8,5,8,RECEIVED,13/5/2025 12:00
1447,268,7,44,19/5/2025,125,29/5/2025,31/5/2025,117,11.1,1387.5,0,8,RECEIVED,19/5/2025 12:00
1448,268,7,102,19/5/2025,127,29/5/2025,31/5/2025,119,2.08,264.16,5,8,RECEIVED,19/5/2025 17:00
1449,268,7,21,19/5/2025,40,29/5/2025,31/5/2025,36,28.37,1134.8,5,8,RECEIVED,19/5/2025 8:00
1450,268,7,19,19/5/2025,51,29/5/2025,31/5/2025,51,6.81,347.31,5,8,RECEIVED,19/5/2025 10:00
1451,268,7,53,19/5/2025,131,29/5/2025,31/5/2025,124,8.81,1154.11,5,8,RECEIVED,19/5/2025 14:00
1452,268,7,76,19/5/2025,61,29/5/2025,31/5/2025,56,23.19,1414.59,2,8,RECEIVED,19/5/2025 9:00
1453,268,7,143,19/5/2025,50,29/5/2025,31/5/2025,49,9.42,471,2,8,RECEIVED,19/5/2025 16:00
1454,269,4,48,19/5/2025,136,31/5/2025,3/6/2025,130,15.63,2125.68,0,8,RECEIVED,19/5/2025 12:00
1455,269,4,106,19/5/2025,68,31/5/2025,3/6/2025,68,3.68,250.24,5,8,RECEIVED,19/5/2025 10:00
1456,269,4,52,19/5/2025,186,31/5/2025,3/6/2025,180,15.25,2836.5,0,8,RECEIVED,19/5/2025 17:00
1457,269,4,90,19/5/2025,35,31/5/2025,3/6/2025,33,12.07,422.45,0,8,RECEIVED,19/5/2025 8:00
1458,269,4,14,19/5/2025,136,31/5/2025,3/6/2025,123,15.55,2114.8,3,8,RECEIVED,19/5/2025 9:00
1459,269,4,68,19/5/2025,21,31/5/2025,3/6/2025,20,12.48,262.08,0,8,RECEIVED,19/5/2025 8:00
1460,269,4,6,19/5/2025,26,31/5/2025,3/6/2025,24,15.07,391.82,0,8,RECEIVED,19/5/2025 16:00
1461,269,4,4,19/5/2025,91,31/5/2025,3/6/2025,83,16.59,1509.69,0,8,RECEIVED,19/5/2025 10:00
1462,270,5,72,19/5/2025,90,25/5/2025,24/5/2025,85,19.19,1727.1,0,8,CLOSED,19/5/2025 12:00
1463,270,5,113,19/5/2025,29,25/5/2025,24/5/2025,28,8.15,236.35,2,8,CLOSED,19/5/2025 13:00
1464,270,5,33,19/5/2025,94,25/5/2025,24/5/2025,86,11.72,1101.68,0,8,CLOSED,19/5/2025 10:00
1465,270,5,64,19/5/2025,36,25/5/2025,24/5/2025,34,31.92,1149.12,0,8,CLOSED,19/5/2025 12:00
1466,271,1,73,20/5/2025,32,3/6/2025,4/6/2025,29,11.07,354.24,2,8,SENT,20/5/2025 14:00
1467,271,1,74,20/5/2025,158,3/6/2025,4/6/2025,155,5.68,897.44,3,8,SENT,20/5/2025 8:00
1468,271,1,32,20/5/2025,73,3/6/2025,4/6/2025,67,18.08,1319.84,0,8,SENT,20/5/2025 17:00
1469,271,1,71,20/5/2025,53,3/6/2025,4/6/2025,50,19.61,1039.33,3,8,SENT,20/5/2025 16:00
1470,271,1,84,20/5/2025,87,3/6/2025,4/6/2025,85,15.67,1363.29,3,8,SENT,20/5/2025 17:00
1471,271,1,30,20/5/2025,57,3/6/2025,4/6/2025,56,7.51,428.07,2,8,SENT,20/5/2025 10:00
1472,271,1,130,20/5/2025,66,3/6/2025,4/6/2025,60,20.26,1337.16,2,8,SENT,20/5/2025 16:00
1473,271,1,148,20/5/2025,184,3/6/2025,4/6/2025,181,1.73,318.32,0,8,SENT,20/5/2025 8:00
1474,272,2,38,20/5/2025,86,23/5/2025,22/5/2025,85,13.21,1136.06,5,8,SENT,20/5/2025 15:00
1475,272,2,75,20/5/2025,48,23/5/2025,22/5/2025,47,11.08,531.84,5,8,SENT,20/5/2025 10:00
1476,272,2,144,20/5/2025,72,23/5/2025,22/5/2025,70,20.06,1444.32,5,8,SENT,20/5/2025 8:00
1477,272,2,67,20/5/2025,41,23/5/2025,22/5/2025,38,16.01,656.41,0,8,SENT,20/5/2025 9:00
1478,272,2,119,20/5/2025,36,23/5/2025,22/5/2025,34,2.64,95.04,3,8,SENT,20/5/2025 9:00
1479,272,2,59,20/5/2025,81,23/5/2025,22/5/2025,73,5.15,417.15,0,8,SENT,20/5/2025 9:00
1480,272,2,77,20/5/2025,80,23/5/2025,22/5/2025,75,10.91,872.8,3,8,SENT,20/5/2025 15:00
1481,272,2,43,20/5/2025,35,23/5/2025,22/5/2025,33,31.57,1104.95,0,8,SENT,20/5/2025 12:00
1482,273,9,28,26/5/2025,77,8/6/2025,10/6/2025,71,0.91,70.07,0,8,SENT,26/5/2025 10:00
1483,273,9,87,26/5/2025,50,8/6/2025,10/6/2025,50,1.15,57.5,5,8,SENT,26/5/2025 16:00
1484,273,9,55,26/5/2025,40,8/6/2025,10/6/2025,40,25.24,1009.6,0,8,SENT,26/5/2025 12:00
1485,273,9,88,26/5/2025,52,8/6/2025,10/6/2025,51,21.9,1138.8,3,8,SENT,26/5/2025 15:00
1486,274,9,63,26/5/2025,50,4/6/2025,4/6/2025,48,3.72,186,0,8,RECEIVED,26/5/2025 8:00
1487,274,9,131,26/5/2025,129,4/6/2025,4/6/2025,122,5.84,753.36,0,8,RECEIVED,26/5/2025 10:00
1488,274,9,17,26/5/2025,74,4/6/2025,4/6/2025,73,9.9,732.6,0,8,RECEIVED,26/5/2025 10:00
1489,274,9,65,26/5/2025,60,4/6/2025,4/6/2025,57,14.33,859.8,0,8,RECEIVED,26/5/2025 13:00
1490,274,9,115,26/5/2025,87,4/6/2025,4/6/2025,82,1.39,120.93,5,8,RECEIVED,26/5/2025 10:00
1491,275,2,144,27/5/2025,95,3/6/2025,5/6/2025,91,19.18,1822.1,5,8,RECEIVED,27/5/2025 16:00
1492,275,2,75,27/5/2025,113,3/6/2025,5/6/2025,105,11.63,1314.19,3,8,RECEIVED,27/5/2025 17:00
1493,275,2,116,27/5/2025,83,3/6/2025,5/6/2025,80,4.36,361.88,0,8,RECEIVED,27/5/2025 8:00
1494,275,2,41,27/5/2025,27,3/6/2025,5/6/2025,27,9.11,245.97,0,8,RECEIVED,27/5/2025 9:00
1495,275,2,119,27/5/2025,108,3/6/2025,5/6/2025,107,2.77,299.16,0,8,RECEIVED,27/5/2025 11:00
1496,275,2,98,27/5/2025,46,3/6/2025,5/6/2025,46,19.18,882.28,2,8,RECEIVED,27/5/2025 14:00
1497,275,2,114,27/5/2025,36,3/6/2025,5/6/2025,33,17.97,646.92,0,8,RECEIVED,27/5/2025 9:00
1498,275,2,137,27/5/2025,76,3/6/2025,5/6/2025,74,6.91,525.16,0,8,RECEIVED,27/5/2025 10:00
1499,276,2,116,27/5/2025,68,1/6/2025,4/6/2025,63,4.22,286.96,5,8,SENT,27/5/2025 12:00
1500,276,2,98,27/5/2025,61,1/6/2025,4/6/2025,56,19.24,1173.64,0,8,SENT,27/5/2025 14:00
